"BUILDING_ADDRESS_KEY","BUILDING_KEY","ADDRESS_PURPOSE","ADDRESS_CITY_ID","IS_E911_ADDRESS","STREET_NUMBER","STREET_NUMBER_SUFFIX","PRE_DIRECTIONAL","STREET_NAME","STREET_SUFFIX","POST_DIRECTIONAL","CITY","STATE","POSTAL_CODE","WAREHOUSE_LOAD_DATE"
"W53E-MAIL","W53E","MAIL","708","","77","","","MASSACHUSETTS","AVE","","CAMBRIDGE","MA","02139",28-OCT-24
"W53E-STREET","W53E","STREET","","","410","","","MEMORIAL","DR","(Rear)","CAMBRIDGE","MA","02139",28-OCT-24
"W53F-E911_1","W53F","E911_1","31046","","410","R","","MEMORIAL","DR","","CAMBRIDGE","MA","02139",28-OCT-24
"W53F-MAIL","W53F","MAIL","708","","77","","","MASSACHUSETTS","AVE","","CAMBRIDGE","MA","02139",28-OCT-24
"W53F-STREET","W53F","STREET","","","410","","","MEMORIAL","DR","(Rear)","CAMBRIDGE","MA","02139",28-OCT-24
"W53G-E911_1","W53G","E911_1","31046","","410","R","","MEMORIAL","DR","","CAMBRIDGE","MA","02139",28-OCT-24
"W53G-MAIL","W53G","MAIL","708","","77","","","MASSACHUSETTS","AVE","","CAMBRIDGE","MA","02139",28-OCT-24
"W53G-STREET","W53G","STREET","","","410","","","MEMORIAL","DR","(Rear)","CAMBRIDGE","MA","02139",28-OCT-24
"W55-E911_1","W55","E911_1","","","130","","","VASSAR","ST","","CAMBRIDGE","MA","02139",28-OCT-24
"W55-MAIL","W55","MAIL","708","","77","","","MASSACHUSETTS","AVE","","CAMBRIDGE","MA","02139",28-OCT-24
"W55-STREET","W55","STREET","","","130","","","VASSAR","ST","","CAMBRIDGE","MA","02139",28-OCT-24
"W59-E911_1","W59","E911_1","630","","201","","","VASSAR","ST","","CAMBRIDGE","MA","02139",28-OCT-24
"W59-MAIL","W59","MAIL","708","","77","","","MASSACHUSETTS","AVE","","CAMBRIDGE","MA","02139",28-OCT-24
"W59-PARCL1","W59","PARCL1","","","VAS201","","","","","","","","02139",28-OCT-24
"W59-STREET","W59","STREET","630","","201","","","VASSAR","ST","","CAMBRIDGE","MA","02139",28-OCT-24
"W61-E911_1","W61","E911_1","44","","450","","","MEMORIAL","DR","","CAMBRIDGE","MA","02139",28-OCT-24
"W61-MAIL","W61","MAIL","44","","450","","","MEMORIAL","DR","","CAMBRIDGE","MA","02139",28-OCT-24
"W61-PARCL1","W61","PARCL1","","","MEM430","","","","","","","","02139",28-OCT-24
"W61-STREET","W61","STREET","44","","450","","","MEMORIAL","DR","","CAMBRIDGE","MA","02139",28-OCT-24
"W61A-E911_1","W61A","E911_1","44","","450","","","MEMORIAL","DR","","CAMBRIDGE","MA","02139",28-OCT-24
"W61A-STREET","W61A","STREET","44","","450","","","MEMORIAL","DR","","CAMBRIDGE","MA","02139",28-OCT-24
"W61B-E911_1","W61B","E911_1","44","","450","","","MEMORIAL","DR","","CAMBRIDGE","MA","02139",28-OCT-24
"W61B-STREET","W61B","STREET","44","","450","","","MEMORIAL","DR","","CAMBRIDGE","MA","02139",28-OCT-24
"W61C-E911_1","W61C","E911_1","44","","450","","","MEMORIAL","DR","","CAMBRIDGE","MA","02139",28-OCT-24
"W61C-STREET","W61C","STREET","44","","450","","","MEMORIAL","DR","","CAMBRIDGE","MA","02139",28-OCT-24
"W61D-E911_1","W61D","E911_1","44","","450","","","MEMORIAL","DR","","CAMBRIDGE","MA","02139",28-OCT-24
"W61D-STREET","W61D","STREET","44","","450","","","MEMORIAL","DR","","CAMBRIDGE","MA","02139",28-OCT-24
"W61E-E911_1","W61E","E911_1","44","","450","","","MEMORIAL","DR","","CAMBRIDGE","MA","02139",28-OCT-24
"W61E-STREET","W61E","STREET","44","","450","","","MEMORIAL","DR","","CAMBRIDGE","MA","02139",28-OCT-24
"W61F-E911_1","W61F","E911_1","44","","450","","","MEMORIAL","DR","","CAMBRIDGE","MA","02139",28-OCT-24
"W61F-STREET","W61F","STREET","44","","450","","","MEMORIAL","DR","","CAMBRIDGE","MA","02139",28-OCT-24
"W61G-E911_1","W61G","E911_1","44","","450","","","MEMORIAL","DR","","CAMBRIDGE","MA","02139",28-OCT-24
"W61G-STREET","W61G","STREET","44","","450","","","MEMORIAL","DR","","CAMBRIDGE","MA","02139",28-OCT-24
"W61H-E911_1","W61H","E911_1","44","","450","","","MEMORIAL","DR","","CAMBRIDGE","MA","02139",28-OCT-24
"W61H-STREET","W61H","STREET","44","","450","","","MEMORIAL","DR","","CAMBRIDGE","MA","02139",28-OCT-24
"W61J-E911_1","W61J","E911_1","44","","450","","","MEMORIAL","DR","","CAMBRIDGE","MA","02139",28-OCT-24
"W61J-STREET","W61J","STREET","44","","450","","","MEMORIAL","DR","","CAMBRIDGE","MA","02139",28-OCT-24
"W61M-E911_1","W61M","E911_1","44","","450","","","MEMORIAL","DR","","CAMBRIDGE","MA","02139",28-OCT-24
"W61M-STREET","W61M","STREET","44","","450","","","MEMORIAL","DR","","CAMBRIDGE","MA","02139",28-OCT-24
"W64-E911_1","W64","E911_1","","","219","","","VASSAR","ST","","CAMBRIDGE","MA","02139",28-OCT-24
"W64-MAIL","W64","MAIL","708","","77","","","MASSACHUSETTS","AVE","","CAMBRIDGE","MA","02139",28-OCT-24
"W64-STREET","W64","STREET","","","219","","","VASSAR","ST","","CAMBRIDGE","MA","02139",28-OCT-24
"W70-E911_1","W70","E911_1","627","","471","","","MEMORIAL","DR","","CAMBRIDGE","MA","02139",28-OCT-24
"W70-E911_2","W70","E911_2","24912","","472","","","MEMORIAL","DR","","CAMBRIDGE","MA","02139",28-OCT-24
"W70-E911_3","W70","E911_3","24913","","473","","","MEMORIAL","DR","","CAMBRIDGE","MA","02139",28-OCT-24
"W70-E911_4","W70","E911_4","24914","","474","","","MEMORIAL","DR","","CAMBRIDGE","MA","02139",28-OCT-24
"W70-E911_5","W70","E911_5","24915","","475","","","MEMORIAL","DR","","CAMBRIDGE","MA","02139",28-OCT-24
"W70-E911_6","W70","E911_6","24916","","476","","","MEMORIAL","DR","","CAMBRIDGE","MA","02139",28-OCT-24
"W70-MAIL","W70","MAIL","","","471-476","","","MEMORIAL","DR","","CAMBRIDGE","MA","02139",28-OCT-24
"33-E911_1","33","E911_1","703","","125","","","MASSACHUSETTS","AVE","","CAMBRIDGE","MA","02139",28-OCT-24
"33-MAIL","33","MAIL","708","","77","","","MASSACHUSETTS","AVE","","CAMBRIDGE","MA","02139",28-OCT-24
"33-PARCL1","33","PARCL1","","","MEM106","","","","","","CAMBRIDGE","MA","02142",28-OCT-24
"33-STREET","33","STREET","703","","125","","","MASSACHUSETTS","AVE","","CAMBRIDGE","MA","02139",28-OCT-24
"34-E911_1","34","E911_1","26367","","50","","","VASSAR","ST","","CAMBRIDGE","MA","02139",28-OCT-24
"34-MAIL","34","MAIL","708","","77","","","MASSACHUSETTS","AVE","","CAMBRIDGE","MA","02139",28-OCT-24
"34-PARCL1","34","PARCL1","","","MEM106","","","","","","CAMBRIDGE","MA","02142",28-OCT-24
"34-STREET","34","STREET","26367","","50","","","VASSAR","ST","","CAMBRIDGE","MA","02139",28-OCT-24
"35-E911_1","35","E911_1","26994","","127","","","MASSACHUSETTS","AVE","","CAMBRIDGE","MA","02139",28-OCT-24
"35-MAIL","35","MAIL","708","","77","","","MASSACHUSETTS","AVE","","CAMBRIDGE","MA","02139",28-OCT-24
"35-PARCL1","35","PARCL1","","","MEM106","","","","","","CAMBRIDGE","MA","02142",28-OCT-24
"35-STREET","35","STREET","26994","","127","","","MASSACHUSETTS","AVE","","CAMBRIDGE","MA","02139",28-OCT-24
"36-E911_1","36","E911_1","26367","","50","","","VASSAR","ST","","CAMBRIDGE","MA","02139",28-OCT-24
"36-MAIL","36","MAIL","708","","77","","","MASSACHUSETTS","AVE","","CAMBRIDGE","MA","02139",28-OCT-24
"36-PARCL1","36","PARCL1","","","MEM106","","","","","","CAMBRIDGE","MA","02142",28-OCT-24
"36-STREET","36","STREET","26367","","50","","","VASSAR","ST","","CAMBRIDGE","MA","02139",28-OCT-24
"37-E911_1","37","E911_1","706","","70","","","VASSAR","ST","","CAMBRIDGE","MA","02139",28-OCT-24
"37-MAIL","37","MAIL","708","","77","","","MASSACHUSETTS","AVE","","CAMBRIDGE","MA","02139",28-OCT-24
"37-PARCL1","37","PARCL1","","","MEM106","","","","","","CAMBRIDGE","MA","02142",28-OCT-24
"37-STREET","37","STREET","706","","70","","","VASSAR","ST","","CAMBRIDGE","MA","02139",28-OCT-24
"38-E911_1","38","E911_1","26367","","50","","","VASSAR","ST","","CAMBRIDGE","MA","02139",28-OCT-24
"38-MAIL","38","MAIL","708","","77","","","MASSACHUSETTS","AVE","","CAMBRIDGE","MA","02139",28-OCT-24
"38-PARCL1","38","PARCL1","","","MEM106","","","","","","CAMBRIDGE","MA","02142",28-OCT-24
"38-STREET","38","STREET","26367","","50","","","VASSAR","ST","","CAMBRIDGE","MA","02139",28-OCT-24
"39-E911_1","39","E911_1","711","","60","","","VASSAR","ST","","CAMBRIDGE","MA","02139",28-OCT-24
"39-MAIL","39","MAIL","708","","77","","","MASSACHUSETTS","AVE","","CAMBRIDGE","MA","02139",28-OCT-24
"39-PARCL1","39","PARCL1","","","MEM106","","","","","","CAMBRIDGE","MA","02142",28-OCT-24
"39-STREET","39","STREET","711","","60","","","VASSAR","ST","","CAMBRIDGE","MA","02139",28-OCT-24
"41-E911_1","41","E911_1","30245","","77","","","VASSAR","ST","","CAMBRIDGE","MA","02139",28-OCT-24
"41-MAIL","41","MAIL","708","","77","","","MASSACHUSETTS","AVE","","CAMBRIDGE","MA","02139",28-OCT-24
"41-PARCL1","41","PARCL1","","","MEM106","","","","","","CAMBRIDGE","MA","02142",28-OCT-24
"41-STREET","41","STREET","30245","","77","","","VASSAR","ST","","CAMBRIDGE","MA","02139",28-OCT-24
"42-E911_1","42","E911_1","684","","59","","","VASSAR","ST","","CAMBRIDGE","MA","02139",28-OCT-24
"42-MAIL","42","MAIL","708","","77","","","MASSACHUSETTS","AVE","","CAMBRIDGE","MA","02139",28-OCT-24
"42-PARCL1","42","PARCL1","","","MEM106","","","","","","CAMBRIDGE","MA","02142",28-OCT-24
"42-STREET","42","STREET","684","","59","","","VASSAR","ST","","CAMBRIDGE","MA","02139",28-OCT-24
"42C-E911_1","42C","E911_1","","","37","","","ALBANY","ST","","CAMBRIDGE","MA","02139",28-OCT-24
"1-E911_1","1","E911_1","26019","","33","","","MASSACHUSETTS","AVE","","CAMBRIDGE","MA","02139",28-OCT-24
"1-MAIL","1","MAIL","708","","77","","","MASSACHUSETTS","AVE","","CAMBRIDGE","MA","02139",28-OCT-24
"1-PARCL1","1","PARCL1","","","MEM106","","","","","","CAMBRIDGE","MA","02142",28-OCT-24
"1-STREET","1","STREET","26019","","33","","","MASSACHUSETTS","AVE","","CAMBRIDGE","MA","02139",28-OCT-24
"2-E911_1","2","E911_1","710","","182","","","MEMORIAL","DR","","CAMBRIDGE","MA","02142",28-OCT-24
"2-MAIL","2","MAIL","708","","77","","","MASSACHUSETTS","AVE","","CAMBRIDGE","MA","02139",28-OCT-24
"2-PARCL1","2","PARCL1","","","MEM106","","","","","","CAMBRIDGE","MA","02142",28-OCT-24
"2-STREET","2","STREET","710","","182","","","MEMORIAL","DR","","CAMBRIDGE","MA","02142",28-OCT-24
"3-E911_1","3","E911_1","31037","","33","R","","MASSACHUSETTS","AVE","","CAMBRIDGE","MA","02139",28-OCT-24
"3-MAIL","3","MAIL","708","","77","","","MASSACHUSETTS","AVE","","CAMBRIDGE","MA","02139",28-OCT-24
"3-PARCL1","3","PARCL1","","","MEM106","","","","","","CAMBRIDGE","MA","02142",28-OCT-24
"3-STREET","3","STREET","","","33","","","MASSACHUSETTS","AVE","(Rear)","CAMBRIDGE","MA","02139",28-OCT-24
"4-E911_1","4","E911_1","31039","","182","R","","MEMORIAL","DR","","CAMBRIDGE","MA","02142",28-OCT-24
"4-MAIL","4","MAIL","708","","77","","","MASSACHUSETTS","AVE","","CAMBRIDGE","MA","02139",28-OCT-24
"4-PARCL1","4","PARCL1","","","MEM106","","","","","","CAMBRIDGE","MA","02142",28-OCT-24
"4-STREET","4","STREET","","","182","","","MEMORIAL","DR","(Rear)","CAMBRIDGE","MA","02142",28-OCT-24
"5-E911_1","5","E911_1","707","","55","","","MASSACHUSETTS","AVE","","CAMBRIDGE","MA","02139",28-OCT-24
"5-MAIL","5","MAIL","708","","77","","","MASSACHUSETTS","AVE","","CAMBRIDGE","MA","02139",28-OCT-24
"5-PARCL1","5","PARCL1","","","MEM106","","","","","","CAMBRIDGE","MA","02142",28-OCT-24
"5-STREET","5","STREET","707","","55","","","MASSACHUSETTS","AVE","","CAMBRIDGE","MA","02139",28-OCT-24
"6-E911_1","6","E911_1","31039","","182","R","","MEMORIAL","DR","","CAMBRIDGE","MA","02142",28-OCT-24
"6-MAIL","6","MAIL","708","","77","","","MASSACHUSETTS","AVE","","CAMBRIDGE","MA","02139",28-OCT-24
"6-PARCL1","6","PARCL1","","","MEM106","","","","","","CAMBRIDGE","MA","02142",28-OCT-24
"6-STREET","6","STREET","","","182","","","MEMORIAL","DR","(Rear)","CAMBRIDGE","MA","02142",28-OCT-24
"6C-E911_1","6C","E911_1","31039","","182","R","","MEMORIAL","DR","","CAMBRIDGE","MA","02142",28-OCT-24
"6C-MAIL","6C","MAIL","708","","77","","","MASSACHUSETTS","AVE","","CAMBRIDGE","MA","02139",28-OCT-24
"6C-STREET","6C","STREET","","","182","","","MEMORIAL","DR","(Rear)","CAMBRIDGE","MA","02142",28-OCT-24
"7-E911_1","7","E911_1","708","","77","","","MASSACHUSETTS","AVE","","CAMBRIDGE","MA","02139",28-OCT-24
"7-MAIL","7","MAIL","708","","77","","","MASSACHUSETTS","AVE","","CAMBRIDGE","MA","02139",28-OCT-24
"7-PARCL1","7","PARCL1","","","MEM106","","","","","","CAMBRIDGE","MA","02142",28-OCT-24
"7-STREET","7","STREET","708","","77","","","MASSACHUSETTS","AVE","","CAMBRIDGE","MA","02139",28-OCT-24
"7A-E911_1","7A","E911_1","708","","77","","","MASSACHUSETTS","AVE","","CAMBRIDGE","MA","02139",28-OCT-24
"7A-MAIL","7A","MAIL","708","","77","","","MASSACHUSETTS","AVE","","CAMBRIDGE","MA","02139",28-OCT-24
"7A-PARCL1","7A","PARCL1","","","MEM106","","","","","","CAMBRIDGE","MA","02142",28-OCT-24
"7A-STREET","7A","STREET","708","","77","","","MASSACHUSETTS","AVE","","CAMBRIDGE","MA","02139",28-OCT-24
"8-E911_1","8","E911_1","25343","","21","","","AMES","ST","","CAMBRIDGE","MA","02142",28-OCT-24
"8-MAIL","8","MAIL","708","","77","","","MASSACHUSETTS","AVE","","CAMBRIDGE","MA","02139",28-OCT-24
"8-PARCL1","8","PARCL1","","","MEM106","","","","","","CAMBRIDGE","MA","02142",28-OCT-24
"8-STREET","8","STREET","25343","","21","","","AMES","ST","","CAMBRIDGE","MA","02142",28-OCT-24
"9-E911_1","9","E911_1","704","","105","","","MASSACHUSETTS","AVE","","CAMBRIDGE","MA","02139",28-OCT-24
"9-MAIL","9","MAIL","708","","77","","","MASSACHUSETTS","AVE","","CAMBRIDGE","MA","02139",28-OCT-24
"9-PARCL1","9","PARCL1","","","MEM106","","","","","","CAMBRIDGE","MA","02142",28-OCT-24
"9-STREET","9","STREET","704","","105","","","MASSACHUSETTS","AVE","","CAMBRIDGE","MA","02139",28-OCT-24
"10-E911_1","10","E911_1","26060","","222","","","MEMORIAL","DR","","CAMBRIDGE","MA","02139",28-OCT-24
"10-MAIL","10","MAIL","708","","77","","","MASSACHUSETTS","AVE","","CAMBRIDGE","MA","02139",28-OCT-24
"10-PARCL1","10","PARCL1","","","MEM106","","","","","","CAMBRIDGE","MA","02142",28-OCT-24
"10-STREET","10","STREET","26060","","222","","","MEMORIAL","DR","","CAMBRIDGE","MA","02139",28-OCT-24
"11-E911_1","11","E911_1","31040","","77","R","","MASSACHUSETTS","AVE","","CAMBRIDGE","MA","02139",28-OCT-24
"11-MAIL","11","MAIL","708","","77","","","MASSACHUSETTS","AVE","","CAMBRIDGE","MA","02139",28-OCT-24
"11-PARCL1","11","PARCL1","","","MEM106","","","","","","CAMBRIDGE","MA","02142",28-OCT-24
"11-STREET","11","STREET","","","77","","","MASSACHUSETTS","AVE","(Rear)","CAMBRIDGE","MA","02139",28-OCT-24
"12-E911_1","12","E911_1","711","","60","","","VASSAR","ST","","CAMBRIDGE","MA","02139",28-OCT-24
"12-MAIL","12","MAIL","708","","77","","","MASSACHUSETTS","AVE","","CAMBRIDGE","MA","02139",28-OCT-24
"12-STREET","12","STREET","711","","60","","","VASSAR","ST","","CAMBRIDGE","MA","02139",28-OCT-24
"13-E911_1","13","E911_1","31912","","105","R","","MASSACHUSETTS","AVE","","CAMBRIDGE","MA","02139",28-OCT-24
"13-MAIL","13","MAIL","708","","77","","","MASSACHUSETTS","AVE","","CAMBRIDGE","MA","02139",28-OCT-24
"13-PARCL1","13","PARCL1","","","MEM106","","","","","","CAMBRIDGE","MA","02142",28-OCT-24
"13-STREET","13","STREET","","","105","","","MASSACHUSETTS","AVE","(Rear)","CAMBRIDGE","MA","02139",28-OCT-24
"14-E911_1","14","E911_1","27500","","160","","","MEMORIAL","DR","","CAMBRIDGE","MA","02142",28-OCT-24
"14-MAIL","14","MAIL","708","","77","","","MASSACHUSETTS","AVE","","CAMBRIDGE","MA","02139",28-OCT-24
"14-PARCL1","14","PARCL1","","","MEM106","","","","","","CAMBRIDGE","MA","02142",28-OCT-24
"14-STREET","14","STREET","27500","","160","","","MEMORIAL","DR","","CAMBRIDGE","MA","02142",28-OCT-24
"14E-E911_1","14E","E911_1","27500","","160","","","MEMORIAL","DR","","CAMBRIDGE","MA","02142",28-OCT-24
"14E-STREET","14E","STREET","27500","","160","","","MEMORIAL","DR","","CAMBRIDGE","MA","02142",28-OCT-24
"14N-E911_1","14N","E911_1","27500","","160","","","MEMORIAL","DR","","CAMBRIDGE","MA","02142",28-OCT-24
"14N-STREET","14N","STREET","27500","","160","","","MEMORIAL","DR","","CAMBRIDGE","MA","02142",28-OCT-24
"14S-E911_1","14S","E911_1","27500","","160","","","MEMORIAL","DR","","CAMBRIDGE","MA","02142",28-OCT-24
"14S-STREET","14S","STREET","27500","","160","","","MEMORIAL","DR","","CAMBRIDGE","MA","02142",28-OCT-24
"14W-E911_1","14W","E911_1","27500","","160","","","MEMORIAL","DR","","CAMBRIDGE","MA","02142",28-OCT-24
"14W-STREET","14W","STREET","27500","","160","","","MEMORIAL","DR","","CAMBRIDGE","MA","02142",28-OCT-24
"16-E911_1","16","E911_1","25343","","21","","","AMES","ST","","CAMBRIDGE","MA","02142",28-OCT-24
"16-MAIL","16","MAIL","708","","77","","","MASSACHUSETTS","AVE","","CAMBRIDGE","MA","02139",28-OCT-24
"16-PARCL1","16","PARCL1","","","MEM106","","","","","","CAMBRIDGE","MA","02142",28-OCT-24
"16-STREET","16","STREET","25343","","21","","","AMES","ST","","CAMBRIDGE","MA","02142",28-OCT-24
"17-E911_1","17","E911_1","705","","76","","","VASSAR","ST","","CAMBRIDGE","MA","02139",28-OCT-24
"17-MAIL","17","MAIL","708","","77","","","MASSACHUSETTS","AVE","","CAMBRIDGE","MA","02139",28-OCT-24
"17-PARCL1","17","PARCL1","","","MEM106","","","","","","CAMBRIDGE","MA","02142",28-OCT-24
"17-STREET","17","STREET","705","","76","","","VASSAR","ST","","CAMBRIDGE","MA","02139",28-OCT-24
"18-E911_1","18","E911_1","25343","","21","","","AMES","ST","","CAMBRIDGE","MA","02142",28-OCT-24
"18-MAIL","18","MAIL","708","","77","","","MASSACHUSETTS","AVE","","CAMBRIDGE","MA","02139",28-OCT-24
"18-PARCL1","18","PARCL1","","","MEM106","","","","","","CAMBRIDGE","MA","02142",28-OCT-24
"18-STREET","18","STREET","25343","","21","","","AMES","ST","","CAMBRIDGE","MA","02142",28-OCT-24
"24-E911_1","24","E911_1","711","","60","","","VASSAR","ST","","CAMBRIDGE","MA","02139",28-OCT-24
"24-MAIL","24","MAIL","708","","77","","","MASSACHUSETTS","AVE","","CAMBRIDGE","MA","02139",28-OCT-24
"24-PARCL1","24","PARCL1","","","MEM106","","","","","","CAMBRIDGE","MA","02142",28-OCT-24
"24-STREET","24","STREET","711","","60","","","VASSAR","ST","","CAMBRIDGE","MA","02139",28-OCT-24
"26-E911_1","26","E911_1","711","","60","","","VASSAR","ST","","CAMBRIDGE","MA","02139",28-OCT-24
"26-MAIL","26","MAIL","708","","77","","","MASSACHUSETTS","AVE","","CAMBRIDGE","MA","02139",28-OCT-24
"26-PARCL1","26","PARCL1","","","MEM106","","","","","","CAMBRIDGE","MA","02142",28-OCT-24
"26-STREET","26","STREET","711","","60","","","VASSAR","ST","","CAMBRIDGE","MA","02139",28-OCT-24
"31-E911_1","31","E911_1","31913","","70","R","","VASSAR","ST","","CAMBRIDGE","MA","02139",28-OCT-24
"31-MAIL","31","MAIL","708","","77","","","MASSACHUSETTS","AVE","","CAMBRIDGE","MA","02139",28-OCT-24
"31-PARCL1","31","PARCL1","","","MEM106","","","","","","CAMBRIDGE","MA","02142",28-OCT-24
"31-STREET","31","STREET","","","70","","","VASSAR","ST","(Rear)","CAMBRIDGE","MA","02139",28-OCT-24
"32-E911_1","32","E911_1","26366","","32","","","VASSAR","ST","","CAMBRIDGE","MA","02139",28-OCT-24
"32-MAIL","32","MAIL","708","","77","","","MASSACHUSETTS","AVE","","CAMBRIDGE","MA","02139",28-OCT-24
"32-STREET","32","STREET","26366","","32","","","VASSAR","ST","","CAMBRIDGE","MA","02139",28-OCT-24
"32P-E911_1","32P","E911_1","26366","","32","","","VASSAR","ST","","CAMBRIDGE","MA","02139",28-OCT-24
"32P-MAIL","32P","MAIL","708","","77","","","MASSACHUSETTS","AVE","","CAMBRIDGE","MA","02139",28-OCT-24
"32P-STREET","32P","STREET","26366","","32","","","VASSAR","ST","","CAMBRIDGE","MA","02139",28-OCT-24
"NW22-E911_2","NW22","E911_2","","","195","","","ALBANY","ST","","CAMBRIDGE","MA","02139",28-OCT-24
"NW22-MAIL","NW22","MAIL","","","195","","","ALBANY","ST","","CAMBRIDGE","MA","02139",28-OCT-24
"NW22-PARCL1","NW22","PARCL1","","","ALB185","","","","","","","","02139",28-OCT-24
"NW22-STREET","NW22","STREET","3689","","185","","","ALBANY","ST","","CAMBRIDGE","MA","02139",28-OCT-24
"NW23-E911_1","NW23","E911_1","","","195","","","ALBANY","ST","","CAMBRIDGE","MA","02139",28-OCT-24
"NW23-MAIL","NW23","MAIL","","","195","","","ALBANY","ST","","CAMBRIDGE","MA","02139",28-OCT-24
"NW23-STREET","NW23","STREET","","","195","","","ALBANY","ST","","CAMBRIDGE","MA","02139",28-OCT-24
"NW30-E911_1","NW30","E911_1","629","","224","","","ALBANY","ST","","CAMBRIDGE","MA","02139",28-OCT-24
"NW30-MAIL","NW30","MAIL","708","","77","","","MASSACHUSETTS","AVE","","CAMBRIDGE","MA","02139",28-OCT-24
"NW30-PARCL1","NW30","PARCL1","","","ALB224","","","","","","","","02139",28-OCT-24
"NW30-STREET","NW30","STREET","629","","224","","","ALBANY","ST","","CAMBRIDGE","MA","02139",28-OCT-24
"NW32-E911_1","NW32","E911_1","","","230","","","ALBANY","ST","","CAMBRIDGE","MA","02139",28-OCT-24
"NW32-MAIL","NW32","MAIL","708","","77","","","MASSACHUSETTS","AVE","","CAMBRIDGE","MA","02139",28-OCT-24
"NW32-STREET","NW32","STREET","","","230","","","ALBANY","ST","","CAMBRIDGE","MA","02139",28-OCT-24
"NW35-E911_1","NW35","E911_1","31391","","235","","","ALBANY","ST","","CAMBRIDGE","MA","02139",28-OCT-24
"NW35-MAIL","NW35","MAIL","708","","77","","","MASSACHUSETTS","AVE","","CAMBRIDGE","MA","02139",28-OCT-24
"NW35-STREET","NW35","STREET","31391","","235","","","ALBANY","ST","","CAMBRIDGE","MA","02139",28-OCT-24
"NW36-E911_1","NW36","E911_1","","","250","","","ALBANY","ST","","CAMBRIDGE","MA","02142",28-OCT-24
"NW36-STREET","NW36","STREET","","","250","","","ALBANY","ST","","CAMBRIDGE","MA","02142",28-OCT-24
"NW38-E911_1","NW38","E911_1","","","250","","","ALBANY","ST","","CAMBRIDGE","MA","02142",28-OCT-24
"NW38-STREET","NW38","STREET","","","250","","","ALBANY","ST","","CAMBRIDGE","MA","02142",28-OCT-24
"NW38A-E911_1","NW38A","E911_1","","","250","","","ALBANY","ST","","CAMBRIDGE","MA","02142",28-OCT-24
"NW38A-STREET","NW38A","STREET","","","250","","","ALBANY","ST","","CAMBRIDGE","MA","02142",28-OCT-24
"NW61-E911_1","NW61","E911_1","16360","","282","","","MASSACHUSETTS","AVE","","CAMBRIDGE","MA","02139",28-OCT-24
"NW61-E911_2","NW61","E911_2","16357","","290","","","MASSACHUSETTS","AVE","","CAMBRIDGE","MA","02139",28-OCT-24
"NW61-MAIL","NW61","MAIL","","","282-290","","","MASSACHUSETTS","AVE","","CAMBRIDGE","MA","02139",28-OCT-24
"NW61-PARCL1","NW61","PARCL1","","","MAS282","","","","","","","","02139",28-OCT-24
"NW61-STREET","NW61","STREET","","","282-290","","","MASSACHUSETTS","AVE","","CAMBRIDGE","MA","02139",28-OCT-24
"NW86-E911_1","NW86","E911_1","2807","","70","","","PACIFIC","ST","","CAMBRIDGE","MA","02139",28-OCT-24
"NW86-E911_2","NW86","E911_2","","","100","","","SIDNEY","","","CAMBRIDGE","MA","02139",28-OCT-24
"NW86-MAIL","NW86","MAIL","708","","77","","","MASSACHUSETTS","AVE","","CAMBRIDGE","MA","02139",28-OCT-24
"NW86-STREET","NW86","STREET","2807","","70","","","PACIFIC","ST","","CAMBRIDGE","MA","02139",28-OCT-24
"NW86P-E911_1","NW86P","E911_1","2807","","70","","","PACIFIC","ST","","CAMBRIDGE","MA","02139",28-OCT-24
"NW86P-E911_2","NW86P","E911_2","","","100","","","SIDNEY","","","CAMBRIDGE","MA","02139",28-OCT-24
"NW86P-MAIL","NW86P","MAIL","708","","77","","","MASSACHUSETTS","AVE","","CAMBRIDGE","MA","02139",28-OCT-24
"NW86P-STREET","NW86P","STREET","2807","","70","","","PACIFIC","ST","","CAMBRIDGE","MA","02139",28-OCT-24
"NW98-E911_1","NW98","E911_1","","","12","","","EMILY","ST","","CAMBRIDGE","MA","02139",28-OCT-24
"NW98-MAIL","NW98","MAIL","708","","77","","","MASSACHUSETTS","AVE","","CAMBRIDGE","MA","02139",28-OCT-24
"NW98-STREET","NW98","STREET","","","12","","","EMILY","ST","","CAMBRIDGE","MA","02139",28-OCT-24
"OC1-E911_1","OC1","E911_1","","","80","","","HAVEN","ST","","DEDHAM","MA","02026",28-OCT-24
"OC1-STREET","OC1","STREET","","","80","","","HAVEN","ST","","DEDHAM","MA","02026",28-OCT-24
"OC1A-E911_1","OC1A","E911_1","","","80","","","HAVEN","ST","","DEDHAM","MA","02026",28-OCT-24
"OC1A-MAIL","OC1A","MAIL","","","80","","","HAVEN","ST","","DEDHAM","MA","02026",28-OCT-24
"OC1A-STREET","OC1A","STREET","","","80","","","HAVEN","ST","","DEDHAM","MA","02026",28-OCT-24
"OC6-E911_1","OC6","E911_1","","","645","","","SUMMER","ST","","BOSTON","MA","02210",28-OCT-24
"OC6-MAIL","OC6","MAIL","708","","77","","","MASSACHUSETTS","AVE","","CAMBRIDGE","MA","02139",28-OCT-24
"OC6-STREET","OC6","STREET","","","645","","","SUMMER","ST","","BOSTON","MA","02210",28-OCT-24
"OC100-E911_1","OC100","E911_1","","","820","","","FIRST","ST","NE","WASHINGTON","DC","20002",28-OCT-24
"OC100-STREET","OC100","STREET","","","820","","","FIRST","ST","NE","WASHINGTON","DC","20002",28-OCT-24
"OC101-E911_1","OC101","E911_1","","","1","","","DUPONT","CIR","NW","WASHINGTON","DC","20036",28-OCT-24
"OC101-STREET","OC101","STREET","","","1","","","DUPONT","CIR","NW","WASHINGTON","DC","20036",28-OCT-24
"OC11-E911_1","OC11","E911_1","","","1","","","SUMMER","ST","","BOSTON","MA","02110",28-OCT-24
"OC11-MAIL","OC11","MAIL","","","1","","","SUMMER","ST","","BOSTON","MA","02110",28-OCT-24
"OC11-STREET","OC11","STREET","","","1","","","SUMMER","ST","","BOSTON","MA","02110",28-OCT-24
"OC15-E911_1","OC15","E911_1","","","22","","","BLAKE","ST","","MEDFORD","MA","02155",28-OCT-24
"OC15-STREET","OC15","STREET","","","22","","","BLAKE","ST","","MEDFORD","MA","02155",28-OCT-24
"OC19A-E911_1","OC19A","E911_1","","","21","","","MANNING","AVE","","MIDDLETON","MA","01949",28-OCT-24
"OC19A-STREET","OC19A","STREET","","","21","","","MANNING","AVE","","MIDDLETON","MA","01949",28-OCT-24
"OC19B-E911_1","OC19B","E911_1","","","21","","","MANNING","AVE","","MIDDLETON","MA","01949",28-OCT-24
"OC19B-STREET","OC19B","STREET","","","21","","","MANNING","AVE","","MIDDLETON","MA","01949",28-OCT-24
"OC19C-E911_1","OC19C","E911_1","","","21","","","MANNING","AVE","","MIDDLETON","MA","01949",28-OCT-24
"OC19C-STREET","OC19C","STREET","","","21","","","MANNING","AVE","","MIDDLETON","MA","01949",28-OCT-24
"OC19D-E911_1","OC19D","E911_1","","","21","","","MANNING","AVE","","MIDDLETON","MA","01949",28-OCT-24
"OC19D-STREET","OC19D","STREET","","","21","","","MANNING","AVE","","MIDDLETON","MA","01949",28-OCT-24
"OC19E-E911_1","OC19E","E911_1","","","21","","","MANNING","AVE","","MIDDLETON","MA","01949",28-OCT-24
"OC19E-STREET","OC19E","STREET","","","21","","","MANNING","AVE","","MIDDLETON","MA","01949",28-OCT-24
"OC19F-E911_1","OC19F","E911_1","","","21","","","MANNING","AVE","","MIDDLETON","MA","01949",28-OCT-24
"OC19F-STREET","OC19F","STREET","","","21","","","MANNING","AVE","","MIDDLETON","MA","01949",28-OCT-24
"OC19G-E911_1","OC19G","E911_1","","","21","","","MANNING","AVE","","MIDDLETON","MA","01949",28-OCT-24
"OC19G-STREET","OC19G","STREET","","","21","","","MANNING","AVE","","MIDDLETON","MA","01949",28-OCT-24
"OC19H-E911_1","OC19H","E911_1","","","21","","","MANNING","AVE","","MIDDLETON","MA","01949",28-OCT-24
"OC19H-STREET","OC19H","STREET","","","21","","","MANNING","AVE","","MIDDLETON","MA","01949",28-OCT-24
"OC19J-E911_1","OC19J","E911_1","","","21","","","MANNING","AVE","","MIDDLETON","MA","01949",28-OCT-24
"OC19J-STREET","OC19J","STREET","","","21","","","MANNING","AVE","","MIDDLETON","MA","01949",28-OCT-24
"OC19K-E911_1","OC19K","E911_1","","","21","","","MANNING","AVE","","MIDDLETON","MA","01949",28-OCT-24
"OC19K-STREET","OC19K","STREET","","","21","","","MANNING","AVE","","MIDDLETON","MA","01949",28-OCT-24
"OC19L-E911_1","OC19L","E911_1","","","21","","","MANNING","AVE","","MIDDLETON","MA","01949",28-OCT-24
"OC19L-STREET","OC19L","STREET","","","21","","","MANNING","AVE","","MIDDLETON","MA","01949",28-OCT-24
"OC19M-E911_1","OC19M","E911_1","","","21","","","MANNING","AVE","","MIDDLETON","MA","01949",28-OCT-24
"OC19M-STREET","OC19M","STREET","","","21","","","MANNING","AVE","","MIDDLETON","MA","01949",28-OCT-24
"OC19N-E911_1","OC19N","E911_1","","","21","","","MANNING","AVE","","MIDDLETON","MA","01949",28-OCT-24
"OC19N-STREET","OC19N","STREET","","","21","","","MANNING","AVE","","MIDDLETON","MA","01949",28-OCT-24
"OC19Q-E911_1","OC19Q","E911_1","","","21","","","MANNING","AVE","","MIDDLETON","MA","01949",28-OCT-24
"OC19Q-STREET","OC19Q","STREET","","","21","","","MANNING","AVE","","MIDDLETON","MA","01949",28-OCT-24
"OC21-E911_1","OC21","E911_1","","","50","","","GROTON","RD","","WESTFORD","MA","01886",28-OCT-24
"OC21-MAIL","OC21","MAIL","","","50","","","GROTON","RD","","WESTFORD","MA","01886",28-OCT-24
"OC21-STREET","OC21","STREET","","","50","","","GROTON","RD","","WESTFORD","MA","01886",28-OCT-24
"OC21A-E911_1","OC21A","E911_1","","","50","","","GROTON","RD","","WESTFORD","MA","01886",28-OCT-24
"OC21A-MAIL","OC21A","MAIL","","","50","","","GROTON","RD","","WESTFORD","MA","01886",28-OCT-24
"OC21A-STREET","OC21A","STREET","","","50","","","GROTON","RD","","WESTFORD","MA","01886",28-OCT-24
"OC21B-E911_1","OC21B","E911_1","","","50","","","GROTON","RD","","WESTFORD","MA","01886",28-OCT-24
"OC21B-MAIL","OC21B","MAIL","","","50","","","GROTON","RD","","WESTFORD","MA","01886",28-OCT-24
"OC21B-STREET","OC21B","STREET","","","50","","","GROTON","RD","","WESTFORD","MA","01886",28-OCT-24
"OC21C-E911_1","OC21C","E911_1","","","50","","","GROTON","RD","","WESTFORD","MA","01886",28-OCT-24
"OC21C-MAIL","OC21C","MAIL","","","50","","","GROTON","RD","","WESTFORD","MA","01886",28-OCT-24
"OC21C-STREET","OC21C","STREET","","","50","","","GROTON","RD","","WESTFORD","MA","01886",28-OCT-24
"OC21D-E911_1","OC21D","E911_1","","","50","","","GROTON","RD","","WESTFORD","MA","01886",28-OCT-24
"OC21D-MAIL","OC21D","MAIL","","","50","","","GROTON","RD","","WESTFORD","MA","01886",28-OCT-24
"OC21D-STREET","OC21D","STREET","","","50","","","GROTON","RD","","WESTFORD","MA","01886",28-OCT-24
"OC21E-E911_1","OC21E","E911_1","","","50","","","GROTON","RD","","WESTFORD","MA","01886",28-OCT-24
"66-STREET","66","STREET","25344","","25","","","AMES","ST","","CAMBRIDGE","MA","02142",28-OCT-24
"68-E911_1","68","E911_1","25345","","31","","","AMES","ST","","CAMBRIDGE","MA","02142",28-OCT-24
"68-MAIL","68","MAIL","708","","77","","","MASSACHUSETTS","AVE","","CAMBRIDGE","MA","02139",28-OCT-24
"68-PARCL1","68","PARCL1","","","AME31","","","","","","","","02142",28-OCT-24
"68-STREET","68","STREET","25345","","31","","","AMES","ST","","CAMBRIDGE","MA","02142",28-OCT-24
"76-E911_1","76","E911_1","31707","","500","","","MAIN","ST","","CAMBRIDGE","MA","02142",28-OCT-24
"76-MAIL","76","MAIL","708","","77","","","MASSACHUSETTS","AVE","","CAMBRIDGE","MA","02139",28-OCT-24
"76-STREET","76","STREET","31707","","500","","","MAIN","ST","","CAMBRIDGE","MA","02142",28-OCT-24
"E1-E911_1","E1","E911_1","24118","","111","","","MEMORIAL","DR","","CAMBRIDGE","MA","02142",28-OCT-24
"E1-MAIL","E1","MAIL","24118","","111","","","MEMORIAL","DR","","CAMBRIDGE","MA","02142",28-OCT-24
"E1-PARCL1","E1","PARCL1","","","MEM106","","","","","","CAMBRIDGE","MA","02142",28-OCT-24
"E1-STREET","E1","STREET","24118","","111","","","MEMORIAL","DR","","CAMBRIDGE","MA","02142",28-OCT-24
"E2-E911_1","E2","E911_1","29136","","4","","","AMES","ST","","CAMBRIDGE","MA","02142",28-OCT-24
"E2-E911_2","E2","E911_2","","","70","","","AMHERST","ST","","CAMBRIDGE","MA","02142",28-OCT-24
"E2-MAIL","E2","MAIL","","","70","","","AMHERST","ST","","CAMBRIDGE","MA","02142",28-OCT-24
"E2-PARCL1","E2","PARCL1","","","MEM106","","","","","","CAMBRIDGE","MA","02142",28-OCT-24
"E2-STREET","E2","STREET","29136","","4","","","AMES","ST","","CAMBRIDGE","MA","02142",28-OCT-24
"E14-E911_1","E14","E911_1","31393","","75","","","AMHERST","ST","","CAMBRIDGE","MA","02142",28-OCT-24
"E14-MAIL","E14","MAIL","708","","77","","","MASSACHUSETTS","AVE","","CAMBRIDGE","MA","02139",28-OCT-24
"E14-STREET","E14","STREET","31393","","75","","","AMHERST","ST","","CAMBRIDGE","MA","02142",28-OCT-24
"E15-E911_1","E15","E911_1","25342","","20","","","AMES","ST","","CAMBRIDGE","MA","02142",28-OCT-24
"E15-MAIL","E15","MAIL","708","","77","","","MASSACHUSETTS","AVE","","CAMBRIDGE","MA","02139",28-OCT-24
"E15-PARCL1","E15","PARCL1","","","MAI364","","","","","","","","02142",28-OCT-24
"E15-PARCL2","E15","PARCL2","","","AME12","","","","","","","","02142",28-OCT-24
"E15-STREET","E15","STREET","25342","","20","","","AMES","ST","","CAMBRIDGE","MA","02142",28-OCT-24
"E17-E911_1","E17","E911_1","29173","","40","","","AMES","ST","","CAMBRIDGE","MA","02142",28-OCT-24
"E17-MAIL","E17","MAIL","708","","77","","","MASSACHUSETTS","AVE","","CAMBRIDGE","MA","02139",28-OCT-24
"E17-PARCL1","E17","PARCL1","","","MAI364","","","","","","","","02142",28-OCT-24
"E17-STREET","E17","STREET","29173","","40","","","AMES","ST","","CAMBRIDGE","MA","02142",28-OCT-24
"E18-E911_1","E18","E911_1","29507","","50","","","AMES","ST","","CAMBRIDGE","MA","02142",28-OCT-24
"E18-MAIL","E18","MAIL","708","","77","","","MASSACHUSETTS","AVE","","CAMBRIDGE","MA","02139",28-OCT-24
"E18-PARCL1","E18","PARCL1","","","MAI364","","","","","","","","02142",28-OCT-24
"E18-STREET","E18","STREET","29507","","50","","","AMES","ST","","CAMBRIDGE","MA","02142",28-OCT-24
"E19-E911_1","E19","E911_1","25938","","400","","","MAIN","ST","","CAMBRIDGE","MA","02142",28-OCT-24
"E19-MAIL","E19","MAIL","708","","77","","","MASSACHUSETTS","AVE","","CAMBRIDGE","MA","02139",28-OCT-24
"E19-PARCL1","E19","PARCL1","","","MAI364","","","","","","","","02142",28-OCT-24
"E19-STREET","E19","STREET","25938","","400","","","MAIN","ST","","CAMBRIDGE","MA","02142",28-OCT-24
"E23-E911_1","E23","E911_1","25550","","25","","","CARLETON","ST","","CAMBRIDGE","MA","02142",28-OCT-24
"E23-MAIL","E23","MAIL","708","","77","","","MASSACHUSETTS","AVE","","CAMBRIDGE","MA","02139",28-OCT-24
"E23-PARCL1","E23","PARCL1","","","CAR1","","","","","","","","02142",28-OCT-24
"E23-PARCL2","E23","PARCL2","","","CAR45","","","","","","","","02142",28-OCT-24
"E23-STREET","E23","STREET","25550","","25","","","CARLETON","ST","","CAMBRIDGE","MA","02142",28-OCT-24
"E25-E911_1","E25","E911_1","733","","45","","","CARLETON","ST","","CAMBRIDGE","MA","02142",28-OCT-24
"E25-MAIL","E25","MAIL","708","","77","","","MASSACHUSETTS","AVE","","CAMBRIDGE","MA","02139",28-OCT-24
"E25-PARCL1","E25","PARCL1","","","DEA18","","","","","","","","02142",28-OCT-24
"E25-PARCL2","E25","PARCL2","","","CAR45","","","","","","","","02142",28-OCT-24
"E25-PARCL3","E25","PARCL3","","","MAI364","","","","","","","","02142",28-OCT-24
"E25-STREET","E25","STREET","733","","45","","","CARLETON","ST","","CAMBRIDGE","MA","02142",28-OCT-24
"E28-E911_1","E28","E911_1","","","314","","","MAIN","ST","","CAMBRIDGE","MA","02139",28-OCT-24
"E28-STREET","E28","STREET","","","314","","","MAIN","ST","","CAMBRIDGE","MA","02139",28-OCT-24
"E37-E911_1","E37","E911_1","742","","292","","","MAIN","ST","","CAMBRIDGE","MA","02142",28-OCT-24
"E37-STREET","E37","STREET","","","45","","","HAYWARD","ST","","CAMBRIDGE","MA","02142",28-OCT-24
"E37P-E911_1","E37P","E911_1","","","25","","","HAYWARD","ST","","CAMBRIDGE","MA","02142",28-OCT-24
"E37P-STREET","E37P","STREET","","","25","","","HAYWARD","ST","","CAMBRIDGE","MA","02142",28-OCT-24
"E38-E911_1","E38","E911_1","742","","292","","","MAIN","ST","","CAMBRIDGE","MA","02142",28-OCT-24
"E38-STREET","E38","STREET","742","","292","","","MAIN","ST","","CAMBRIDGE","MA","02142",28-OCT-24
"E40-E911_1","E40","E911_1","26457","","1","","","AMHERST","ST","","CAMBRIDGE","MA","02142",28-OCT-24
"E40-MAIL","E40","MAIL","708","","77","","","MASSACHUSETTS","AVE","","CAMBRIDGE","MA","02139",28-OCT-24
"E40-PARCL1","E40","PARCL1","","","AMH1","","","","","","","","02142",28-OCT-24
"E40-STREET","E40","STREET","26457","","1","","","AMHERST","ST","","CAMBRIDGE","MA","02142",28-OCT-24
"E51-E911_1","E51","E911_1","739","","70","","","MEMORIAL","DR","","CAMBRIDGE","MA","02142",28-OCT-24
"E51-MAIL","E51","MAIL","708","","77","","","MASSACHUSETTS","AVE","","CAMBRIDGE","MA","02139",28-OCT-24
"E51-PARCL1","E51","PARCL1","","","MEM70A","","","","","","","","02142",28-OCT-24
"E51-STREET","E51","STREET","739","","70","","","MEMORIAL","DR","","CAMBRIDGE","MA","02142",28-OCT-24
"E52-E911_1","E52","E911_1","740","","50","","","MEMORIAL","DR","","CAMBRIDGE","MA","02142",28-OCT-24
"E52-MAIL","E52","MAIL","708","","77","","","MASSACHUSETTS","AVE","","CAMBRIDGE","MA","02139",28-OCT-24
"E52-PARCL1","E52","PARCL1","","","WAD30","","","","","","","","02142",28-OCT-24
"E52-STREET","E52","STREET","740","","50","","","MEMORIAL","DR","","CAMBRIDGE","MA","02142",28-OCT-24
"E53-E911_1","E53","E911_1","26368","","30","","","WADSWORTH","ST","","CAMBRIDGE","MA","02142",28-OCT-24
"E53-MAIL","E53","MAIL","708","","77","","","MASSACHUSETTS","AVE","","CAMBRIDGE","MA","02139",28-OCT-24
"E53-PARCL1","E53","PARCL1","","","WAD30","","","","","","","","02142",28-OCT-24
"E53-PARCL2","E53","PARCL2","","","MAI180","","","","","","","","02142",28-OCT-24
"E53-STREET","E53","STREET","26368","","30","","","WADSWORTH","ST","","CAMBRIDGE","MA","02142",28-OCT-24
"E53P-E911_1","E53P","E911_1","26368","","30","","","WADSWORTH","ST","","CAMBRIDGE","MA","02142",28-OCT-24
"E53P-MAIL","E53P","MAIL","708","","77","","","MASSACHUSETTS","AVE","","CAMBRIDGE","MA","02139",28-OCT-24
"E53P-STREET","E53P","STREET","26368","","30","","","WADSWORTH","ST","","CAMBRIDGE","MA","02142",28-OCT-24
"E60-E911_1","E60","E911_1","6394","","30","","","MEMORIAL","DR","","CAMBRIDGE","MA","02142",28-OCT-24
"E60-MAIL","E60","MAIL","6394","","30","","","MEMORIAL","DR","","CAMBRIDGE","MA","02142",28-OCT-24
"E60-PARCL1","E60","PARCL1","","","MEM30","","","","","","","","02142",28-OCT-24
"E60-STREET","E60","STREET","6394","","30","","","MEMORIAL","DR","","CAMBRIDGE","MA","02142",28-OCT-24
"E62-E911_1","E62","E911_1","31706","","100","","","MAIN","ST","","CAMBRIDGE","MA","02142",28-OCT-24
"E62-MAIL","E62","MAIL","31706","","100","","","MAIN","ST","","CAMBRIDGE","MA","02142",28-OCT-24
"E62-STREET","E62","STREET","31706","","100","","","MAIN","ST","","CAMBRIDGE","MA","02142",28-OCT-24
"E62P-E911_1","E62P","E911_1","31706","","100","","","MAIN","ST","","CAMBRIDGE","MA","02142",28-OCT-24
"E62P-MAIL","E62P","MAIL","31706","","100","","","MAIN","ST","","CAMBRIDGE","MA","02142",28-OCT-24
"E62P-STREET","E62P","STREET","31706","","100","","","MAIN","ST","","CAMBRIDGE","MA","02142",28-OCT-24
"E66-E911_1","E66","E911_1","","","1","","","MEMORIAL","DRIVE","","CAMBRIDGE","MA","02142",28-OCT-24
"E66-MAIL","E66","MAIL","","","1","","","MEMORIAL","DRIVE","","CAMBRIDGE","MA","02142",28-OCT-24
"E66-STREET","E66","STREET","","","1","","","MEMORIAL","DRIVE","","CAMBRIDGE","MA","02142",28-OCT-24
"E70-E911_1","E70","E911_1","4149","","1","","","BROADWAY","","","CAMBRIDGE","MA","02142",28-OCT-24
"E70-MAIL","E70","MAIL","708","","77","","","MASSACHUSETTS","AVE","","CAMBRIDGE","MA","02139",28-OCT-24
"E70-STREET","E70","STREET","4149","","1","","","BROADWAY","","","CAMBRIDGE","MA","02142",28-OCT-24
"E90-E911_1","E90","E911_1","","","1","","","MAIN","ST","","CAMBRIDGE","MA","02142",28-OCT-24
"E90-STREET","E90","STREET","","","1","","","MAIN","ST","","CAMBRIDGE","MA","02142",28-OCT-24
"E94-E911_1","E94","E911_1","","","245","","","FIRST","ST","","CAMBRIDGE","MA","02142",28-OCT-24
"E94-STREET","E94","STREET","","","245","","","FIRST","ST","","CAMBRIDGE","MA","02142",28-OCT-24
"N4-E911_1","N4","E911_1","717","","32","","","ALBANY","ST","","CAMBRIDGE","MA","02139",28-OCT-24
"N4-MAIL","N4","MAIL","708","","77","","","MASSACHUSETTS","AVE","","CAMBRIDGE","MA","02139",28-OCT-24
"N4-PARCL1","N4","PARCL1","","","ALB2&2R","","","","","","","","02142",28-OCT-24
"N4-PARCL2","N4","PARCL2","","","ALB36&36R","","","","","","","","02142",28-OCT-24
"W33-E911_2","W33","E911_2","47","","106","","","VASSAR","ST","","CAMBRIDGE","MA","02139",28-OCT-24
"W33-MAIL","W33","MAIL","708","","77","","","MASSACHUSETTS","AVE","","CAMBRIDGE","MA","02139",28-OCT-24
"W33-PARCL1","W33","PARCL1","","","VAS106","","","","","","","","02139",28-OCT-24
"W33-STREET","W33","STREET","47","","106","","","VASSAR","ST","","CAMBRIDGE","MA","02139",28-OCT-24
"W34-E911_1","W34","E911_1","672","","120","","","VASSAR","ST","","CAMBRIDGE","MA","02139",28-OCT-24
"W34-MAIL","W34","MAIL","708","","77","","","MASSACHUSETTS","AVE","","CAMBRIDGE","MA","02139",28-OCT-24
"W34-PARCL1","W34","PARCL1","","","VAS106","","","","","","","","02139",28-OCT-24
"W34-STREET","W34","STREET","672","","120","","","VASSAR","ST","","CAMBRIDGE","MA","02139",28-OCT-24
"W35-E911_1","W35","E911_1","672","","120","","","VASSAR","ST","","CAMBRIDGE","MA","02139",28-OCT-24
"W35-MAIL","W35","MAIL","708","","77","","","MASSACHUSETTS","AVE","","CAMBRIDGE","MA","02139",28-OCT-24
"W35-STREET","W35","STREET","672","","120","","","VASSAR","ST","","CAMBRIDGE","MA","02139",28-OCT-24
"W36-E911_1","W36","E911_1","","","130","","","VASSAR","ST","","CAMBRIDGE","MA","02139",28-OCT-24
"W36-MAIL","W36","MAIL","708","","77","","","MASSACHUSETTS","AVE","","CAMBRIDGE","MA","02139",28-OCT-24
"W36-STREET","W36","STREET","","","130","","","VASSAR","ST","","CAMBRIDGE","MA","02139",28-OCT-24
"W41-E911_1","W41","E911_1","","","134","","","MASSACHUSETTS","AVENUE","","CAMBRIDGE","MA","02139",28-OCT-24
"W41-MAIL","W41","MAIL","708","","77","","","MASSACHUSETTS","AVE","","CAMBRIDGE","MA","02139",28-OCT-24
"W41-STREET","W41","STREET","","","134","","","MASSACHUSETTS","AVENUE","","CAMBRIDGE","MA","02139",28-OCT-24
"W46-E911_1","W46","E911_1","","","189","","","VASSAR","ST","","CAMBRIDGE","MA","02139",28-OCT-24
"W46-STREET","W46","STREET","","","189","","","VASSAR","ST","","CAMBRIDGE","MA","02139",28-OCT-24
"W51-E911_1","W51","E911_1","45","","410","","","MEMORIAL","DR","","CAMBRIDGE","MA","02139",28-OCT-24
"W51-MAIL","W51","MAIL","45","","410","","","MEMORIAL","DR","","CAMBRIDGE","MA","02139",28-OCT-24
"W51-PARCL1","W51","PARCL1","","","MEM410","","","","","","","","02139",28-OCT-24
"W51-PARCL2","W51","PARCL2","","","MEM405","","","","","","","","02139",28-OCT-24
"W51-STREET","W51","STREET","45","","410","","","MEMORIAL","DR","","CAMBRIDGE","MA","02139",28-OCT-24
"W51C-E911_1","W51C","E911_1","14139","","405","","","MEMORIAL","DR","","CAMBRIDGE","MA","02139",28-OCT-24
"W51C-MAIL","W51C","MAIL","708","","77","","","MASSACHUSETTS","AVE","","CAMBRIDGE","MA","02139",28-OCT-24
"W51C-STREET","W51C","STREET","14139","","405","","","MEMORIAL","DR","","CAMBRIDGE","MA","02139",28-OCT-24
"W51D-E911_1","W51D","E911_1","","","407","","","MEMORIAL","DR","","CAMBRIDGE","MA","02139",28-OCT-24
"W51D-MAIL","W51D","MAIL","708","","77","","","MASSACHUSETTS","AVE","","CAMBRIDGE","MA","02139",28-OCT-24
"W51D-STREET","W51D","STREET","","","407","","","MEMORIAL","DR","","CAMBRIDGE","MA","02139",28-OCT-24
"W53-E911_1","W53","E911_1","31046","","410","R","","MEMORIAL","DR","","CAMBRIDGE","MA","02139",28-OCT-24
"W53-MAIL","W53","MAIL","708","","77","","","MASSACHUSETTS","AVE","","CAMBRIDGE","MA","02139",28-OCT-24
"W53-PARCL1","W53","PARCL1","","","VAS160","","","","","","","","02139",28-OCT-24
"W53-PARCL2","W53","PARCL2","","","VAS170","","","","","","","","02139",28-OCT-24
"W53-PARCL3","W53","PARCL3","","","VAS106","","","","","","","","02139",28-OCT-24
"W53-STREET","W53","STREET","","","410","","","MEMORIAL","DR","(Rear)","CAMBRIDGE","MA","02139",28-OCT-24
"W53A-E911_1","W53A","E911_1","31046","","410","R","","MEMORIAL","DR","","CAMBRIDGE","MA","02139",28-OCT-24
"W53A-MAIL","W53A","MAIL","708","","77","","","MASSACHUSETTS","AVE","","CAMBRIDGE","MA","02139",28-OCT-24
"W53A-PARCL1","W53A","PARCL1","","","VAS170","","","","","","","","02139",28-OCT-24
"W53A-STREET","W53A","STREET","","","410","","","MEMORIAL","DR","(Rear)","CAMBRIDGE","MA","02139",28-OCT-24
"W53B-E911_1","W53B","E911_1","31046","","410","R","","MEMORIAL","DR","","CAMBRIDGE","MA","02139",28-OCT-24
"W53B-MAIL","W53B","MAIL","708","","77","","","MASSACHUSETTS","AVE","","CAMBRIDGE","MA","02139",28-OCT-24
"W53B-PARCL1","W53B","PARCL1","","","VAS170","","","","","","","","02139",28-OCT-24
"W53B-STREET","W53B","STREET","","","410","","","MEMORIAL","DR","(Rear)","CAMBRIDGE","MA","02139",28-OCT-24
"W53C-E911_1","W53C","E911_1","31046","","410","R","","MEMORIAL","DR","","CAMBRIDGE","MA","02139",28-OCT-24
"W53C-MAIL","W53C","MAIL","708","","77","","","MASSACHUSETTS","AVE","","CAMBRIDGE","MA","02139",28-OCT-24
"W53C-STREET","W53C","STREET","","","410","","","MEMORIAL","DR","(Rear)","CAMBRIDGE","MA","02139",28-OCT-24
"W53D-E911_1","W53D","E911_1","31046","","410","R","","MEMORIAL","DR","","CAMBRIDGE","MA","02139",28-OCT-24
"W53D-MAIL","W53D","MAIL","708","","77","","","MASSACHUSETTS","AVE","","CAMBRIDGE","MA","02139",28-OCT-24
"W53D-STREET","W53D","STREET","","","410","","","MEMORIAL","DR","(Rear)","CAMBRIDGE","MA","02139",28-OCT-24
"W53E-E911_1","W53E","E911_1","31046","","410","R","","MEMORIAL","DR","","CAMBRIDGE","MA","02139",28-OCT-24
"42C-STREET","42C","STREET","","","37","","","ALBANY","ST","","CAMBRIDGE","MA","02139",28-OCT-24
"42T-E911_1","42T","E911_1","684","","59","","","VASSAR","ST","","CAMBRIDGE","MA","02139",28-OCT-24
"42T-STREET","42T","STREET","684","","59","","","VASSAR","ST","","CAMBRIDGE","MA","02139",28-OCT-24
"43-E911_1","43","E911_1","29749","","57","","","VASSAR","ST","","CAMBRIDGE","MA","02139",28-OCT-24
"43-MAIL","43","MAIL","708","","77","","","MASSACHUSETTS","AVE","","CAMBRIDGE","MA","02139",28-OCT-24
"43-PARCL1","43","PARCL1","","","MEM106","","","","","","CAMBRIDGE","MA","02142",28-OCT-24
"43-STREET","43","STREET","29749","","57","","","VASSAR","ST","","CAMBRIDGE","MA","02139",28-OCT-24
"45-E911_1","45","E911_1","718","","51","","","VASSAR","ST","","CAMBRIDGE","MA","02139",28-OCT-24
"45-MAIL","45","MAIL","718","","51","","","VASSAR","ST","","CAMBRIDGE","MA","02139",28-OCT-24
"45-STREET","45","STREET","718","","51","","","VASSAR","ST","","CAMBRIDGE","MA","02139",28-OCT-24
"46-E911_1","46","E911_1","29292","","43","","","VASSAR","ST","","CAMBRIDGE","MA","02139",28-OCT-24
"46-MAIL","46","MAIL","30245","","77","","","VASSAR","ST","","CAMBRIDGE","MA","02139",28-OCT-24
"46-STREET","46","STREET","29292","","43","","","VASSAR","ST","","CAMBRIDGE","MA","02139",28-OCT-24
"48-E911_1","48","E911_1","720","","15","","","VASSAR","ST","","CAMBRIDGE","MA","02139",28-OCT-24
"48-MAIL","48","MAIL","708","","77","","","MASSACHUSETTS","AVE","","CAMBRIDGE","MA","02139",28-OCT-24
"48-PARCL1","48","PARCL1","","","MEM106","","","","","","CAMBRIDGE","MA","02142",28-OCT-24
"48-STREET","48","STREET","720","","15","","","VASSAR","ST","","CAMBRIDGE","MA","02139",28-OCT-24
"50-E911_1","50","E911_1","731","","142","","","MEMORIAL","DR","","CAMBRIDGE","MA","02142",28-OCT-24
"50-MAIL","50","MAIL","708","","77","","","MASSACHUSETTS","AVE","","CAMBRIDGE","MA","02139",28-OCT-24
"50-PARCL1","50","PARCL1","","","MEM106","","","","","","CAMBRIDGE","MA","02142",28-OCT-24
"50-STREET","50","STREET","731","","142","","","MEMORIAL","DR","","CAMBRIDGE","MA","02142",28-OCT-24
"51-E911_1","51","E911_1","730","","134","","","MEMORIAL","DRIVE","","CAMBRIDGE","MA","02142",28-OCT-24
"51-MAIL","51","MAIL","708","","77","","","MASSACHUSETTS","AVE","","CAMBRIDGE","MA","02139",28-OCT-24
"51-PARCL1","51","PARCL1","","","MEM106","","","","","","CAMBRIDGE","MA","02142",28-OCT-24
"51-STREET","51","STREET","730","","134","","","MEMORIAL","DRIVE","","CAMBRIDGE","MA","02142",28-OCT-24
"54-E911_1","54","E911_1","25343","","21","","","AMES","ST","","CAMBRIDGE","MA","02142",28-OCT-24
"54-MAIL","54","MAIL","708","","77","","","MASSACHUSETTS","AVE","","CAMBRIDGE","MA","02139",28-OCT-24
"54-PARCL1","54","PARCL1","","","MEM106","","","","","","CAMBRIDGE","MA","02142",28-OCT-24
"54-STREET","54","STREET","25343","","21","","","AMES","ST","","CAMBRIDGE","MA","02142",28-OCT-24
"55-E911_1","55","E911_1","25343","","21","","","AMES","ST","","CAMBRIDGE","MA","02142",28-OCT-24
"55-MAIL","55","MAIL","708","","77","","","MASSACHUSETTS","AVE","","CAMBRIDGE","MA","02139",28-OCT-24
"55-STREET","55","STREET","25343","","21","","","AMES","ST","","CAMBRIDGE","MA","02142",28-OCT-24
"56-E911_1","56","E911_1","25343","","21","","","AMES","ST","","CAMBRIDGE","MA","02142",28-OCT-24
"56-MAIL","56","MAIL","708","","77","","","MASSACHUSETTS","AVE","","CAMBRIDGE","MA","02139",28-OCT-24
"56-PARCL1","56","PARCL1","","","MEM106","","","","","","CAMBRIDGE","MA","02142",28-OCT-24
"56-STREET","56","STREET","25343","","21","","","AMES","ST","","CAMBRIDGE","MA","02142",28-OCT-24
"57-E911_1","57","E911_1","31036","","6","","","VASSAR","ST","","CAMBRIDGE","MA","02139",28-OCT-24
"57-MAIL","57","MAIL","708","","77","","","MASSACHUSETTS","AVE","","CAMBRIDGE","MA","02139",28-OCT-24
"57-PARCL1","57","PARCL1","","","MEM106","","","","","","CAMBRIDGE","MA","02142",28-OCT-24
"57-STREET","57","STREET","31036","","6","","","VASSAR","ST","","CAMBRIDGE","MA","02139",28-OCT-24
"62-E911_1","62","E911_1","31041","","3","R","","AMES","ST","","CAMBRIDGE","MA","02142",28-OCT-24
"62-MAIL","62","MAIL","","","3","","","AMES","ST","(Rear)","CAMBRIDGE","MA","02142",28-OCT-24
"62-PARCL1","62","PARCL1","","","MEM106","","","","","","CAMBRIDGE","MA","02142",28-OCT-24
"62-STREET","62","STREET","","","3","","","AMES","ST","(Rear)","CAMBRIDGE","MA","02142",28-OCT-24
"62H-E911_1","62H","E911_1","31041","","3","R","","AMES","ST","","CAMBRIDGE","MA","02142",28-OCT-24
"62H-STREET","62H","STREET","","","3","","","AMES","ST","(Rear)","CAMBRIDGE","MA","02142",28-OCT-24
"62M-E911_1","62M","E911_1","31041","","3","R","","AMES","ST","","CAMBRIDGE","MA","02142",28-OCT-24
"62M-STREET","62M","STREET","","","3","","","AMES","ST","(Rear)","CAMBRIDGE","MA","02142",28-OCT-24
"62W-E911_1","62W","E911_1","31041","","3","R","","AMES","ST","","CAMBRIDGE","MA","02142",28-OCT-24
"62W-STREET","62W","STREET","","","3","","","AMES","ST","(Rear)","CAMBRIDGE","MA","02142",28-OCT-24
"64-E911_1","64","E911_1","24630","","3","","","AMES","ST","","CAMBRIDGE","MA","02142",28-OCT-24
"64-MAIL","64","MAIL","24630","","3","","","AMES","ST","","CAMBRIDGE","MA","02142",28-OCT-24
"64-PARCL1","64","PARCL1","","","MEM106","","","","","","CAMBRIDGE","MA","02142",28-OCT-24
"64-STREET","64","STREET","24630","","3","","","AMES","ST","","CAMBRIDGE","MA","02142",28-OCT-24
"64B-E911_1","64B","E911_1","24630","","3","","","AMES","ST","","CAMBRIDGE","MA","02142",28-OCT-24
"64B-STREET","64B","STREET","24630","","3","","","AMES","ST","","CAMBRIDGE","MA","02142",28-OCT-24
"64G-E911_1","64G","E911_1","24630","","3","","","AMES","ST","","CAMBRIDGE","MA","02142",28-OCT-24
"64G-STREET","64G","STREET","24630","","3","","","AMES","ST","","CAMBRIDGE","MA","02142",28-OCT-24
"64W-E911_1","64W","E911_1","24630","","3","","","AMES","ST","","CAMBRIDGE","MA","02142",28-OCT-24
"64W-STREET","64W","STREET","24630","","3","","","AMES","ST","","CAMBRIDGE","MA","02142",28-OCT-24
"66-E911_1","66","E911_1","25344","","25","","","AMES","ST","","CAMBRIDGE","MA","02142",28-OCT-24
"66-MAIL","66","MAIL","708","","77","","","MASSACHUSETTS","AVE","","CAMBRIDGE","MA","02139",28-OCT-24
"66-PARCL1","66","PARCL1","","","MEM106","","","","","","CAMBRIDGE","MA","02142",28-OCT-24
"OC21E-MAIL","OC21E","MAIL","","","50","","","GROTON","RD","","WESTFORD","MA","01886",28-OCT-24
"OC21E-STREET","OC21E","STREET","","","50","","","GROTON","RD","","WESTFORD","MA","01886",28-OCT-24
"OC21F-E911_1","OC21F","E911_1","","","50","","","GROTON","RD","","WESTFORD","MA","01886",28-OCT-24
"OC21F-MAIL","OC21F","MAIL","","","50","","","GROTON","RD","","WESTFORD","MA","01886",28-OCT-24
"OC21F-STREET","OC21F","STREET","","","50","","","GROTON","RD","","WESTFORD","MA","01886",28-OCT-24
"OC22-E911_1","OC22","E911_1","","","50","","","GROTON","RD","","WESTFORD","MA","01886",28-OCT-24
"OC22-MAIL","OC22","MAIL","","","99","","","MILLSTONE","RD","","TYNGSBOROUGH","MA","01879",28-OCT-24
"OC22-STREET","OC22","STREET","","","99","","","MILLSTONE","RD","","TYNGSBOROUGH","MA","01879",28-OCT-24
"OC23-E911_1","OC23","E911_1","","","17","","","MILLSTONE HILL","RD","","WESTFORD","MA","01886",28-OCT-24
"OC23-MAIL","OC23","MAIL","","","50","","","GROTON","RD","","WESTFORD","MA","01886",28-OCT-24
"OC23-STREET","OC23","STREET","","","50","","","GROTON","RD","","WESTFORD","MA","01886",28-OCT-24
"OC24-E911_1","OC24","E911_1","","","71","","","MILLSTONE","RD","","WESTFORD","MA","01886",28-OCT-24
"OC24-MAIL","OC24","MAIL","","","99","","","MILLSTONE","RD","","TYNGSBOROUGH","MA","01879",28-OCT-24
"OC24-STREET","OC24","STREET","","","99","","","MILLSTONE","RD","","TYNGSBOROUGH","MA","01879",28-OCT-24
"OC25-E911_1","OC25","E911_1","","","99","","","MILLSTONE","RD","","TYNGSBOROUGH","MA","01879",28-OCT-24
"OC25-MAIL","OC25","MAIL","","","99","","","MILLSTONE","RD","","TYNGSBOROUGH","MA","01879",28-OCT-24
"OC25-STREET","OC25","STREET","","","99","","","MILLSTONE","RD","","TYNGSBOROUGH","MA","01879",28-OCT-24
"OC26-E911_1","OC26","E911_1","","","83","","","MILLSTONE","RD","","WESTFORD","MA","01886",28-OCT-24
"OC26-MAIL","OC26","MAIL","","","99","","","MILLSTONE","RD","","TYNGSBOROUGH","MA","01879",28-OCT-24
"OC26-STREET","OC26","STREET","","","99","","","MILLSTONE","RD","","TYNGSBOROUGH","MA","01879",28-OCT-24
"OC31-E911_1","OC31","E911_1","","","244","","","WOOD","ST","","LEXINGTON","MA","02421",28-OCT-24
"OC31-STREET","OC31","STREET","","","244","","","WOOD","ST","","LEXINGTON","MA","02421",28-OCT-24
"OC31A-E911_1","OC31A","E911_1","","","244","","","WOOD","ST","","LEXINGTON","MA","02421",28-OCT-24
"OC31A-STREET","OC31A","STREET","","","244","","","WOOD","ST","","LEXINGTON","MA","02421",28-OCT-24
"OC32-E911_1","OC32","E911_1","","","244","","","WOOD","ST","","LEXINGTON","MA","02421",28-OCT-24
"OC32-STREET","OC32","STREET","","","244","","","WOOD","ST","","LEXINGTON","MA","02421",28-OCT-24
"OC32A-E911_1","OC32A","E911_1","","","244","","","WOOD","ST","","LEXINGTON","MA","02421",28-OCT-24
"OC32A-STREET","OC32A","STREET","","","244","","","WOOD","ST","","LEXINGTON","MA","02421",28-OCT-24
"OC32B-E911_1","OC32B","E911_1","","","244","","","WOOD","ST","","LEXINGTON","MA","02421",28-OCT-24
"OC32B-STREET","OC32B","STREET","","","244","","","WOOD","ST","","LEXINGTON","MA","02421",28-OCT-24
"OC33-E911_1","OC33","E911_1","","","244","","","WOOD","ST","","LEXINGTON","MA","02421",28-OCT-24
"OC33-STREET","OC33","STREET","","","244","","","WOOD","ST","","LEXINGTON","MA","02421",28-OCT-24
"OC35-E911_1","OC35","E911_1","","","244","","","WOOD","ST","","LEXINGTON","MA","02421",28-OCT-24
"OC35-STREET","OC35","STREET","","","244","","","WOOD","ST","","LEXINGTON","MA","02421",28-OCT-24
"OC36-E911_1","OC36","E911_1","","","244","","","WOOD","ST","","LEXINGTON","MA","02421",28-OCT-24
"OC36-STREET","OC36","STREET","","","244","","","WOOD","ST","","LEXINGTON","MA","02421",28-OCT-24
"OC36A-E911_1","OC36A","E911_1","","","244","","","WOOD","ST","","LEXINGTON","MA","02421",28-OCT-24
"OC36A-STREET","OC36A","STREET","","","244","","","WOOD","ST","","LEXINGTON","MA","02421",28-OCT-24
"OC40-E911_1","OC40","E911_1","","","100","","","BIGELOW","ST","","HOLYOKE","MA","01040",28-OCT-24
"OC40-STREET","OC40","STREET","","","100","","","BIGELOW","ST","","HOLYOKE","MA","01040",28-OCT-24
"OC46-E911_1","OC46","E911_1","","","353","","","MIDDLESEX","AVE","","WILMINGTON","MA","01887",28-OCT-24
"OC46-STREET","OC46","STREET","","","353","","","MIDDLESEX","AVE","","WILMINGTON","MA","01887",28-OCT-24
"W1-E911_1","W1","E911_1","677","","305","","","MEMORIAL","DR","","CAMBRIDGE","MA","02139",28-OCT-24
"W1-MAIL","W1","MAIL","677","","305","","","MEMORIAL","DR","","CAMBRIDGE","MA","02139",28-OCT-24
"W1-PARCL1","W1","PARCL1","","","MEM300","","","","","","","","02139",28-OCT-24
"W1-STREET","W1","STREET","677","","305","","","MEMORIAL","DR","","CAMBRIDGE","MA","02139",28-OCT-24
"W2-E911_1","W2","E911_1","14137","","311","","","MEMORIAL","DR","","CAMBRIDGE","MA","02139",28-OCT-24
"W2-MAIL","W2","MAIL","14137","","311","","","MEMORIAL","DR","","CAMBRIDGE","MA","02139",28-OCT-24
"W2-PARCL1","W2","PARCL1","","","MEM311","","","","","","","","02139",28-OCT-24
"W2-STREET","W2","STREET","14137","","311","","","MEMORIAL","DR","","CAMBRIDGE","MA","02139",28-OCT-24
"W4-E911_1","W4","E911_1","675","","320","","","MEMORIAL","DR","","CAMBRIDGE","MA","02139",28-OCT-24
"W4-MAIL","W4","MAIL","675","","320","","","MEMORIAL","DR","","CAMBRIDGE","MA","02139",28-OCT-24
"W4-PARCL1","W4","PARCL1","","","MEM319","","","","","","","","02139",28-OCT-24
"W4-PARCL2","W4","PARCL2","","","MEM318","","","","","","","","02139",28-OCT-24
"W4-PARCL3","W4","PARCL3","","","MEM317","","","","","","","","02139",28-OCT-24
"W4-PARCL4","W4","PARCL4","","","MEM315","","","","","","","","02139",28-OCT-24
"W4-STREET","W4","STREET","675","","320","","","MEMORIAL","DR","","CAMBRIDGE","MA","02139",28-OCT-24
"W5-E911_1","W5","E911_1","673","","350","","","MEMORIAL","DR","","CAMBRIDGE","MA","02139",28-OCT-24
"W5-MAIL","W5","MAIL","673","","350","","","MEMORIAL","DR","","CAMBRIDGE","MA","02139",28-OCT-24
"W5-PARCL1","W5","PARCL1","","","MEM341","","","","","","","","02139",28-OCT-24
"W5-STREET","W5","STREET","673","","350","","","MEMORIAL","DR","","CAMBRIDGE","MA","02139",28-OCT-24
"W7-E911_1","W7","E911_1","7236","","362","","","MEMORIAL","DR","","CAMBRIDGE","MA","02139",28-OCT-24
"W7-MAIL","W7","MAIL","7236","","362","","","MEMORIAL","DR","","CAMBRIDGE","MA","02139",28-OCT-24
"W7-PARCL1","W7","PARCL1","","","VAS106","","","","","","","","02139",28-OCT-24
"W7-STREET","W7","STREET","7236","","362","","","MEMORIAL","DR","","CAMBRIDGE","MA","02139",28-OCT-24
"W8-E911_1","W8","E911_1","671","","409","","","MEMORIAL","DR","","CAMBRIDGE","MA","02139",28-OCT-24
"W8-MAIL","W8","MAIL","708","","77","","","MASSACHUSETTS","AVE","","CAMBRIDGE","MA","02139",28-OCT-24
"W8-PARCL1","W8","PARCL1","","","MEM409L","","","","","","","","02139",28-OCT-24
"W8-STREET","W8","STREET","671","","409","","","MEMORIAL","DR","","CAMBRIDGE","MA","02139",28-OCT-24
"W11-E911_1","W11","E911_1","46","","40","","","MASSACHUSETTS","AVE","","CAMBRIDGE","MA","02139",28-OCT-24
"W11-MAIL","W11","MAIL","708","","77","","","MASSACHUSETTS","AVE","","CAMBRIDGE","MA","02139",28-OCT-24
"W11-PARCL1","W11","PARCL1","","","MAS32","","","","","","","","02139",28-OCT-24
"W11-STREET","W11","STREET","46","","40","","","MASSACHUSETTS","AVE","","CAMBRIDGE","MA","02139",28-OCT-24
"W15-E911_1","W15","E911_1","31044","","48","R","","MASSACHUSETTS","AVE","","CAMBRIDGE","MA","02139",28-OCT-24
"W15-MAIL","W15","MAIL","708","","77","","","MASSACHUSETTS","AVE","","CAMBRIDGE","MA","02139",28-OCT-24
"W15-PARCL1","W15","PARCL1","","","MAS60","","","","","","","","02139",28-OCT-24
"W15-STREET","W15","STREET","","","48","","","MASSACHUSETTS","AVE","(Rear)","CAMBRIDGE","MA","02139",28-OCT-24
"W16-E911_1","W16","E911_1","31044","","48","R","","MASSACHUSETTS","AVE","","CAMBRIDGE","MA","02139",28-OCT-24
"W16-MAIL","W16","MAIL","708","","77","","","MASSACHUSETTS","AVE","","CAMBRIDGE","MA","02139",28-OCT-24
"W16-PARCL1","W16","PARCL1","","","MAS60","","","","","","","","02139",28-OCT-24
"W16-STREET","W16","STREET","31044","","48","R","","MASSACHUSETTS","AVE","","CAMBRIDGE","MA","02139",28-OCT-24
"W18-E911_1","W18","E911_1","","","201","","","AMHERST","ST","","CAMBRIDGE","MA","02142",28-OCT-24
"W18-MAIL","W18","MAIL","","","201","","","AMHERST","ST","","CAMBRIDGE","MA","02142",28-OCT-24
"W18-STREET","W18","STREET","","","201","","","AMHERST","ST","","CAMBRIDGE","MA","02142",28-OCT-24
"W18P-E911_1","W18P","E911_1","","","201","","","AMHERST","ST","","CAMBRIDGE","MA","02142",28-OCT-24
"W18P-MAIL","W18P","MAIL","","","201","","","AMHERST","ST","","CAMBRIDGE","MA","02142",28-OCT-24
"W18P-STREET","W18P","STREET","","","201","","","AMHERST","ST","","CAMBRIDGE","MA","02142",28-OCT-24
"W20-E911_1","W20","E911_1","682","","84","","","MASSACHUSETTS","AVE","","CAMBRIDGE","MA","02139",28-OCT-24
"W20-MAIL","W20","MAIL","708","","77","","","MASSACHUSETTS","AVE","","CAMBRIDGE","MA","02139",28-OCT-24
"W20-PARCL1","W20","PARCL1","","","MAS76R","","","","","","","","02139",28-OCT-24
"W20-STREET","W20","STREET","682","","84","","","MASSACHUSETTS","AVE","","CAMBRIDGE","MA","02139",28-OCT-24
"W31-E911_1","W31","E911_1","48","","120","","","MASSACHUSETTS","AVE","","CAMBRIDGE","MA","02139",28-OCT-24
"W31-MAIL","W31","MAIL","708","","77","","","MASSACHUSETTS","AVE","","CAMBRIDGE","MA","02139",28-OCT-24
"W31-PARCL1","W31","PARCL1","","","MAS120","","","","","","","","02139",28-OCT-24
"W31-STREET","W31","STREET","48","","120","","","MASSACHUSETTS","AVE","","CAMBRIDGE","MA","02139",28-OCT-24
"W32-E911_1","W32","E911_1","49","","100","","","MASSACHUSETTS","AVE","","CAMBRIDGE","MA","02139",28-OCT-24
"W32-MAIL","W32","MAIL","708","","77","","","MASSACHUSETTS","AVE","","CAMBRIDGE","MA","02139",28-OCT-24
"W32-PARCL1","W32","PARCL1","","","MAS120","","","","","","","","02139",28-OCT-24
"W32-STREET","W32","STREET","49","","100","","","MASSACHUSETTS","AVE","","CAMBRIDGE","MA","02139",28-OCT-24
"W33-E911_1","W33","E911_1","49","","100","","","MASSACHUSETTS","AVE","","CAMBRIDGE","MA","02139",28-OCT-24
"N4-STREET","N4","STREET","717","","32","","","ALBANY","ST","","CAMBRIDGE","MA","02139",28-OCT-24
"N9-E911_1","N9","E911_1","681","","68","","","ALBANY","ST","","CAMBRIDGE","MA","02139",28-OCT-24
"N9-MAIL","N9","MAIL","708","","77","","","MASSACHUSETTS","AVE","","CAMBRIDGE","MA","02139",28-OCT-24
"N9-PARCL1","N9","PARCL1","","","ALB68","","","","","","","","02142",28-OCT-24
"N9-PARCL2","N9","PARCL2","","","MAS149","","","","","","","","02142",28-OCT-24
"N9-STREET","N9","STREET","681","","68","","","ALBANY","ST","","CAMBRIDGE","MA","02139",28-OCT-24
"N10-E911_1","N10","E911_1","680","","155","","","MASSACHUSETTS","AVE","","CAMBRIDGE","MA","02139",28-OCT-24
"N10-MAIL","N10","MAIL","708","","77","","","MASSACHUSETTS","AVE","","CAMBRIDGE","MA","02139",28-OCT-24
"N10-PARCL1","N10","PARCL1","","","MAS149","","","","","","","","02142",28-OCT-24
"N10-STREET","N10","STREET","680","","155","","","MASSACHUSETTS","AVE","","CAMBRIDGE","MA","02139",28-OCT-24
"N16-E911_1","N16","E911_1","29840","","60","","","ALBANY","ST","","CAMBRIDGE","MA","02139",28-OCT-24
"N16-MAIL","N16","MAIL","708","","77","","","MASSACHUSETTS","AVE","","CAMBRIDGE","MA","02139",28-OCT-24
"N16-PARCL1","N16","PARCL1","","","ALB60","","","","","","","","02142",28-OCT-24
"N16-STREET","N16","STREET","29840","","60","","","ALBANY","ST","","CAMBRIDGE","MA","02139",28-OCT-24
"N16A-E911_1","N16A","E911_1","29840","","60","","","ALBANY","ST","","CAMBRIDGE","MA","02139",28-OCT-24
"N16A-MAIL","N16A","MAIL","708","","77","","","MASSACHUSETTS","AVE","","CAMBRIDGE","MA","02139",28-OCT-24
"N16A-STREET","N16A","STREET","29840","","60","","","ALBANY","ST","","CAMBRIDGE","MA","02139",28-OCT-24
"N16B-E911_1","N16B","E911_1","29840","","60","","","ALBANY","ST","","CAMBRIDGE","MA","02139",28-OCT-24
"N16B-MAIL","N16B","MAIL","708","","77","","","MASSACHUSETTS","AVE","","CAMBRIDGE","MA","02139",28-OCT-24
"N16B-STREET","N16B","STREET","29840","","60","","","ALBANY","ST","","CAMBRIDGE","MA","02139",28-OCT-24
"N16C-E911_1","N16C","E911_1","29840","","60","","","ALBANY","ST","","CAMBRIDGE","MA","02139",28-OCT-24
"N16C-MAIL","N16C","MAIL","708","","77","","","MASSACHUSETTS","AVE","","CAMBRIDGE","MA","02139",28-OCT-24
"N16C-STREET","N16C","STREET","29840","","60","","","ALBANY","ST","","CAMBRIDGE","MA","02139",28-OCT-24
"N47-E911_1","N47","E911_1","","","730","","","MAIN","ST","","CAMBRIDGE","MA","02139",28-OCT-24
"N47-STREET","N47","STREET","","","730","","","MAIN","ST","","CAMBRIDGE","MA","02139",28-OCT-24
"N51-E911_1","N51","E911_1","31042","","275","","","MASSACHUSETTS","AVE","","CAMBRIDGE","MA","02139",28-OCT-24
"N51-MAIL","N51","MAIL","708","","77","","","MASSACHUSETTS","AVE","","CAMBRIDGE","MA","02139",28-OCT-24
"N51-PARCL1","N51","PARCL1","","","MAS275","","","","","","","","02139",28-OCT-24
"N51-STREET","N51","STREET","31042","","275","","","MASSACHUSETTS","AVE","","CAMBRIDGE","MA","02139",28-OCT-24
"N52-E911_1","N52","E911_1","643","","265","","","MASSACHUSETTS","AVE","","CAMBRIDGE","MA","02139",28-OCT-24
"N52-MAIL","N52","MAIL","708","","77","","","MASSACHUSETTS","AVE","","CAMBRIDGE","MA","02139",28-OCT-24
"N52-PARCL1","N52","PARCL1","","","MAS265","","","","","","","","02139",28-OCT-24
"N52-STREET","N52","STREET","643","","265","","","MASSACHUSETTS","AVE","","CAMBRIDGE","MA","02139",28-OCT-24
"N57-E911_1","N57","E911_1","26502","","1","","","STATE","ST","","CAMBRIDGE","MA","02139",28-OCT-24
"N57-MAIL","N57","MAIL","708","","77","","","MASSACHUSETTS","AVE","","CAMBRIDGE","MA","02139",28-OCT-24
"N57-PARCL1","N57","PARCL1","","","MAI864","","","","","","","","02139",28-OCT-24
"N57-STREET","N57","STREET","26502","","1","","","STATE","ST","","CAMBRIDGE","MA","02139",28-OCT-24
"NE106-E911_1","NE106","E911_1","","","101","","","ROGERS","ST","","CAMBRIDGE","MA","02142",28-OCT-24
"NE106-MAIL","NE106","MAIL","","","101","","","ROGERS","ST","","CAMBRIDGE","MA","02142",28-OCT-24
"NE106-STREET","NE106","STREET","","","101","","","ROGERS","ST","","CAMBRIDGE","MA","02142",28-OCT-24
"NE18-E911_1","NE18","E911_1","","","255","","","MAIN","ST","","CAMBRIDGE","MA","02142",28-OCT-24
"NE18-MAIL","NE18","MAIL","708","","77","","","MASSACHUSETTS","AVE","","CAMBRIDGE","MA","02139",28-OCT-24
"NE18-STREET","NE18","STREET","","","255","","","MAIN","ST","","CAMBRIDGE","MA","02142",28-OCT-24
"NE36-E911_1","NE36","E911_1","","","105","","","BROADWAY","","","CAMBRIDGE","MA","02139",28-OCT-24
"NE36-MAIL","NE36","MAIL","708","","77","","","MASSACHUSETTS","AVE","","CAMBRIDGE","MA","02139",28-OCT-24
"NE36-STREET","NE36","STREET","","","105","","","BROADWAY","","","CAMBRIDGE","MA","02139",28-OCT-24
"NE45-E911_1","NE45","E911_1","","","300","","","TECHNOLOGY","SQ","","CAMBRIDGE","MA","02139",28-OCT-24
"NE45-STREET","NE45","STREET","","","300","","","TECHNOLOGY","SQ","","CAMBRIDGE","MA","02139",28-OCT-24
"NE47-E911_1","NE47","E911_1","8994","","500","","","TECHNOLOGY","SQ","","CAMBRIDGE","MA","02139",28-OCT-24
"NE47-MAIL","NE47","MAIL","708","","77","","","MASSACHUSETTS","AVE","","CAMBRIDGE","MA","02139",28-OCT-24
"NE47-STREET","NE47","STREET","8994","","500","","","TECHNOLOGY","SQ","","CAMBRIDGE","MA","02139",28-OCT-24
"NE48-E911_1","NE48","E911_1","13710","","700","","","TECHNOLOGY","SQ","","CAMBRIDGE","MA","02139",28-OCT-24
"NE48-MAIL","NE48","MAIL","708","","77","","","MASSACHUSETTS","AVE","","CAMBRIDGE","MA","02139",28-OCT-24
"NE48-STREET","NE48","STREET","13710","","700","","","TECHNOLOGY","SQ","","CAMBRIDGE","MA","02139",28-OCT-24
"NE49-E911_1","NE49","E911_1","8993","","600","","","TECHNOLOGY","SQ","","CAMBRIDGE","MA","02139",28-OCT-24
"NE49-MAIL","NE49","MAIL","708","","77","","","MASSACHUSETTS","AVE","","CAMBRIDGE","MA","02139",28-OCT-24
"NE49-STREET","NE49","STREET","8993","","600","","","TECHNOLOGY","SQ","","CAMBRIDGE","MA","02139",28-OCT-24
"NE83-E911_1","NE83","E911_1","","","1","","","KENDALL","SQ","","CAMBRIDGE","MA","02139",28-OCT-24
"NE83-MAIL","NE83","MAIL","","","1","","","KENDALL","SQ","","CAMBRIDGE","MA","02139",28-OCT-24
"NE83-STREET","NE83","STREET","","","1","","","KENDALL","SQ","","CAMBRIDGE","MA","02139",28-OCT-24
"NW10-E911_1","NW10","E911_1","24250","","143","","","ALBANY","ST","","CAMBRIDGE","MA","02139",28-OCT-24
"NW10-MAIL","NW10","MAIL","24250","","143","","","ALBANY","ST","","CAMBRIDGE","MA","02139",28-OCT-24
"NW10-PARCL1","NW10","PARCL1","","","ALB143","","","","","","","","02139",28-OCT-24
"NW10-STREET","NW10","STREET","24250","","143","","","ALBANY","ST","","CAMBRIDGE","MA","02139",28-OCT-24
"NW12-E911_1","NW12","E911_1","25317","","138","","","ALBANY","ST","","CAMBRIDGE","MA","02139",28-OCT-24
"NW12-MAIL","NW12","MAIL","708","","77","","","MASSACHUSETTS","AVE","","CAMBRIDGE","MA","02139",28-OCT-24
"NW12-PARCL1","NW12","PARCL1","","","ALB120","","","","","","","","02139",28-OCT-24
"NW12-STREET","NW12","STREET","25317","","138","","","ALBANY","ST","","CAMBRIDGE","MA","02139",28-OCT-24
"NW12A-E911_1","NW12A","E911_1","","","138","R","","ALBANY","ST","","CAMBRIDGE","MA","02139",28-OCT-24
"NW12A-MAIL","NW12A","MAIL","708","","77","","","MASSACHUSETTS","AVE","","CAMBRIDGE","MA","02139",28-OCT-24
"NW12A-STREET","NW12A","STREET","","","138","","","ALBANY","ST","(Rear)","CAMBRIDGE","MA","02139",28-OCT-24
"NW13-E911_1","NW13","E911_1","27270","","144","","","ALBANY","ST","","CAMBRIDGE","MA","02139",28-OCT-24
"NW13-MAIL","NW13","MAIL","708","","77","","","MASSACHUSETTS","AVE","","CAMBRIDGE","MA","02139",28-OCT-24
"NW13-PARCL1","NW13","PARCL1","","","ALB120","","","","","","","","02139",28-OCT-24
"NW13-PARCL2","NW13","PARCL2","","","ALB144","","","","","","","","02139",28-OCT-24
"NW13-STREET","NW13","STREET","27270","","144","","","ALBANY","ST","","CAMBRIDGE","MA","02139",28-OCT-24
"NW14-E911_1","NW14","E911_1","27364","","150","","","ALBANY","ST","","CAMBRIDGE","MA","02139",28-OCT-24
"NW14-E911_2","NW14","E911_2","27572","","166","","","ALBANY","ST","","CAMBRIDGE","MA","02139",28-OCT-24
"NW14-MAIL","NW14","MAIL","708","","77","","","MASSACHUSETTS","AVE","","CAMBRIDGE","MA","02139",28-OCT-24
"NW14-PARCL1","NW14","PARCL1","","","ALB144","","","","","","","","02139",28-OCT-24
"NW14-STREET","NW14","STREET","27364","","150","","","ALBANY","ST","","CAMBRIDGE","MA","02139",28-OCT-24
"NW15-E911_1","NW15","E911_1","27572","","166","","","ALBANY","ST","","CAMBRIDGE","MA","02139",28-OCT-24
"NW15-E911_2","NW15","E911_2","27643","","170","","","ALBANY","ST","","CAMBRIDGE","MA","02139",28-OCT-24
"NW15-MAIL","NW15","MAIL","708","","77","","","MASSACHUSETTS","AVE","","CAMBRIDGE","MA","02139",28-OCT-24
"NW15-PARCL1","NW15","PARCL1","","","ALB144","","","","","","","","02139",28-OCT-24
"NW15-STREET","NW15","STREET","","","166-170","","","ALBANY","ST","","CAMBRIDGE","MA","02139",28-OCT-24
"NW16-E911_1","NW16","E911_1","634","","167","","","ALBANY","ST","","CAMBRIDGE","MA","02139",28-OCT-24
"NW16-PARCL1","NW16","PARCL1","","","ALB167","","","","","","","","02139",28-OCT-24
"NW16-STREET","NW16","STREET","634","","167","","","ALBANY","ST","","CAMBRIDGE","MA","02139",28-OCT-24
"NW17-E911_1","NW17","E911_1","633","","175","","","ALBANY","ST","","CAMBRIDGE","MA","02139",28-OCT-24
"NW17-PARCL1","NW17","PARCL1","","","ALB175","","","","","","","","02139",28-OCT-24
"NW17-STREET","NW17","STREET","633","","175","","","ALBANY","ST","","CAMBRIDGE","MA","02139",28-OCT-24
"NW20-E911_1","NW20","E911_1","27751","","180","","","ALBANY","ST","","CAMBRIDGE","MA","02139",28-OCT-24
"NW20-MAIL","NW20","MAIL","708","","77","","","MASSACHUSETTS","AVE","","CAMBRIDGE","MA","02139",28-OCT-24
"NW20-PARCL1","NW20","PARCL1","","","ALB144","","","","","","","","02139",28-OCT-24
"NW20-STREET","NW20","STREET","27751","","180","","","ALBANY","ST","","CAMBRIDGE","MA","02139",28-OCT-24
"NW21-E911_1","NW21","E911_1","27847","","190","","","ALBANY","ST","","CAMBRIDGE","MA","02139",28-OCT-24
"NW21-PARCL1","NW21","PARCL1","","","ALB180","","","","","","","","02139",28-OCT-24
"NW21-STREET","NW21","STREET","27847","","190","","","ALBANY","ST","","CAMBRIDGE","MA","02139",28-OCT-24
"NW22-E911_1","NW22","E911_1","3689","","185","","","ALBANY","ST","","CAMBRIDGE","MA","02139",28-OCT-24
"W70-PARCL1","W70","PARCL1","","","MEM430","","","","","","","","02139",28-OCT-24
"W70-STREET","W70","STREET","","","471-476","","","MEMORIAL","DR","","CAMBRIDGE","MA","02139",28-OCT-24
"W71-E911_1","W71","E911_1","593","","500","","","MEMORIAL","DR","","CAMBRIDGE","MA","02139",28-OCT-24
"W71-MAIL","W71","MAIL","593","","500","","","MEMORIAL","DR","","CAMBRIDGE","MA","02139",28-OCT-24
"W71-PARCL1","W71","PARCL1","","","MEM531","","","","","","","","02139",28-OCT-24
"W71-PARCL2","W71","PARCL2","","","MEM430","","","","","","","","02139",28-OCT-24
"W71-STREET","W71","STREET","593","","500","","","MEMORIAL","DR","","CAMBRIDGE","MA","02139",28-OCT-24
"W79-E911_1","W79","E911_1","4628","","229","","","VASSAR","ST","","CAMBRIDGE","MA","02139",28-OCT-24
"W79-MAIL","W79","MAIL","4628","","229","","","VASSAR","ST","","CAMBRIDGE","MA","02139",28-OCT-24
"W79-STREET","W79","STREET","4628","","229","","","VASSAR","ST","","CAMBRIDGE","MA","02139",28-OCT-24
"W83-E911_1","W83","E911_1","26740","","11","","","AUDREY","ST","","CAMBRIDGE","MA","02139",28-OCT-24
"W83-MAIL","W83","MAIL","26740","","11","","","AUDREY","ST","","CAMBRIDGE","MA","02139",28-OCT-24
"W83-STREET","W83","STREET","26740","","11","","","AUDREY","ST","","CAMBRIDGE","MA","02139",28-OCT-24
"W84-E911_1","W84","E911_1","589","","550","","","MEMORIAL","DR","","CAMBRIDGE","MA","02139",28-OCT-24
"W84-MAIL","W84","MAIL","589","","550","","","MEMORIAL","DR","","CAMBRIDGE","MA","02139",28-OCT-24
"W84-PARCL1","W84","PARCL1","","","MEM531R","","","","","","","","02139",28-OCT-24
"W84-PARCL2","W84","PARCL2","","","MEM531","","","","","","","","02139",28-OCT-24
"W84-STREET","W84","STREET","589","","550","","","MEMORIAL","DR","","CAMBRIDGE","MA","02139",28-OCT-24
"W85-E911_1","W85","E911_1","591","","540","","","MEMORIAL","DR","","CAMBRIDGE","MA","02139",28-OCT-24
"W85-MAIL","W85","MAIL","","","WESTGATE","","","","","","","","02139",28-OCT-24
"W85-PARCL1","W85","PARCL1","","","MEM545R","","","","","","","","02139",28-OCT-24
"W85-STREET","W85","STREET","","","540","","","MEMORIAL","DR","(Rear)","CAMBRIDGE","MA","02139",28-OCT-24
"W85A-E911_1","W85A","E911_1","26740","","11","","","AUDREY","ST","","CAMBRIDGE","MA","02139",28-OCT-24
"W85A-PARCL1","W85A","PARCL1","","","MEM545R","","","","","","","","02139",28-OCT-24
"W85A-STREET","W85A","STREET","26740","","11","","","AUDREY","ST","","CAMBRIDGE","MA","02139",28-OCT-24
"W85ABC-E911_1","W85ABC","E911_1","26740","","11","","","AUDREY","ST","","CAMBRIDGE","MA","02139",28-OCT-24
"W85ABC-E911_2","W85ABC","E911_2","27034","","13","","","AUDREY","ST","","CAMBRIDGE","MA","02139",28-OCT-24
"W85ABC-E911_3","W85ABC","E911_3","27325","","15","","","AUDREY","ST","","CAMBRIDGE","MA","02139",28-OCT-24
"W85ABC-STREET","W85ABC","STREET","","","11-13-15","","","AUDREY","ST","","CAMBRIDGE","MA","02139",28-OCT-24
"W85B-E911_1","W85B","E911_1","27034","","13","","","AUDREY","ST","","CAMBRIDGE","MA","02139",28-OCT-24
"W85B-PARCL1","W85B","PARCL1","","","MEM545R","","","","","","","","02139",28-OCT-24
"W85B-STREET","W85B","STREET","27034","","13","","","AUDREY","ST","","CAMBRIDGE","MA","02139",28-OCT-24
"W85C-E911_1","W85C","E911_1","27325","","15","","","AUDREY","ST","","CAMBRIDGE","MA","02139",28-OCT-24
"W85C-PARCL1","W85C","PARCL1","","","MEM545R","","","","","","","","02139",28-OCT-24
"W85C-STREET","W85C","STREET","27325","","15","","","AUDREY","ST","","CAMBRIDGE","MA","02139",28-OCT-24
"W85D-E911_1","W85D","E911_1","28662","","292","","","VASSAR","ST","","CAMBRIDGE","MA","02139",28-OCT-24
"W85D-PARCL1","W85D","PARCL1","","","MEM545R","","","","","","","","02139",28-OCT-24
"W85D-STREET","W85D","STREET","28662","","292","","","VASSAR","ST","","CAMBRIDGE","MA","02139",28-OCT-24
"W85DE-E911_1","W85DE","E911_1","588","","290","","","VASSAR","ST","","CAMBRIDGE","MA","02139",28-OCT-24
"W85DE-E911_2","W85DE","E911_2","28662","","292","","","VASSAR","ST","","CAMBRIDGE","MA","02139",28-OCT-24
"W85DE-STREET","W85DE","STREET","","","292-290","","","VASSAR","ST","","CAMBRIDGE","MA","02139",28-OCT-24
"W85E-E911_1","W85E","E911_1","588","","290","","","VASSAR","ST","","CAMBRIDGE","MA","02139",28-OCT-24
"W85E-PARCL1","W85E","PARCL1","","","MEM545R","","","","","","","","02139",28-OCT-24
"W85E-STREET","W85E","STREET","588","","290","","","VASSAR","ST","","CAMBRIDGE","MA","02139",28-OCT-24
"W85F-E911_1","W85F","E911_1","28625","","286","","","VASSAR","ST","","CAMBRIDGE","MA","02139",28-OCT-24
"W85F-PARCL1","W85F","PARCL1","","","MEM545R","","","","","","","","02139",28-OCT-24
"W85F-STREET","W85F","STREET","28625","","286","","","VASSAR","ST","","CAMBRIDGE","MA","02139",28-OCT-24
"W85FG-E911_1","W85FG","E911_1","590","","284","","","VASSAR","ST","","CAMBRIDGE","MA","02139",28-OCT-24
"W85FG-E911_2","W85FG","E911_2","28625","","286","","","VASSAR","ST","","CAMBRIDGE","MA","02139",28-OCT-24
"W85FG-STREET","W85FG","STREET","","","286-284","","","VASSAR","ST","","CAMBRIDGE","MA","02139",28-OCT-24
"W85G-E911_1","W85G","E911_1","590","","284","","","VASSAR","ST","","CAMBRIDGE","MA","02139",28-OCT-24
"W85G-PARCL1","W85G","PARCL1","","","MEM545R","","","","","","","","02139",28-OCT-24
"W85G-STREET","W85G","STREET","590","","284","","","VASSAR","ST","","CAMBRIDGE","MA","02139",28-OCT-24
"W85H-E911_1","W85H","E911_1","","","282","R","","VASSAR","ST","","CAMBRIDGE","MA","02139",28-OCT-24
"W85H-PARCL1","W85H","PARCL1","","","MEM545R","","","","","","","","02139",28-OCT-24
"W85H-STREET","W85H","STREET","","","282","","","VASSAR","ST","(Rear)","CAMBRIDGE","MA","02139",28-OCT-24
"W85HJK-E911_1","W85HJK","E911_1","592","","278","","","VASSAR","ST","","CAMBRIDGE","MA","02139",28-OCT-24
"W85HJK-E911_2","W85HJK","E911_2","28605","","280","","","VASSAR","ST","","CAMBRIDGE","MA","02139",28-OCT-24
"W85HJK-E911_3","W85HJK","E911_3","28610","","282","","","VASSAR","ST","","CAMBRIDGE","MA","02139",28-OCT-24
"W85HJK-STREET","W85HJK","STREET","","","282-280-278","","","VASSAR","ST","","CAMBRIDGE","MA","02139",28-OCT-24
"W85J-E911_1","W85J","E911_1","","","280","R","","VASSAR","ST","","CAMBRIDGE","MA","02139",28-OCT-24
"W85J-STREET","W85J","STREET","","","280","","","VASSAR","ST","(Rear)","CAMBRIDGE","MA","02139",28-OCT-24
"W85K-E911_1","W85K","E911_1","","","278","R","","VASSAR","ST","","CAMBRIDGE","MA","02139",28-OCT-24
"W85K-PARCL1","W85K","PARCL1","","","MEM545R","","","","","","","","02139",28-OCT-24
"W85K-STREET","W85K","STREET","","","278","","","VASSAR","ST","(Rear)","CAMBRIDGE","MA","02139",28-OCT-24
"W87-STREET","W87","STREET","","","269","","","VASSAR","ST","","CAMBRIDGE","MA","02139",28-OCT-24
"W88-STREET","W88","STREET","","","299","","","VASSAR","ST","","CAMBRIDGE","MA","02139",28-OCT-24
"W91-E911_1","W91","E911_1","587","","565","","","MEMORIAL","DR","","CAMBRIDGE","MA","02139",28-OCT-24
"W91-E911_2","W91","E911_2","29751","","570","","","MEMORIAL","DR","","CAMBRIDGE","MA","02139",28-OCT-24
"W91-MAIL","W91","MAIL","708","","77","","","MASSACHUSETTS","AVE","","CAMBRIDGE","MA","02139",28-OCT-24
"W91-PARCL1","W91","PARCL1","","","MEM565","","","","","","","","02139",28-OCT-24
"W91-STREET","W91","STREET","","","565-570","","","MEMORIAL","DR","","CAMBRIDGE","MA","02139",28-OCT-24
"W92-E911_1","W92","E911_1","6289","","304","","","VASSAR","ST","","CAMBRIDGE","MA","02139",28-OCT-24
"W92-MAIL","W92","MAIL","708","","77","","","MASSACHUSETTS","AVE","","CAMBRIDGE","MA","02139",28-OCT-24
"W92-STREET","W92","STREET","6289","","304","","","VASSAR","ST","","CAMBRIDGE","MA","02139",28-OCT-24
"W97-DELIVERY","W97","DELIVERY","","","77","","","MASSACHUSETTS","AVE","(Rear)","CAMBRIDGE","MA","02139",28-OCT-24
"W97-E911_1","W97","E911_1","","","345","","","VASSAR","ST","","CAMBRIDGE","MA","02139",28-OCT-24
"W97-STREET","W97","STREET","","","345","","","VASSAR","ST","","CAMBRIDGE","MA","02139",28-OCT-24
"W98-E911_1","W98","E911_1","9269","","600","","","MEMORIAL","DR","","CAMBRIDGE","MA","02139",28-OCT-24
"W98-MAIL","W98","MAIL","708","","77","","","MASSACHUSETTS","AVE","","CAMBRIDGE","MA","02139",28-OCT-24
"W98-STREET","W98","STREET","9269","","600","","","MEMORIAL","DR","","CAMBRIDGE","MA","02139",28-OCT-24
"WW15-E911_1","WW15","E911_1","25455","","350","","","BROOKLINE","ST","","CAMBRIDGE","MA","02139",28-OCT-24
"WW15-MAIL","WW15","MAIL","708","","77","","","MASSACHUSETTS","AVE","","CAMBRIDGE","MA","02139",28-OCT-24
"WW15-PARCL1","WW15","PARCL1","","","BRO350","","","","","","","","02139",28-OCT-24
"WW15-STREET","WW15","STREET","25455","","350","","","BROOKLINE","ST","","CAMBRIDGE","MA","02139",28-OCT-24
