"ACADEMIC_TERMS_KEY","TERM_CODE","TERM_DESCRIPTION","TERM_SELECTOR","TERM_START_DATE","TERM_END_DATE","ACADEMIC_YEAR","ACADEMIC_YEAR_DESC","IS_CURRENT_TERM","TERM_STATUS_INDICATOR","FINANCIAL_AID_YEAR","DEGREE_YEAR","LAST_DAY_OF_FINAL_EXAM","PRE_REGISTRATION_START_DAY","REGISTRATION_DAY","FIRST_DAY_OF_CLASSES","LAST_DAY_OF_CLASSES","GRADUATE_AWARD_START_DATE","GRADUATE_AWARD_END_DATE","WAREHOUSE_LOAD_DATE"
"1996SU","1996SU","Summer Term 1996","1996SU-Summer Term 1996",10-JUN-96,20-AUG-96,"1996","Academic Year 1995-1996","N","P","1997","1997",20-AUG-96,01-MAY-96,10-JUN-96,10-JUN-96,20-AUG-96,01-JUN-96,31-AUG-96,28-OCT-24
"1997SU","1997SU","Summer Term 1997","1997SU-Summer Term 1997",09-JUN-97,19-AUG-97,"1997","Academic Year 1996-1997","N","P","1998","1998",19-AUG-97,01-MAY-97,09-JUN-97,09-JUN-97,19-AUG-97,01-JUN-97,31-AUG-97,28-OCT-24
"1998SU","1998SU","Summer Term 1998","1998SU-Summer Term 1998",08-JUN-98,18-AUG-98,"1998","Academic Year 1997-1998","N","P","1999","1999",18-AUG-98,09-JUN-98,08-JUN-98,08-JUN-98,18-AUG-98,01-JUN-98,31-AUG-98,28-OCT-24
"1999SU","1999SU","Summer Term 1999","1999SU-Summer Term 1999",07-JUN-99,17-AUG-99,"1999","Academic Year 1998-1999","N","P","2000","2000",17-AUG-99,01-MAY-99,07-JUN-99,07-JUN-99,17-AUG-99,01-JUN-99,31-AUG-99,28-OCT-24
"2000SU","2000SU","Summer Term 2000","2000SU-Summer Term 2000",05-JUN-00,15-AUG-00,"2000","Academic Year 1999-2000","N","P","2001","2001",16-AUG-00,01-MAY-00,06-JUN-00,05-JUN-00,15-AUG-00,01-JUN-00,31-AUG-00,28-OCT-24
"2001SU","2001SU","Summer Term 2001","2001SU-Summer Term 2001",11-JUN-01,21-AUG-01,"2001","Academic Year 2000-2001","N","P","2002","2002",21-AUG-01,01-MAY-00,11-JUN-01,11-JUN-01,21-AUG-01,01-JUN-01,31-AUG-01,28-OCT-24
"2002SU","2002SU","Summer Term 2002","2002SU-Summer Term 2002",10-JUN-02,20-AUG-02,"2002","Academic Year 2001-2002","N","P","2003","2003",20-AUG-02,01-MAY-02,10-JUN-02,10-JUN-02,20-AUG-02,01-JUN-02,31-AUG-02,28-OCT-24
"2003SU","2003SU","Summer Term 2003","2003SU-Summer Term 2003",09-JUN-03,19-AUG-03,"2003","Academic Year 2002-2003","N","P","2004","2004",19-AUG-03,01-MAY-03,10-JUN-03,09-JUN-03,19-AUG-03,01-JUN-03,31-AUG-03,28-OCT-24
"2004SU","2004SU","Summer Term 2004","2004SU-Summer Term 2004",07-JUN-04,17-AUG-04,"2004","Academic Year 2003-2004","N","P","2005","2005",17-AUG-04,03-MAY-04,07-JUN-04,07-JUN-04,17-AUG-04,01-JUN-04,31-AUG-04,28-OCT-24
"2005SU","2005SU","Summer Term 2005","2005SU-Summer Term 2005",06-JUN-05,16-AUG-05,"2005","Academic Year 2004-2005","N","P","2006","2006",16-AUG-05,02-MAY-05,06-JUN-05,06-JUN-05,16-AUG-05,01-JUN-05,31-AUG-05,28-OCT-24
"1997SP","1997SP","Spring Term 1996-1997","1997SP-Spring Term 1996-1997",03-FEB-97,23-MAY-97,"1997","Academic Year 1996-1997","N","P","1997","1997",23-MAY-97,01-MAY-97,03-FEB-97,04-FEB-97,15-MAY-97,16-JAN-97,31-MAY-97,28-OCT-24
"1998SP","1998SP","Spring Term 1997-1998","1998SP-Spring Term 1997-1998",02-FEB-98,22-MAY-98,"1998","Academic Year 1997-1998","N","P","1998","1998",22-MAY-98,21-NOV-97,02-FEB-98,03-FEB-98,14-MAY-98,16-JAN-98,31-MAY-98,28-OCT-24
"1999SP","1999SP","Spring Term 1998-1999","1999SP-Spring Term 1998-1999",02-FEB-99,21-MAY-99,"1999","Academic Year 1998-1999","N","P","1999","1999",21-MAY-99,30-NOV-98,01-FEB-99,02-FEB-99,13-MAY-99,16-JAN-99,31-MAY-99,28-OCT-24
"2000SP","2000SP","Spring Term 1999-2000","2000SP-Spring Term 1999-2000",31-JAN-00,19-MAY-00,"2000","Academic Year 1999-2000","N","P","2000","2000",19-MAY-00,30-NOV-99,31-JAN-00,01-FEB-00,11-MAY-00,16-JAN-00,31-MAY-00,28-OCT-24
"2001SP","2001SP","Spring Term 2000-2001","2001SP-Spring Term 2000-2001",06-FEB-01,25-MAY-01,"2001","Academic Year 2000-2001","N","P","2001","2001",25-MAY-01,30-NOV-00,05-FEB-01,06-FEB-01,17-MAY-01,16-JAN-01,31-MAY-01,28-OCT-24
"2002SP","2002SP","Spring Term 2001-2002","2002SP-Spring Term 2001-2002",04-FEB-02,24-MAY-02,"2002","Academic Year 2001-2002","N","P","2002","2002",24-MAY-02,29-NOV-01,04-FEB-02,05-FEB-02,16-MAY-02,16-JAN-02,31-MAY-02,28-OCT-24
"2003SP","2003SP","Spring Term 2002-2003","2003SP-Spring Term 2002-2003",03-FEB-03,23-MAY-03,"2003","Academic Year 2002-2003","N","P","2003","2003",23-MAY-03,29-NOV-02,03-FEB-03,04-FEB-03,15-MAY-03,16-JAN-03,31-MAY-03,28-OCT-24
"2004SP","2004SP","Spring Term 2003-2004","2004SP-Spring Term 2003-2004",02-FEB-04,21-MAY-04,"2004","Academic Year 2003-2004","N","P","2004","2004",21-MAY-04,29-NOV-03,02-FEB-04,03-FEB-04,13-MAY-04,16-JAN-04,31-MAY-04,28-OCT-24
"2005SP","2005SP","Spring Term 2004-2005","2005SP-Spring Term 2004-2005",31-JAN-05,20-MAY-05,"2005","Academic Year 2004-2005","N","P","2005","2005",20-MAY-05,01-DEC-04,31-JAN-05,01-FEB-05,12-MAY-05,16-JAN-05,31-MAY-05,28-OCT-24
"1997FA","1997FA","Fall Term 1996-1997","1997FA-Fall Term 1996-1997",03-SEP-96,20-DEC-96,"1997","Academic Year 1996-1997","N","P","1997","1997",20-DEC-96,03-MAY-96,03-SEP-96,04-SEP-96,11-DEC-96,01-SEP-96,15-JAN-97,28-OCT-24
"1963SP","1963SP","Spring Term 1962-1963","1963SP-Spring Term 1962-1963",04-FEB-63,31-MAY-63,"1963","Academic Year 1962-1963","N","P","1963","1963",31-MAY-63,,04-FEB-63,05-FEB-63,31-MAY-63,,,28-OCT-24
"1993JA","1993JA","January Term 1992-1993","1993JA-January Term 1992-1993",04-JAN-93,27-JAN-93,"1993","Academic Year 1992-1993","N","P","","",27-JAN-93,,04-JAN-93,04-JAN-93,27-JAN-93,,,28-OCT-24
"1993SP","1993SP","Spring Term 1992-1993","1993SP-Spring Term 1992-1993",28-JAN-93,19-MAY-93,"1993","Academic Year 1992-1993","N","P","1993","1993",19-MAY-93,,28-JAN-93,29-JAN-93,10-MAY-93,16-JAN-93,31-MAY-93,28-OCT-24
"1993SU","1993SU","Summer Term 1993","1993SU-Summer Term 1993",07-JUN-93,18-AUG-93,"1993","Academic Year 1992-1993","N","P","1994","1994",18-AUG-93,01-MAY-93,07-JUN-93,07-JUN-93,13-AUG-93,01-JUN-93,31-AUG-93,28-OCT-24
"1992FA","1992FA","Fall Term 1991-1992","1992FA-Fall Term 1991-1992",09-SEP-91,20-DEC-91,"1992","Academic Year 1991-1992","N","P","1992","1992",20-DEC-91,,09-SEP-91,10-SEP-91,12-DEC-91,01-SEP-91,15-JAN-92,28-OCT-24
"1992JA","1992JA","January Term 1991-1992","1992JA-January Term 1991-1992",06-JAN-92,29-JAN-92,"1992","Academic Year 1991-1992","N","P","","",29-JAN-92,,06-JAN-92,06-JAN-92,29-JAN-92,,,28-OCT-24
"1992SP","1992SP","Spring Term 1991-1992","1992SP-Spring Term 1991-1992",30-JAN-92,20-MAY-92,"1992","Academic Year 1991-1992","N","P","1992","1992",20-MAY-92,,30-JAN-92,31-JAN-92,11-MAY-92,16-JAN-92,31-MAY-92,28-OCT-24
"1992SU","1992SU","Summer Term 1992","1992SU-Summer Term 1992",08-JUN-92,19-AUG-92,"1992","Academic Year 1991-1992","N","P","1993","1993",19-AUG-92,01-MAY-92,08-JUN-92,08-JUN-92,14-AUG-92,01-JUN-92,31-AUG-92,28-OCT-24
"1991FA","1991FA","Fall Term 1990-1991","1991FA-Fall Term 1990-1991",10-SEP-90,21-DEC-90,"1991","Academic Year 1990-1991","N","P","1991","1991",21-DEC-90,,10-SEP-90,11-SEP-90,30-JAN-91,01-SEP-90,15-JAN-91,28-OCT-24
"1991SP","1991SP","Spring Term 1990-1991","1991SP-Spring Term 1990-1991",31-JAN-91,22-MAY-91,"1991","Academic Year 1990-1991","N","P","1991","1991",22-MAY-91,,31-JAN-91,01-FEB-91,22-MAY-91,16-JAN-91,31-MAY-91,28-OCT-24
"1991SU","1991SU","Summer Term 1991","1991SU-Summer Term 1991",10-JUN-91,21-AUG-91,"1991","Academic Year 1990-1991","N","P","1992","1992",21-AUG-91,01-MAY-91,10-JUN-91,10-JUN-91,21-AUG-91,01-JUN-91,31-AUG-91,28-OCT-24
"1991JA","1991JA","January Term 1990-1991","1991JA-January Term 1990-1991",07-JAN-91,30-JAN-91,"1991","Academic Year 1990-1991","N","P","","",30-JAN-91,,07-JAN-91,07-JAN-91,30-JAN-91,,,28-OCT-24
"1995SP","1995SP","Spring Term 1994-1995","1995SP-Spring Term 1994-1995",06-FEB-95,26-MAY-95,"1995","Academic Year 1994-1995","N","P","1995","1995",26-MAY-95,,06-FEB-95,07-FEB-95,18-MAY-95,16-JAN-95,31-MAY-95,28-OCT-24
"1994FA","1994FA","Fall Term 1993-1994","1994FA-Fall Term 1993-1994",08-SEP-93,17-DEC-93,"1994","Academic Year 1993-1994","N","P","1994","1994",17-DEC-93,,08-SEP-93,09-SEP-93,09-DEC-93,01-SEP-93,15-JAN-94,28-OCT-24
"1994SP","1994SP","Spring Term 1993-1994","1994SP-Spring Term 1993-1994",27-JAN-94,18-MAY-94,"1994","Academic Year 1993-1994","N","P","1994","1994",18-MAY-94,,27-JAN-94,28-JAN-94,09-MAY-94,16-JAN-94,31-MAY-94,28-OCT-24
"1995FA","1995FA","Fall Term 1994-1995","1995FA-Fall Term 1994-1995",06-SEP-94,22-DEC-94,"1995","Academic Year 1994-1995","N","P","1995","1995",22-DEC-94,,06-SEP-94,07-SEP-94,14-DEC-94,01-SEP-94,15-JAN-95,28-OCT-24
"1990FA","1990FA","Fall Term 1989-1990","1990FA-Fall Term 1989-1990",11-SEP-89,22-DEC-89,"1990","Academic Year 1989-1990","N","P","1990","1990",22-DEC-89,,11-SEP-89,12-SEP-89,22-DEC-89,01-SEP-89,15-JAN-90,28-OCT-24
"1962SP","1962SP","Spring Term 1961-1962","1962SP-Spring Term 1961-1962",05-FEB-62,01-JUN-62,"1962","Academic Year 1961-1962","N","P","1962","1962",01-JUN-62,,05-FEB-62,06-FEB-62,01-JUN-62,,,28-OCT-24
"1990JA","1990JA","January Term 1989-1990","1990JA-January Term 1989-1990",08-JAN-90,31-JAN-90,"1990","Academic Year 1989-1990","N","P","","",31-JAN-90,,08-JAN-90,08-JAN-90,31-JAN-90,,,28-OCT-24
"1993FA","1993FA","Fall Term 1992-1993","1993FA-Fall Term 1992-1993",09-SEP-92,18-DEC-92,"1993","Academic Year 1992-1993","N","P","1993","1993",18-DEC-92,,09-SEP-92,10-SEP-92,10-DEC-92,01-SEP-92,15-JAN-93,28-OCT-24
"1990SU","1990SU","Summer Term 1990","1990SU-Summer Term 1990",11-JUN-90,22-AUG-90,"1990","Academic Year 1989-1990","N","P","1991","1991",22-AUG-90,01-MAY-90,11-JUN-90,11-JUN-90,22-AUG-90,01-JUN-90,31-AUG-90,28-OCT-24
"1989FA","1989FA","Fall Term 1988-1989","1989FA-Fall Term 1988-1989",12-SEP-88,22-DEC-88,"1989","Academic Year 1988-1989","N","P","1989","1989",22-DEC-88,,12-SEP-88,13-SEP-88,01-FEB-89,01-SEP-88,15-JAN-89,28-OCT-24
"1988FA","1988FA","Fall Term 1987-1988","1988FA-Fall Term 1987-1988",09-SEP-87,18-DEC-87,"1988","Academic Year 1987-1988","N","P","1988","1988",18-DEC-87,,09-SEP-87,10-SEP-87,27-JAN-88,01-SEP-87,15-JAN-88,28-OCT-24
"1989SP","1989SP","Spring Term 1988-1989","1989SP-Spring Term 1988-1989",06-FEB-89,24-MAY-89,"1989","Academic Year 1988-1989","N","P","1989","1989",24-MAY-89,,06-FEB-89,07-FEB-89,16-MAY-89,16-JAN-89,31-MAY-89,28-OCT-24
"1988SP","1988SP","Spring Term 1987-1988","1988SP-Spring Term 1987-1988",01-FEB-88,18-MAY-88,"1988","Academic Year 1987-1988","N","P","1988","1988",18-MAY-88,,01-FEB-88,02-FEB-88,18-MAY-88,16-JAN-88,31-MAY-88,28-OCT-24
"1987FA","1987FA","Fall Term 1986-1987","1987FA-Fall Term 1986-1987",08-SEP-86,19-DEC-86,"1987","Academic Year 1986-1987","N","P","1987","1987",19-DEC-86,,08-SEP-86,09-SEP-86,28-JAN-87,01-SEP-86,15-JAN-87,28-OCT-24
"1986FA","1986FA","Fall Term 1985-1986","1986FA-Fall Term 1985-1986",09-SEP-85,20-DEC-85,"1986","Academic Year 1985-1986","N","P","1986","1986",20-DEC-85,,09-SEP-85,10-SEP-85,29-JAN-86,01-SEP-85,15-JAN-86,28-OCT-24
"1985FA","1985FA","Fall Term 1984-1985","1985FA-Fall Term 1984-1985",10-SEP-84,21-DEC-84,"1985","Academic Year 1984-1985","N","P","1985","1985",21-DEC-84,,10-SEP-84,11-SEP-84,30-JAN-85,01-SEP-84,15-JAN-85,28-OCT-24
"1990SP","1990SP","Spring Term 1989-1990","1990SP-Spring Term 1989-1990",05-FEB-90,24-MAY-90,"1990","Academic Year 1989-1990","N","P","1990","1990",24-MAY-90,,05-FEB-90,06-FEB-90,24-MAY-90,16-JAN-90,31-MAY-90,28-OCT-24
"1951FA","1951FA","Fall Term 1950-1951","1951FA-Fall Term 1950-1951",19-SEP-50,31-JAN-51,"1951","Academic Year 1950-1951","N","P","XXXX","XXXX",25-JAN-51,,17-SEP-50,,,,,28-OCT-24
"1952FA","1952FA","Fall Term 1951-1952","1952FA-Fall Term 1951-1952",19-SEP-51,31-JAN-52,"1952","Academic Year 1951-1952","N","P","XXXX","XXXX",25-JAN-52,,17-SEP-51,,,,,28-OCT-24
"1953FA","1953FA","Fall Term 1952-1953","1953FA-Fall Term 1952-1953",19-SEP-52,31-JAN-53,"1953","Academic Year 1952-1953","N","P","XXXX","XXXX",25-JAN-53,,17-SEP-52,,,,,28-OCT-24
"1954FA","1954FA","Fall Term 1953-1954","1954FA-Fall Term 1953-1954",19-SEP-53,31-JAN-54,"1954","Academic Year 1953-1954","N","P","XXXX","XXXX",26-JAN-54,,18-SEP-53,,,,,28-OCT-24
"1955FA","1955FA","Fall Term 1954-1955","1955FA-Fall Term 1954-1955",19-SEP-54,31-JAN-55,"1955","Academic Year 1954-1955","N","P","XXXX","XXXX",26-JAN-55,,18-SEP-54,,,,,28-OCT-24
"1956FA","1956FA","Fall Term 1955-1956","1956FA-Fall Term 1955-1956",19-SEP-55,31-JAN-56,"1956","Academic Year 1955-1956","N","P","XXXX","XXXX",26-JAN-56,,18-SEP-55,,,,,28-OCT-24
"1957FA","1957FA","Fall Term 1956-1957","1957FA-Fall Term 1956-1957",19-SEP-56,31-JAN-57,"1957","Academic Year 1956-1957","N","P","XXXX","XXXX",25-JAN-57,,17-SEP-56,,,,,28-OCT-24
"1958FA","1958FA","Fall Term 1957-1958","1958FA-Fall Term 1957-1958",19-SEP-57,31-JAN-58,"1958","Academic Year 1957-1958","N","P","XXXX","XXXX",25-JAN-58,,17-SEP-57,,,,,28-OCT-24
"1977FA","1977FA","Fall Term 1976-1977","1977FA-Fall Term 1976-1977",13-SEP-76,22-DEC-76,"1977","Academic Year 1976-1977","N","P","1977","1977",22-DEC-76,,13-SEP-76,14-SEP-76,28-JAN-77,,,28-OCT-24
"1959FA","1959FA","Fall Term 1958-1959","1959FA-Fall Term 1958-1959",18-SEP-58,30-JAN-59,"1959","Academic Year 1958-1959","N","P","XXXX","XXXX",25-JAN-59,,17-SEP-58,,,,,28-OCT-24
"1960FA","1960FA","Fall Term 1959-1960","1960FA-Fall Term 1959-1960",21-SEP-59,29-JAN-60,"1960","Academic Year 1959-1960","N","P","1960","1960",29-JAN-60,,21-SEP-59,22-SEP-59,29-JAN-60,,,28-OCT-24
"1970FA","1970FA","Fall Term 1969-1970","1970FA-Fall Term 1969-1970",23-SEP-69,30-JAN-70,"1970","Academic Year 1969-1970","N","P","1970","1970",30-JAN-70,,23-SEP-69,24-SEP-69,30-JAN-70,,,28-OCT-24
"1971FA","1971FA","Fall Term 1970-1971","1971FA-Fall Term 1970-1971",14-SEP-70,23-DEC-70,"1971","Academic Year 1970-1971","N","P","1971","1971",23-DEC-70,,14-SEP-70,15-SEP-70,29-JAN-71,,,28-OCT-24
"1972FA","1972FA","Fall Term 1971-1972","1972FA-Fall Term 1971-1972",13-SEP-71,22-DEC-71,"1972","Academic Year 1971-1972","N","P","1972","1972",22-DEC-71,,13-SEP-71,14-SEP-71,28-JAN-72,,,28-OCT-24
"1973FA","1973FA","Fall Term 1972-1973","1973FA-Fall Term 1972-1973",11-SEP-72,21-DEC-72,"1973","Academic Year 1972-1973","N","P","1973","1973",21-DEC-72,,11-SEP-72,12-SEP-72,31-JAN-73,,,28-OCT-24
"1974FA","1974FA","Fall Term 1973-1974","1974FA-Fall Term 1973-1974",10-SEP-73,20-DEC-73,"1974","Academic Year 1973-1974","N","P","1974","1974",20-DEC-73,,10-SEP-73,11-SEP-73,30-JAN-74,,,28-OCT-24
"1975FA","1975FA","Fall Term 1974-1975","1975FA-Fall Term 1974-1975",09-SEP-74,19-DEC-74,"1975","Academic Year 1974-1975","N","P","1975","1975",19-DEC-74,,09-SEP-74,10-SEP-74,29-JAN-75,,,28-OCT-24
"1976FA","1976FA","Fall Term 1975-1976","1976FA-Fall Term 1975-1976",08-SEP-75,18-DEC-75,"1976","Academic Year 1975-1976","N","P","1976","1976",18-DEC-75,,08-SEP-75,09-SEP-75,28-JAN-76,,,28-OCT-24
"1978FA","1978FA","Fall Term 1977-1978","1978FA-Fall Term 1977-1978",12-SEP-77,22-DEC-77,"1978","Academic Year 1977-1978","N","P","1978","1978",22-DEC-77,,12-SEP-77,13-SEP-77,01-FEB-78,01-SEP-77,15-JAN-78,28-OCT-24
"1979FA","1979FA","Fall Term 1978-1979","1979FA-Fall Term 1978-1979",11-SEP-78,21-DEC-78,"1979","Academic Year 1978-1979","N","P","1979","1979",21-DEC-78,,11-SEP-78,12-SEP-78,31-JAN-79,01-SEP-78,15-JAN-79,28-OCT-24
"1980FA","1980FA","Fall Term 1979-1980","1980FA-Fall Term 1979-1980",10-SEP-79,20-DEC-79,"1980","Academic Year 1979-1980","N","P","1980","1980",20-DEC-79,,10-SEP-79,11-SEP-79,30-JAN-80,01-SEP-79,15-JAN-80,28-OCT-24
"1981FA","1981FA","Fall Term 1980-1981","1981FA-Fall Term 1980-1981",08-SEP-80,18-DEC-80,"1981","Academic Year 1980-1981","N","P","1981","1981",18-DEC-80,,08-SEP-80,09-SEP-80,28-JAN-81,01-SEP-80,15-JAN-81,28-OCT-24
"1961FA","1961FA","Fall Term 1960-1961","1961FA-Fall Term 1960-1961",19-SEP-60,27-JAN-61,"1961","Academic Year 1960-1961","N","P","1961","1961",27-JAN-61,,19-SEP-60,20-SEP-60,27-JAN-61,,,28-OCT-24
"1962FA","1962FA","Fall Term 1961-1962","1962FA-Fall Term 1961-1962",18-SEP-61,26-JAN-62,"1962","Academic Year 1961-1962","N","P","1962","1962",26-JAN-62,,18-SEP-61,19-SEP-61,26-JAN-62,,,28-OCT-24
"1963FA","1963FA","Fall Term 1962-1963","1963FA-Fall Term 1962-1963",17-SEP-62,25-JAN-63,"1963","Academic Year 1962-1963","N","P","1963","1963",25-JAN-63,,17-SEP-62,18-SEP-62,25-JAN-63,,,28-OCT-24
"1964FA","1964FA","Fall Term 1963-1964","1964FA-Fall Term 1963-1964",23-SEP-63,31-JAN-64,"1964","Academic Year 1963-1964","N","P","1964","1964",31-JAN-64,,23-SEP-63,24-SEP-63,31-JAN-64,,,28-OCT-24
"1965FA","1965FA","Fall Term 1964-1965","1965FA-Fall Term 1964-1965",21-SEP-64,29-JAN-65,"1965","Academic Year 1964-1965","N","P","1965","1965",29-JAN-65,,21-SEP-64,21-SEP-64,29-JAN-65,,,28-OCT-24
"1966FA","1966FA","Fall Term 1965-1966","1966FA-Fall Term 1965-1966",20-SEP-65,28-JAN-66,"1966","Academic Year 1965-1966","N","P","1966","1966",28-JAN-66,,20-SEP-65,20-SEP-65,28-JAN-66,,,28-OCT-24
"1967FA","1967FA","Fall Term 1966-1967","1967FA-Fall Term 1966-1967",19-SEP-66,27-JAN-67,"1967","Academic Year 1966-1967","N","P","1967","1967",27-JAN-67,,19-SEP-66,19-SEP-66,27-JAN-67,,,28-OCT-24
"1965SU","1965SU","Summer Term 1965","1965SU-Summer Term 1965",21-JUN-65,02-SEP-65,"1965","Academic Year 1964-1965","N","P","1966","1966",02-SEP-65,01-MAY-65,21-JUN-65,21-JUN-65,02-SEP-65,,,28-OCT-24
"1982FA","1982FA","Fall Term 1981-1982","1982FA-Fall Term 1981-1982",09-SEP-81,18-DEC-81,"1982","Academic Year 1981-1982","N","P","1982","1982",18-DEC-81,,09-SEP-81,10-SEP-81,27-JAN-82,01-SEP-81,15-JAN-82,28-OCT-24
"1967SP","1967SP","Spring Term 1966-1967","1967SP-Spring Term 1966-1967",06-FEB-67,02-JUN-67,"1967","Academic Year 1966-1967","N","P","1967","1967",02-JUN-67,,06-FEB-67,06-FEB-67,02-JUN-67,,,28-OCT-24
"1966SU","1966SU","Summer Term 1966","1966SU-Summer Term 1966",20-JUN-66,01-SEP-66,"1966","Academic Year 1965-1966","N","P","1967","1967",01-SEP-66,01-MAY-66,20-JUN-66,20-JUN-66,01-SEP-66,,,28-OCT-24
"1967SU","1967SU","Summer Term 1967","1967SU-Summer Term 1967",19-JUN-67,31-AUG-67,"1967","Academic Year 1966-1967","N","P","1968","1968",31-AUG-67,01-MAY-67,19-JUN-67,19-JUN-67,31-AUG-67,,,28-OCT-24
"1968SP","1968SP","Spring Term 1967-1968","1968SP-Spring Term 1967-1968",05-FEB-68,31-MAY-68,"1968","Academic Year 1967-1968","N","P","1968","1968",31-MAY-68,,05-FEB-68,06-FEB-68,31-MAY-68,,,28-OCT-24
"1969SP","1969SP","Spring Term 1968-1969","1969SP-Spring Term 1968-1969",10-FEB-69,06-JUN-69,"1969","Academic Year 1968-1969","N","P","1969","1969",06-JUN-69,,10-FEB-69,11-FEB-69,06-JUN-69,,,28-OCT-24
"1968SU","1968SU","Summer 1968","1968SU-Summer 1968",17-JUN-68,29-AUG-68,"1968","Academic Year 1967-1968","N","P","1969","1969",29-AUG-68,01-MAY-68,17-JUN-68,17-JUN-68,29-AUG-68,,,28-OCT-24
"1969SU","1969SU","Summer Term 1969","1969SU-Summer Term 1969",17-JUN-69,28-AUG-69,"1969","Academic Year 1968-1969","N","P","1970","1970",28-AUG-69,01-MAY-69,17-JUN-69,17-JUN-69,28-AUG-69,,,28-OCT-24
"1970SU","1970SU","Summer Term 1970","1970SU-Summer Term 1970",22-JUN-70,03-SEP-70,"1970","Academic Year 1969-1970","N","P","1971","1971",03-SEP-70,01-MAY-70,22-JUN-70,22-JUN-70,03-SEP-70,,,28-OCT-24
"1970SP","1970SP","Spring Term 1969-1970","1970SP-Spring Term 1969-1970",09-FEB-70,05-JUN-70,"1970","Academic Year 1969-1970","N","P","1970","1970",05-JUN-70,,09-FEB-70,10-FEB-70,05-JUN-70,,,28-OCT-24
"1971SU","1971SU","Summer Term 1971","1971SU-Summer Term 1971",14-JUN-71,26-AUG-71,"1971","Academic Year 1970-1971","N","P","1972","1972",26-AUG-71,01-MAY-71,14-JUN-71,14-JUN-71,26-AUG-71,,,28-OCT-24
"1968FA","1968FA","Fall Term 1967-1968","1968FA-Fall Term 1967-1968",18-SEP-67,26-JAN-68,"1968","Academic Year 1967-1968","N","P","1968","1968",26-JAN-68,,18-SEP-67,19-SEP-67,26-JAN-68,,,28-OCT-24
"1969FA","1969FA","Fall Term 1968-1969","1969FA-Fall Term 1968-1969",23-SEP-68,31-JAN-69,"1969","Academic Year 1968-1969","N","P","1969","1969",31-JAN-69,,23-SEP-68,24-SEP-68,31-JAN-69,,,28-OCT-24
"1983FA","1983FA","Fall Term 1982-1983","1983FA-Fall Term 1982-1983",08-SEP-82,17-DEC-82,"1983","Academic Year 1982-1983","N","P","1983","1983",17-DEC-82,,08-SEP-82,09-SEP-82,26-JAN-83,01-SEP-82,15-JAN-83,28-OCT-24
"1984FA","1984FA","Fall Term 1983-1984","1984FA-Fall Term 1983-1984",12-SEP-83,22-DEC-83,"1984","Academic Year 1983-1984","N","P","1984","1984",22-DEC-83,,12-SEP-83,13-SEP-83,01-FEB-84,01-SEP-83,15-JAN-84,28-OCT-24
"1964SP","1964SP","Spring Term 1963-1964","1964SP-Spring Term 1963-1964",10-FEB-64,05-JUN-64,"1964","Academic Year 1963-1964","N","P","1964","1964",05-JUN-64,,10-FEB-64,11-FEB-64,05-JUN-64,,,28-OCT-24
"1964SU","1964SU","Summer Term 1964","1964SU-Summer Term 1964",22-JUN-64,03-SEP-64,"1964","Academic Year 1963-1964","N","P","1965","1965",03-SEP-64,01-MAY-64,22-JUN-64,22-JUN-64,03-SEP-64,,,28-OCT-24
"1965SP","1965SP","Spring Term 1964-1965","1965SP-Spring Term 1964-1965",08-FEB-65,04-JUN-65,"1965","Academic Year 1964-1965","N","P","1965","1965",04-JUN-65,,08-FEB-65,08-FEB-65,04-JUN-65,,,28-OCT-24
"1966SP","1966SP","Spring Term 1965-1966","1966SP-Spring Term 1965-1966",07-FEB-66,03-JUN-66,"1966","Academic Year 1965-1966","N","P","1966","1966",03-JUN-66,,07-FEB-66,07-FEB-66,03-JUN-66,,,28-OCT-24
"1998FA","1998FA","Fall Term 1997-1998","1998FA-Fall Term 1997-1998",02-SEP-97,19-DEC-97,"1998","Academic Year 1997-1998","N","P","1998","1998",19-DEC-97,01-MAY-97,02-SEP-97,03-SEP-97,10-DEC-97,01-SEP-97,15-JAN-98,28-OCT-24
"1999FA","1999FA","Fall Term 1998-1999","1999FA-Fall Term 1998-1999",08-SEP-98,18-DEC-98,"1999","Academic Year 1998-1999","N","P","1999","1999",18-DEC-98,09-SEP-98,08-SEP-98,09-SEP-98,10-DEC-98,01-SEP-98,15-JAN-99,28-OCT-24
"2000FA","2000FA","Fall Term 1999-2000","2000FA-Fall Term 1999-2000",07-SEP-99,17-DEC-99,"2000","Academic Year 1999-2000","N","P","2000","2000",17-DEC-99,01-MAY-99,07-SEP-99,08-SEP-99,09-DEC-99,01-SEP-99,15-JAN-00,28-OCT-24
"2001FA","2001FA","Fall Term 2000-2001","2001FA-Fall Term 2000-2001",05-SEP-00,22-DEC-00,"2001","Academic Year 2000-2001","N","P","2001","2001",22-DEC-00,01-MAY-00,05-SEP-00,06-SEP-00,13-DEC-00,01-SEP-00,15-JAN-01,28-OCT-24
"2002FA","2002FA","Fall Term 2001-2002","2002FA-Fall Term 2001-2002",04-SEP-01,06-JAN-02,"2002","Academic Year 2001-2002","N","P","2002","2002",21-DEC-01,01-MAY-02,04-SEP-01,05-SEP-01,12-DEC-01,01-SEP-01,15-JAN-02,28-OCT-24
"2003FA","2003FA","Fall Term 2002-2003","2003FA-Fall Term 2002-2003",03-SEP-02,05-JAN-03,"2003","Academic Year 2002-2003","N","P","2003","2003",20-DEC-02,01-MAY-02,03-SEP-02,04-SEP-02,11-DEC-02,01-SEP-02,15-JAN-03,28-OCT-24
"2004FA","2004FA","Fall Term 2003-2004","2004FA-Fall Term 2003-2004",02-SEP-03,19-DEC-03,"2004","Academic Year 2003-2004","N","P","2004","2004",19-DEC-03,01-MAY-03,02-SEP-03,03-SEP-03,10-DEC-03,01-SEP-03,15-JAN-04,28-OCT-24
"2005FA","2005FA","Fall Term 2004-2005","2005FA-Fall Term 2004-2005",07-SEP-04,17-DEC-04,"2005","Academic Year 2004-2005","N","P","2005","2005",17-DEC-04,03-MAY-04,07-SEP-04,08-SEP-04,09-DEC-04,01-SEP-04,15-JAN-05,28-OCT-24
"1997JA","1997JA","January Term 1996-1997","1997JA-January Term 1996-1997",06-JAN-97,31-JAN-97,"1997","Academic Year 1996-1997","N","P","","",31-JAN-97,23-DEC-96,06-JAN-97,,,,,28-OCT-24
"1998JA","1998JA","January Term 1997-1998","1998JA-January Term 1997-1998",05-JAN-98,30-JAN-98,"1998","Academic Year 1997-1998","N","P","","",30-JAN-98,,05-JAN-98,05-JAN-98,30-JAN-98,,,28-OCT-24
"1972SU","1972SU","Summer Term 1972","1972SU-Summer Term 1972",12-JUN-72,24-AUG-72,"1972","Academic Year 1971-1972","N","P","1973","1973",24-AUG-72,01-MAY-72,12-JUN-72,12-JUN-72,24-AUG-72,,,28-OCT-24
"1972SP","1972SP","Spring Term 1971-1972","1972SP-Spring Term 1971-1972",02-FEB-72,26-MAY-72,"1972","Academic Year 1971-1972","N","P","1972","1972",26-MAY-72,,02-FEB-72,03-FEB-72,26-MAY-72,,,28-OCT-24
"1971SP","1971SP","Spring Term 1970-1971","1971SP-Spring Term 1970-1971",03-FEB-71,28-MAY-71,"1971","Academic Year 1970-1971","N","P","1971","1971",28-MAY-71,,03-FEB-71,04-FEB-71,28-MAY-71,,,28-OCT-24
"1973SP","1973SP","Spring Term 1972-1973","1973SP-Spring Term 1972-1973",05-FEB-73,24-MAY-73,"1973","Academic Year 1972-1973","N","P","1973","1973",24-MAY-73,,05-FEB-73,06-FEB-73,24-MAY-73,,,28-OCT-24
"1971JA","1971JA","January Term 1970-1971","1971JA-January Term 1970-1971",06-JAN-71,29-JAN-71,"1971","Academic Year 1970-1971","N","P","","",29-JAN-71,,06-JAN-71,06-JAN-71,29-JAN-71,,,28-OCT-24
"1972JA","1972JA","January Term 1971-1972","1972JA-January Term 1971-1972",05-JAN-72,28-JAN-72,"1972","Academic Year 1971-1972","N","P","","",28-JAN-72,,05-JAN-72,05-JAN-72,28-JAN-72,,,28-OCT-24
"1973JA","1973JA","January Term 1972-1973","1973JA-January Term 1972-1973",08-JAN-73,31-JAN-73,"1973","Academic Year 1972-1973","N","P","","",31-JAN-73,,08-JAN-73,08-JAN-73,31-JAN-73,,,28-OCT-24
"1973SU","1973SU","Summer Term 1973","1973SU-Summer Term 1973",11-JUN-73,23-AUG-73,"1973","Academic Year 1972-1973","N","P","1974","1974",23-AUG-73,01-MAY-73,11-JUN-73,11-JUN-73,23-AUG-73,,,28-OCT-24
"1974SU","1974SU","Summer Term 1974","1974SU-Summer Term 1974",10-JUN-74,21-AUG-74,"1974","Academic Year 1973-1974","N","P","1975","1975",21-AUG-74,01-MAY-74,10-JUN-74,10-JUN-74,22-AUG-74,,,28-OCT-24
"1974SP","1974SP","Spring Term 1973-1974","1974SP-Spring Term 1973-1974",04-FEB-74,23-MAY-74,"1974","Academic Year 1973-1974","N","P","1974","1974",23-MAY-74,,04-FEB-74,05-FEB-74,23-MAY-74,,,28-OCT-24
"1974JA","1974JA","January Term 1973-1974","1974JA-January Term 1973-1974",07-JAN-74,30-JAN-74,"1974","Academic Year 1973-1974","N","P","","",30-JAN-74,,07-JAN-74,08-JAN-74,30-JAN-74,,,28-OCT-24
"1975SU","1975SU","Summer Term 1975","1975SU-Summer Term 1975",09-JUN-75,20-AUG-75,"1975","Academic Year 1974-1975","N","P","1976","1976",20-AUG-75,01-MAY-75,09-JUN-75,09-JUN-75,20-AUG-75,,,28-OCT-24
"1976SU","1976SU","Summer Term 1976","1976SU-Summer Term 1976",07-JUN-76,18-AUG-76,"1976","Academic Year 1975-1976","N","P","1977","1977",18-AUG-76,01-MAY-76,07-JUN-76,07-JUN-76,18-AUG-76,,,28-OCT-24
"1975SP","1975SP","Spring Term 1974-1975","1975SP-Spring Term 1974-1975",03-FEB-75,22-MAY-75,"1975","Academic Year 1974-1975","N","P","1975","1975",22-MAY-75,,03-FEB-75,04-FEB-75,22-MAY-75,,,28-OCT-24
"1976SP","1976SP","Spring Term 1975-1976","1976SP-Spring Term 1975-1976",02-FEB-76,20-MAY-76,"1976","Academic Year 1975-1976","N","P","1976","1976",20-MAY-76,,02-FEB-76,03-FEB-76,20-MAY-76,,,28-OCT-24
"1975JA","1975JA","January Term 1974-1975","1975JA-January Term 1974-1975",06-JAN-75,29-JAN-75,"1975","Academic Year 1974-1975","N","P","","",29-JAN-75,,06-JAN-75,06-JAN-75,29-JAN-75,,,28-OCT-24
"1976JA","1976JA","January Term 1975-1976","1976JA-January Term 1975-1976",05-JAN-76,28-JAN-76,"1976","Academic Year 1975-1976","N","P","","",28-JAN-76,,05-JAN-76,05-JAN-76,28-JAN-76,,,28-OCT-24
"1977SP","1977SP","Spring Term 1976-1977","1977SP-Spring Term 1976-1977",02-FEB-77,25-MAY-77,"1977","Academic Year 1976-1977","N","P","1977","1977",25-MAY-77,,02-FEB-77,03-FEB-77,25-MAY-77,,,28-OCT-24
"1977JA","1977JA","January Term 1976-1977","1977JA-January Term 1976-1977",05-JAN-77,28-JAN-77,"1977","Academic Year 1976-1977","N","P","","",28-JAN-77,,05-JAN-77,05-JAN-77,28-JAN-77,,,28-OCT-24
"1978SP","1978SP","Spring Term 1977-1978","1978SP-Spring Term 1977-1978",06-FEB-78,25-MAY-78,"1978","Academic Year 1977-1978","N","P","1978","1978",25-MAY-78,,06-FEB-78,07-FEB-78,25-MAY-78,16-JAN-78,31-MAY-78,28-OCT-24
"1982JA","1982JA","January Term 1981-1982","1982JA-January Term 1981-1982",04-JAN-82,27-JAN-82,"1982","Academic Year 1981-1982","N","P","","",27-JAN-82,,04-JAN-82,04-JAN-82,27-JAN-82,,,28-OCT-24
"1979SP","1979SP","Spring Term 1978-1979","1979SP-Spring Term 1978-1979",05-FEB-79,24-MAY-79,"1979","Academic Year 1978-1979","N","P","1979","1979",24-MAY-79,,05-FEB-79,06-FEB-79,24-MAY-79,16-JAN-79,31-MAY-79,28-OCT-24
"1979JA","1979JA","January Term 1978-1979","1979JA-January Term 1978-1979",08-JAN-79,31-JAN-79,"1979","Academic Year 1978-1979","N","P","","",31-JAN-79,,08-JAN-79,08-JAN-79,31-JAN-79,,,28-OCT-24
"1978JA","1978JA","January Term 1977-1978","1978JA-January Term 1977-1978",09-JAN-78,01-FEB-78,"1978","Academic Year 1977-1978","N","P","","",01-FEB-78,,09-JAN-78,09-JAN-78,01-FEB-78,,,28-OCT-24
"1977SU","1977SU","Summer Term 1977","1977SU-Summer Term 1977",13-JUN-77,24-AUG-77,"1977","Academic Year 1976-1977","N","P","1978","1978",24-AUG-77,01-MAY-77,13-JUN-77,13-JUN-77,24-AUG-77,,,28-OCT-24
"1983JA","1983JA","January Term 1982-1983","1983JA-January Term 1982-1983",03-JAN-83,26-JAN-83,"1983","Academic Year 1982-1983","N","P","","",26-JAN-83,,03-JAN-83,03-JAN-83,26-JAN-83,,,28-OCT-24
"1982SU","1982SU","Summer Term 1982","1982SU-Summer Term 1982",07-JUN-82,18-AUG-82,"1982","Academic Year 1981-1982","N","P","1983","1983",18-AUG-82,01-MAY-82,07-JUN-82,07-JUN-82,18-AUG-82,01-JUN-82,31-AUG-82,28-OCT-24
"1983SU","1983SU","Summer Term 1983","1983SU-Summer Term 1983",06-JUN-83,17-AUG-83,"1983","Academic Year 1982-1983","N","P","1984","1984",17-AUG-83,01-MAY-83,06-JUN-83,06-JUN-83,17-AUG-83,01-JUN-83,31-AUG-83,28-OCT-24
"1984SU","1984SU","Summer Term 1984","1984SU-Summer Term 1984",11-JUN-84,22-AUG-84,"1984","Academic Year 1983-1984","N","P","1985","1985",22-AUG-84,01-MAY-84,11-JUN-84,11-JUN-84,22-AUG-84,01-JUN-84,31-AUG-84,28-OCT-24
"1984SP","1984SP","Spring Term 1983-1984","1984SP-Spring Term 1983-1984",06-FEB-84,23-MAY-84,"1984","Academic Year 1983-1984","N","P","1984","1984",23-MAY-84,,06-FEB-84,07-FEB-84,23-MAY-84,16-JAN-84,31-MAY-84,28-OCT-24
"1978SU","1978SU","Summer Term 1978","1978SU-Summer Term 1978",12-JUN-78,23-AUG-78,"1978","Academic Year 1977-1978","N","P","1979","1979",23-AUG-78,01-MAY-78,12-JUN-78,12-JUN-78,23-AUG-78,01-JUN-78,31-AUG-78,28-OCT-24
"1980SP","1980SP","Spring Term 1979-1980","1980SP-Spring Term 1979-1980",04-FEB-80,22-MAY-80,"1980","Academic Year 1979-1980","N","P","1980","1980",22-MAY-80,,04-FEB-80,05-FEB-80,22-MAY-80,16-JAN-80,31-MAY-80,28-OCT-24
"1980JA","1980JA","January Term 1979-1980","1980JA-January Term 1979-1980",07-JAN-80,30-JAN-80,"1980","Academic Year 1979-1980","N","P","","",30-JAN-80,,07-JAN-80,07-JAN-80,30-JAN-80,,,28-OCT-24
"1979SU","1979SU","Summer Term 1979","1979SU-Summer Term 1979",11-JUN-79,22-AUG-79,"1979","Academic Year 1978-1979","N","P","1980","1980",22-AUG-79,01-MAY-79,11-JUN-79,11-JUN-79,22-AUG-79,01-JUN-79,31-AUG-79,28-OCT-24
"1980SU","1980SU","Summer Term 1980","1980SU-Summer Term 1980",09-JUN-80,20-AUG-80,"1980","Academic Year 1979-1980","N","P","1981","1981",20-AUG-80,01-MAY-80,09-JUN-80,09-JUN-80,20-AUG-80,01-JUN-80,31-AUG-80,28-OCT-24
"1981SP","1981SP","Spring Term 1980-1981","1981SP-Spring Term 1980-1981",02-FEB-81,21-MAY-81,"1981","Academic Year 1980-1981","N","P","1981","1981",21-MAY-81,,02-FEB-81,03-FEB-81,21-MAY-81,16-JAN-81,31-MAY-81,28-OCT-24
"1981JA","1981JA","January Term 1980-1981","1981JA-January Term 1980-1981",05-JAN-81,28-JAN-81,"1981","Academic Year 1980-1981","N","P","","",28-JAN-81,,05-JAN-81,05-JAN-81,28-JAN-81,,,28-OCT-24
"1981SU","1981SU","Summer Term 1981","1981SU-Summer Term 1981",08-JUN-81,19-AUG-81,"1981","Academic Year 1980-1981","N","P","1982","1982",19-AUG-81,01-MAY-81,08-JUN-81,08-JUN-81,19-AUG-81,01-JUN-81,31-AUG-81,28-OCT-24
"1982SP","1982SP","Spring Term 1981-1982","1982SP-Spring Term 1981-1982",01-FEB-82,20-MAY-82,"1982","Academic Year 1981-1982","N","P","1982","1982",20-MAY-82,,01-FEB-82,02-FEB-82,20-MAY-82,16-JAN-82,31-MAY-82,28-OCT-24
"1983SP","1983SP","Spring Term 1982-1983","1983SP-Spring Term 1982-1983",31-JAN-83,18-MAY-83,"1983","Academic Year 1982-1983","N","P","1983","1983",18-MAY-83,,31-JAN-83,01-FEB-83,18-MAY-83,16-JAN-83,31-MAY-83,28-OCT-24
"1960SP","1960SP","Spring Term 1959-1960","1960SP-Spring Term 1959-1960",08-FEB-60,03-JUN-60,"1960","Academic Year 1959-1960","N","P","1960","1960",03-JUN-60,,08-FEB-60,09-FEB-60,03-JUN-60,,,28-OCT-24
"1984JA","1984JA","January Term 1983-1984","1984JA-January Term 1983-1984",09-JAN-84,01-FEB-84,"1984","Academic Year 1983-1984","N","P","","",01-FEB-84,,09-JAN-84,09-JAN-84,01-FEB-84,,,28-OCT-24
"1985SU","1985SU","Summer Term 1985","1985SU-Summer Term 1985",10-JUN-85,21-AUG-85,"1985","Academic Year 1984-1985","N","P","1986","1986",21-AUG-85,01-MAY-85,10-JUN-85,10-JUN-85,21-AUG-85,01-JUN-85,31-AUG-85,28-OCT-24
"1985SP","1985SP","Spring Term 1984-1985","1985SP-Spring Term 1984-1985",04-FEB-85,22-MAY-85,"1985","Academic Year 1984-1985","N","P","1985","1985",22-MAY-85,,04-FEB-85,05-FEB-85,22-MAY-85,16-JAN-85,31-MAY-85,28-OCT-24
"1985JA","1985JA","January Term 1984-1985","1985JA-January Term 1984-1985",07-JAN-85,30-JAN-85,"1985","Academic Year 1984-1985","N","P","","",30-JAN-85,,07-JAN-85,07-JAN-85,30-JAN-85,,,28-OCT-24
"1986SU","1986SU","Summer Term 1986","1986SU-Summer Term 1986",09-JUN-86,20-AUG-86,"1986","Academic Year 1985-1986","N","P","1987","1987",20-AUG-86,01-MAY-86,09-JUN-86,09-JUN-86,20-AUG-86,01-JUN-86,31-AUG-86,28-OCT-24
"1986SP","1986SP","Spring Term 1985-1986","1986SP-Spring Term 1985-1986",03-FEB-86,21-MAY-86,"1986","Academic Year 1985-1986","N","P","1986","1986",21-MAY-86,,03-FEB-86,04-FEB-86,21-MAY-86,16-JAN-86,31-MAY-86,28-OCT-24
"1986JA","1986JA","January Term 1985-1986","1986JA-January Term 1985-1986",06-JAN-86,29-JAN-86,"1986","Academic Year 1985-1986","N","P","","",29-JAN-86,,06-JAN-86,06-JAN-86,29-JAN-86,,,28-OCT-24
"1987SU","1987SU","Summer Term 1987","1987SU-Summer Term 1987",08-JUN-87,19-AUG-87,"1987","Academic Year 1986-1987","N","P","1988","1988",19-AUG-87,01-MAY-87,08-JUN-87,08-JUN-87,19-AUG-87,01-JUN-87,31-AUG-87,28-OCT-24
"1987SP","1987SP","Spring Term 1986-1987","1987SP-Spring Term 1986-1987",02-FEB-87,20-MAY-87,"1987","Academic Year 1986-1987","N","P","1987","1987",20-MAY-87,,02-FEB-87,03-FEB-87,20-MAY-87,16-JAN-87,31-MAY-87,28-OCT-24
"1987JA","1987JA","January Term 1986-1987","1987JA-January Term 1986-1987",05-JAN-87,28-JAN-87,"1987","Academic Year 1986-1987","N","P","","",28-JAN-87,,05-JAN-87,05-JAN-87,28-JAN-87,,,28-OCT-24
"1988SU","1988SU","Summer Term 1988","1988SU-Summer Term 1988",06-JUN-88,17-AUG-88,"1988","Academic Year 1987-1988","N","P","1989","1989",17-AUG-88,01-MAY-88,06-JUN-88,08-JUN-88,17-AUG-88,01-JUN-88,31-AUG-88,28-OCT-24
"1988JA","1988JA","January Term 1987-1988","1988JA-January Term 1987-1988",04-JAN-88,27-JAN-88,"1988","Academic Year 1987-1988","N","P","","",27-JAN-88,,04-JAN-88,04-JAN-88,27-JAN-88,,,28-OCT-24
"1961SP","1961SP","Spring Term 1960-1961","1961SP-Spring Term 1960-1961",06-FEB-61,02-JUN-61,"1961","Academic Year 1960-1961","N","P","1961","1961",02-JUN-61,,06-FEB-61,07-FEB-61,02-JUN-61,,,28-OCT-24
"1989SU","1989SU","Summer Term 1989","1989SU-Summer Term 1989",12-JUN-89,23-AUG-89,"1989","Academic Year 1988-1989","N","P","1990","1990",23-AUG-89,01-MAY-89,12-JUN-89,12-JUN-89,23-AUG-89,01-JUN-89,31-AUG-89,28-OCT-24
"1989JA","1989JA","January Term 1988-1989","1989JA-January Term 1988-1989",09-JAN-89,01-FEB-89,"1989","Academic Year 1988-1989","N","P","","",01-FEB-89,,09-JAN-89,09-JAN-89,01-FEB-89,,,28-OCT-24
"1994SU","1994SU","Summer Term 1994","1994SU-Summer Term 1994",06-JUN-94,16-AUG-94,"1994","Academic Year 1993-1994","N","P","1995","1995",17-AUG-94,01-MAY-94,06-JUN-94,06-JUN-94,12-AUG-94,01-JUN-94,31-AUG-94,28-OCT-24
"1994JA","1994JA","January Term 1993-1994","1994JA-January Term 1993-1994",03-JAN-94,26-JAN-94,"1994","Academic Year 1993-1994","N","P","","",26-JAN-94,,03-JAN-94,03-JAN-94,26-JAN-94,,,28-OCT-24
"1995JA","1995JA","January Term 1994-1995","1995JA-January Term 1994-1995",09-JAN-95,03-FEB-95,"1995","Academic Year 1994-1995","N","P","","",03-FEB-95,,09-JAN-95,09-JAN-95,03-FEB-95,,,28-OCT-24
"1995SU","1995SU","Summer Term 1995","1995SU-Summer Term 1995",12-JUN-95,22-AUG-95,"1995","Academic Year 1994-1995","N","P","1996","1996",22-AUG-95,01-MAY-95,12-JUN-95,12-JUN-95,22-AUG-95,01-JUN-95,31-AUG-95,28-OCT-24
"1963SU","1963SU","Summer Term 1963","1963SU-Summer Term 1963",17-JUN-63,29-AUG-63,"1963","Academic Year 1962-1963","N","P","1964","1964",29-AUG-63,01-MAY-63,17-JUN-63,17-JUN-63,29-AUG-63,,,28-OCT-24
"1962SU","1962SU","Summer Term 1962","1962SU-Summer Term 1962",18-JUN-62,30-AUG-62,"1962","Academic Year 1961-1962","N","P","1963","1963",30-AUG-62,01-MAY-62,18-JUN-62,18-JUN-62,30-AUG-62,,,28-OCT-24
"1961SU","1961SU","Summer Term 1961","1961SU-Summer Term 1961",19-JUN-61,31-AUG-61,"1961","Academic Year 1960-1961","N","P","1962","1962",31-AUG-61,01-MAY-61,19-JUN-61,19-JUN-61,31-AUG-61,,,28-OCT-24
"1960SU","1960SU","Summer Term 1960","1960SU-Summer Term 1960",20-JUN-60,01-SEP-60,"1960","Academic Year 1959-1960","N","P","1961","1961",01-SEP-60,01-MAY-60,20-JUN-60,20-JUN-60,01-SEP-60,,,28-OCT-24
"1959SP","1959SP","Spring Term 1958-1959","1959SP-Spring Term 1958-1959",09-FEB-59,05-JUN-59,"1959","Academic Year 1958-1959","N","P","XXXX","XXXX",29-MAY-59,,04-FEB-59,,,,,28-OCT-24
"1958SP","1958SP","Spring Term 1957-1958","1958SP-Spring Term 1957-1958",10-FEB-58,06-JUN-58,"1958","Academic Year 1957-1958","N","P","XXXX","XXXX",29-MAY-58,,04-FEB-58,,,,,28-OCT-24
"1957SP","1957SP","Spring Term 1956-1957","1957SP-Spring Term 1956-1957",01-FEB-57,05-JUN-57,"1957","Academic Year 1956-1957","N","P","XXXX","XXXX",29-MAY-57,,04-FEB-57,,,,,28-OCT-24
"1956SP","1956SP","Spring Term 1955-1956","1956SP-Spring Term 1955-1956",01-FEB-56,05-JUN-56,"1956","Academic Year 1955-1956","N","P","XXXX","XXXX",29-MAY-56,,05-FEB-56,,,,,28-OCT-24
"1955SP","1955SP","Spring Term 1954-1955","1955SP-Spring Term 1954-1955",01-FEB-55,05-JUN-55,"1955","Academic Year 1954-1955","N","P","1960","1960",30-MAY-55,,05-FEB-55,,,,,28-OCT-24
"1954SP","1954SP","Spring Term 1953-1954","1954SP-Spring Term 1953-1954",01-FEB-54,05-JUN-54,"1954","Academic Year 1953-1954","N","P","XXXX","XXXX",30-MAY-54,,05-FEB-54,,,,,28-OCT-24
"1953SP","1953SP","Spring Term 1952-1953","1953SP-Spring Term 1952-1953",01-FEB-53,05-JUN-53,"1953","Academic Year 1952-1953","N","P","XXXX","XXXX",30-MAY-53,,05-FEB-53,,,,,28-OCT-24
"1952SP","1952SP","Spring Term 1951-1952","1952SP-Spring Term 1951-1952",01-FEB-52,05-JUN-52,"1952","Academic Year 1951-1952","N","P","XXXX","XXXX",30-MAY-52,,06-FEB-52,,,,,28-OCT-24
"1951SP","1951SP","Spring Term 1950-1951","1951SP-Spring Term 1950-1951",01-FEB-51,05-JUN-51,"1951","Academic Year 1950-1951","N","P","XXXX","XXXX",29-MAY-51,,04-FEB-51,,,,,28-OCT-24
"1996FA","1996FA","Fall Term 1995-1996","1996FA-Fall Term 1995-1996",05-SEP-95,22-DEC-95,"1996","Academic Year 1995-1996","N","P","1996","1996",22-DEC-95,,05-SEP-95,06-SEP-95,13-DEC-95,01-SEP-95,15-JAN-96,28-OCT-24
"1996JA","1996JA","January Term 1995-1996","1996JA-January Term 1995-1996",08-JAN-96,02-FEB-96,"1996","Academic Year 1995-1996","N","P","","",02-FEB-96,,08-JAN-96,08-JAN-96,05-FEB-96,,,28-OCT-24
"1996SP","1996SP","Spring Term 1995-1996","1996SP-Spring Term 1995-1996",05-FEB-96,24-MAY-96,"1996","Academic Year 1995-1996","N","P","1996","1996",24-MAY-96,05-MAY-96,05-FEB-96,06-FEB-96,16-MAY-96,16-JAN-96,31-MAY-96,28-OCT-24
"2011SP","2011SP","Spring Term 2010-2011","2011SP-Spring Term 2010-2011",31-JAN-11,05-JUN-11,"2011","Academic Year 2010-2011","N","P","2011","2011",20-MAY-11,01-DEC-10,31-JAN-11,01-FEB-11,12-MAY-11,16-JAN-11,31-MAY-11,28-OCT-24
"2011JA","2011JA","January Term 2010-2011","2011JA-January Term 2010-2011",03-JAN-11,30-JAN-11,"2011","Academic Year 2010-2011","N","P","","",28-JAN-11,01-DEC-10,03-JAN-11,03-JAN-11,31-JAN-11,,,28-OCT-24
"2011SU","2011SU","Summer Term 2011","2011SU-Summer Term 2011",06-JUN-11,16-AUG-11,"2011","Academic Year 2010-2011","N","P","2012","2012",21-AUG-11,02-MAY-11,06-JUN-11,06-JUN-11,16-AUG-11,01-JUN-11,31-AUG-11,28-OCT-24
"2012FA","2012FA","Fall Term 2011-2012","2012FA-Fall Term 2011-2012",06-SEP-11,22-DEC-11,"2012","Academic Year 2011-2012","N","P","2012","2012",22-DEC-11,02-MAY-11,06-SEP-11,07-SEP-11,14-DEC-11,01-SEP-11,15-JAN-12,28-OCT-24
"2012SP","2012SP","Spring Term 2011-2012","2012SP-Spring Term 2011-2012",06-FEB-12,08-JUN-12,"2012","Academic Year 2011-2012","N","P","2012","2012",25-MAY-12,01-DEC-11,06-FEB-12,07-FEB-12,17-MAY-12,16-JAN-12,31-MAY-12,28-OCT-24
"2012JA","2012JA","January Term 2011-2012","2012JA-January Term 2011-2012",09-JAN-12,05-FEB-12,"2012","Academic Year 2011-2012","N","P","2012","2012",03-FEB-12,01-DEC-11,09-JAN-12,09-JAN-12,03-FEB-12,,,28-OCT-24
"2013FA","2013FA","Fall Term 2012-2013","2013FA-Fall Term 2012-2013",04-SEP-12,21-DEC-12,"2013","Academic Year 2012-2013","N","P","2013","2013",21-DEC-12,01-MAY-12,04-SEP-12,05-SEP-12,12-DEC-12,01-SEP-12,15-JAN-13,28-OCT-24
"2012SU","2012SU","Summer Term 2012","2012SU-Summer Term 2012",11-JUN-12,21-AUG-12,"2012","Academic Year 2011-2012","N","P","2013","2013",21-AUG-12,01-MAY-12,11-JUN-12,11-JUN-12,21-AUG-12,01-JUN-12,31-AUG-12,28-OCT-24
"2013JA","2013JA","January Term 2012-2013","2013JA-January Term 2012-2013",07-JAN-13,01-FEB-13,"2013","Academic Year 2012-2013","N","P","2013","2013",01-FEB-13,03-DEC-12,05-JAN-13,07-JAN-13,01-FEB-13,,,28-OCT-24
"2013SU","2013SU","Summer Term 2013","2013SU-Summer Term 2013",10-JUN-13,20-AUG-13,"2013","Academic Year 2012-2013","N","P","2014","2014",20-AUG-13,01-MAY-13,10-JUN-13,10-JUN-13,20-AUG-13,01-JUN-13,31-AUG-13,28-OCT-24
"2013SP","2013SP","Spring Term 2012-2013","2013SP-Spring Term 2012-2013",04-FEB-13,24-MAY-13,"2013","Academic Year 2012-2013","N","P","2013","2013",24-MAY-13,03-DEC-12,04-FEB-13,05-FEB-13,16-MAY-13,16-JAN-13,31-MAY-13,28-OCT-24
"2014SU","2014SU","Summer Term 2014","2014SU-Summer Term 2014",09-JUN-14,03-AUG-14,"2014","Academic Year 2013-2014","N","P","2015","2015",19-AUG-14,01-MAY-14,09-JUN-14,09-JUN-14,19-AUG-14,01-JUN-14,31-AUG-14,28-OCT-24
"2014SP","2014SP","Spring Term 2013-2014","2014SP-Spring Term 2013-2014",03-FEB-14,23-MAY-14,"2014","Academic Year 2013-2014","N","P","2014","2014",23-MAY-14,02-DEC-13,03-FEB-14,04-FEB-14,15-MAY-14,16-JAN-14,31-MAY-14,28-OCT-24
"2014JA","2014JA","January Term 2013-2014","2014JA-January Term 2013-2014",06-JAN-14,31-JAN-14,"2014","Academic Year 2013-2014","N","P","2014","2014",31-JAN-14,02-DEC-13,06-JAN-14,06-JAN-14,31-JAN-14,,,28-OCT-24
"2014FA","2014FA","Fall Term 2013-2014","2014FA-Fall Term 2013-2014",03-SEP-13,20-DEC-13,"2014","Academic Year 2013-2014","N","P","2014","2014",20-DEC-13,01-MAY-13,03-SEP-13,04-SEP-13,11-DEC-13,01-SEP-13,15-JAN-14,28-OCT-24
"2015SU","2015SU","Summer Term 2015","2015SU-Summer Term 2015",08-JUN-15,18-AUG-15,"2015","Academic Year 2014-2015","N","P","2016","2016",18-AUG-15,01-MAY-15,08-JUN-15,08-JUN-15,14-AUG-15,01-JUN-15,31-AUG-15,28-OCT-24
"2015SP","2015SP","Spring Term 2014-2015","2015SP-Spring Term 2014-2015",02-FEB-15,22-MAY-15,"2015","Academic Year 2014-2015","N","P","2015","2015",22-MAY-15,01-DEC-14,02-FEB-15,03-FEB-15,14-MAY-15,16-JAN-15,31-MAY-15,28-OCT-24
"2015JA","2015JA","January Term 2014-2015","2015JA-January Term 2014-2015",05-JAN-15,30-JAN-15,"2015","Academic Year 2014-2015","N","P","2015","2015",30-JAN-15,01-DEC-14,05-JAN-15,05-JAN-15,30-JAN-15,,,28-OCT-24
"2015FA","2015FA","Fall Term 2014-2015","2015FA-Fall Term 2014-2015",02-SEP-14,19-DEC-14,"2015","Academic Year 2014-2015","N","P","2015","2015",19-DEC-14,01-MAY-14,02-SEP-14,03-SEP-14,10-DEC-14,01-SEP-14,15-JAN-15,28-OCT-24
"2016SU","2016SU","Summer Term 2016","2016SU-Summer Term 2016",06-JUN-16,16-AUG-16,"2016","Academic Year 2015-2016","N","P","2017","2017",16-AUG-16,02-MAY-16,06-JUN-16,06-JUN-16,12-AUG-16,01-JUN-16,31-AUG-16,28-OCT-24
"2016SP","2016SP","Spring Term 2015-2016","2016SP-Spring Term 2015-2016",01-FEB-16,20-MAY-16,"2016","Academic Year 2015-2016","N","P","2016","2016",20-MAY-16,01-DEC-15,01-FEB-16,02-FEB-16,12-MAY-16,16-JAN-16,31-MAY-16,28-OCT-24
"2016JA","2016JA","January Term 2015-2016","2016JA-January Term 2015-2016",04-JAN-16,29-JAN-16,"2016","Academic Year 2015-2016","N","P","2016","2016",29-JAN-16,01-DEC-15,04-JAN-16,04-JAN-16,29-JAN-16,,,28-OCT-24
"2016FA","2016FA","Fall Term 2015-2016","2016FA-Fall Term 2015-2016",08-SEP-15,18-DEC-15,"2016","Academic Year 2015-2016","N","P","2016","2016",18-DEC-15,01-MAY-15,08-SEP-15,09-SEP-15,10-DEC-15,01-SEP-15,15-JAN-16,28-OCT-24
"2017SU","2017SU","Summer Term 2017","2017SU-Summer Term 2017",12-JUN-17,22-AUG-17,"2017","Academic Year 2016-2017","N","P","2018","2018",22-AUG-17,01-MAY-17,12-JUN-17,12-JUN-17,18-AUG-17,01-JUN-17,31-AUG-17,28-OCT-24
"2017JA","2017JA","January Term 2016-2017","2017JA-January Term 2016-2017",09-JAN-17,03-FEB-17,"2017","Academic Year 2016-2017","N","P","2017","2017",03-FEB-17,01-DEC-16,09-JAN-17,09-JAN-17,03-FEB-17,,,28-OCT-24
"2018FA","2018FA","Fall Term 2017-2018","2018FA-Fall Term 2017-2018",05-SEP-17,22-DEC-17,"2018","Academic Year 2017-2018","N","P","2018","2018",22-DEC-17,01-MAY-17,05-SEP-17,06-SEP-17,13-DEC-17,01-SEP-17,15-JAN-18,28-OCT-24
"2018JA","2018JA","January Term 2017-2018","2018JA-January Term 2017-2018",08-JAN-18,02-FEB-18,"2018","Academic Year 2017-2018","N","P","2018","2018",02-FEB-18,01-DEC-17,08-JAN-18,08-JAN-18,02-FEB-18,,,28-OCT-24
"2018SP","2018SP","Spring Term 2017-2018","2018SP-Spring Term 2017-2018",05-FEB-18,25-MAY-18,"2018","Academic Year 2017-2018","N","P","2018","2018",25-MAY-18,01-DEC-17,05-FEB-18,06-FEB-18,17-MAY-18,16-JAN-18,31-MAY-18,28-OCT-24
"2018SU","2018SU","Summer Term 2018","2018SU-Summer Term 2018",11-JUN-18,21-AUG-18,"2018","Academic Year 2017-2018","N","P","2019","2019",21-AUG-18,01-MAY-18,11-JUN-18,11-JUN-18,17-AUG-18,01-JUN-18,31-AUG-18,28-OCT-24
"2019FA","2019FA","Fall Term 2018-2019","2019FA-Fall Term 2018-2019",04-SEP-18,21-DEC-18,"2019","Academic Year 2018-2019","N","P","2019","2019",21-DEC-18,01-MAY-18,04-SEP-18,05-SEP-18,12-DEC-18,01-SEP-18,15-JAN-19,28-OCT-24
"2019JA","2019JA","January Term 2018-2019","2019JA-January Term 2018-2019",07-JAN-19,01-FEB-19,"2019","Academic Year 2018-2019","N","P","2019","2019",01-FEB-19,01-DEC-18,06-JAN-19,07-JAN-19,01-FEB-19,,,28-OCT-24
"2019SP","2019SP","Spring Term 2018-2019","2019SP-Spring Term 2018-2019",04-FEB-19,24-MAY-19,"2019","Academic Year 2018-2019","N","P","2019","2019",24-MAY-19,01-DEC-18,04-FEB-19,05-FEB-19,24-MAY-19,16-JAN-19,31-MAY-19,28-OCT-24
"2019SU","2019SU","Summer Term 2019","2019SU-Summer Term 2019",10-JUN-19,20-AUG-19,"2019","Academic Year 2018-2019","N","P","2020","2020",20-AUG-19,01-MAY-19,10-JUN-19,10-JUN-19,16-AUG-19,01-JUN-19,31-AUG-19,28-OCT-24
"2020FA","2020FA","Fall Term 2019-2020","2020FA-Fall Term 2019-2020",03-SEP-19,20-DEC-19,"2020","Academic Year 2019-2020","N","P","2020","2020",20-DEC-19,01-MAY-19,03-SEP-19,04-SEP-19,11-DEC-19,01-SEP-19,15-JAN-20,28-OCT-24
"2020JA","2020JA","January Term 2019-2020","2020JA-January Term 2019-2020",06-JAN-20,31-JAN-20,"2020","Academic Year 2019-2020","N","P","2020","2020",31-JAN-20,02-DEC-19,06-JAN-20,06-JAN-20,31-JAN-20,,,28-OCT-24
"2020SP","2020SP","Spring Term 2019-2020","2020SP-Spring Term 2019-2020",01-FEB-20,20-MAY-20,"2020","Academic Year 2019-2020","N","P","2020","2020",20-MAY-20,02-DEC-19,31-JAN-20,03-FEB-20,12-MAY-20,16-JAN-20,29-MAY-20,28-OCT-24
"2020SU","2020SU","Summer Term 2020","2020SU-Summer Term 2020",08-JUN-20,18-AUG-20,"2020","Academic Year 2019-2020","N","P","2021","2021",18-AUG-20,01-JUN-20,08-JUN-20,08-JUN-20,14-AUG-20,01-JUN-20,31-AUG-20,28-OCT-24
"2021FA","2021FA","Fall Term 2020-2021","2021FA-Fall Term 2020-2021",31-AUG-20,18-DEC-20,"2021","Academic Year 2020-2021","N","P","2021","2021",18-DEC-20,20-JUL-20,31-AUG-20,01-SEP-20,09-DEC-20,01-SEP-20,15-JAN-21,28-OCT-24
"2021JA","2021JA","January Term 2020-2021","2021JA-January Term 2020-2021",04-JAN-21,29-JAN-21,"2021","Academic Year 2020-2021","N","P","2021","2021",29-JAN-21,01-DEC-20,04-JAN-21,04-JAN-21,29-JAN-21,,,28-OCT-24
"2021SP","2021SP","Spring Term 2020-2021","2021SP-Spring Term 2020-2021",12-FEB-21,27-MAY-21,"2021","Academic Year 2020-2021","N","P","2021","2021",27-MAY-21,01-DEC-20,12-FEB-21,16-FEB-21,20-MAY-21,16-JAN-21,31-MAY-21,28-OCT-24
"2021SU","2021SU","Summer Term 2021","2021SU-Summer Term 2021",07-JUN-21,17-AUG-21,"2021","Academic Year 2020-2021","N","P","2022","2022",17-AUG-21,03-MAY-21,07-JUN-21,07-JUN-21,13-AUG-21,01-JUN-21,31-AUG-21,28-OCT-24
"2022FA","2022FA","Fall Term 2021-2022","2022FA-Fall Term 2021-2022",07-SEP-21,17-DEC-21,"2022","Academic Year 2021-2022","N","P","2022","2022",17-DEC-21,03-MAY-21,07-SEP-21,08-SEP-21,09-DEC-21,01-SEP-21,15-JAN-22,28-OCT-24
"2022JA","2022JA","January Term 2021-2022","2022JA-January Term 2021-2022",03-JAN-22,28-JAN-22,"2022","Academic Year 2021-2022","N","P","2022","2022",28-JAN-22,01-DEC-21,03-JAN-22,03-JAN-22,28-JAN-22,,,28-OCT-24
"2022SP","2022SP","Spring Term 2021-2022","2022SP-Spring Term 2021-2022",29-JAN-22,18-MAY-22,"2022","Academic Year 2021-2022","N","P","2022","2022",18-MAY-22,01-DEC-21,28-JAN-22,31-JAN-22,10-MAY-22,16-JAN-22,31-MAY-22,28-OCT-24
"2022SU","2022SU","Summer Term 2022","2022SU-Summer Term 2022",06-JUN-22,16-AUG-22,"2022","Academic Year 2021-2022","N","P","2023","2023",16-AUG-22,02-MAY-22,06-JUN-22,06-JUN-22,12-AUG-22,01-JUN-22,31-AUG-22,28-OCT-24
"2017FA","2017FA","Fall Term 2016-2017","2017FA-Fall Term 2016-2017",06-SEP-16,22-DEC-16,"2017","Academic Year 2016-2017","N","P","2017","2017",22-DEC-16,02-MAY-16,06-SEP-16,07-SEP-16,14-DEC-16,01-SEP-16,15-JAN-17,28-OCT-24
"2017SP","2017SP","Spring Term 2016-2017","2017SP-Spring Term 2016-2017",06-FEB-17,26-MAY-17,"2017","Academic Year 2016-2017","N","P","2017","2017",26-MAY-17,01-DEC-16,06-FEB-17,07-FEB-17,18-MAY-17,16-JAN-17,31-MAY-17,28-OCT-24
"2023FA","2023FA","Fall Term 2022-2023","2023FA-Fall Term 2022-2023",06-SEP-22,22-DEC-22,"2023","Academic Year 2022-2023","N","P","2023","2023",22-DEC-22,02-MAY-22,06-SEP-22,07-SEP-22,14-DEC-22,01-SEP-22,15-JAN-23,28-OCT-24
"2023JA","2023JA","January Term 2022-2023","2023JA-January Term 2022-2023",09-JAN-23,03-FEB-23,"2023","Academic Year 2022-2023","N","P","2023","2023",03-FEB-23,01-DEC-22,09-JAN-23,09-JAN-23,03-FEB-23,,,28-OCT-24
"2023SP","2023SP","Spring Term 2022-2023","2023SP-Spring Term 2022-2023",04-FEB-23,24-MAY-23,"2023","Academic Year 2022-2023","N","P","2023","2023",24-MAY-23,01-DEC-22,03-FEB-23,06-FEB-23,16-MAY-23,16-JAN-23,31-MAY-23,28-OCT-24
"2023SU","2023SU","Summer Term 2023","2023SU-Summer Term 2023",12-JUN-23,22-AUG-23,"2023","Academic Year 2022-2023","N","P","2024","2024",22-AUG-23,01-MAY-23,12-JUN-23,12-JUN-23,18-AUG-23,01-JUN-23,31-AUG-23,28-OCT-24
"2024FA","2024FA","Fall Term 2023-2024","2024FA-Fall Term 2023-2024",05-SEP-23,22-DEC-23,"2024","Academic Year 2023-2024","N","P","2024","2024",22-DEC-23,01-MAY-23,05-SEP-23,06-SEP-23,13-DEC-23,01-SEP-23,15-JAN-24,28-OCT-24
"2024JA","2024JA","January Term 2023-2024","2024JA-January Term 2023-2024",08-JAN-24,02-FEB-24,"2024","Academic Year 2023-2024","N","P","2024","2024",02-FEB-24,01-DEC-23,08-JAN-24,08-JAN-24,02-FEB-24,,,28-OCT-24
"2024SP","2024SP","Spring Term 2023-2024","2024SP-Spring Term 2023-2024",02-FEB-24,22-MAY-24,"2024","Academic Year 2023-2024","N","P","2024","2024",22-MAY-24,01-DEC-23,02-FEB-24,05-FEB-24,14-MAY-24,16-JAN-24,31-MAY-24,28-OCT-24
"2024SU","2024SU","Summer Term 2024","2024SU-Summer Term 2024",10-JUN-24,20-AUG-24,"2024","Academic Year 2023-2024","N","P","2025","2025",20-AUG-24,01-MAY-24,10-JUN-24,10-JUN-24,16-AUG-24,01-JUN-24,31-AUG-24,28-OCT-24
"2025SU","2025SU","Summer Term 2025","2025SU-Summer Term 2025",09-JUN-25,19-AUG-25,"2025","Academic Year 2024-2025","N","","2026","2026",19-AUG-25,01-MAY-25,09-JUN-25,09-JUN-25,15-AUG-25,01-JUN-25,31-AUG-25,28-OCT-24
"2025SP","2025SP","Spring Term 2024-2025","2025SP-Spring Term 2024-2025",01-FEB-25,21-MAY-25,"2025","Academic Year 2024-2025","N","F","2025","2025",21-MAY-25,01-DEC-24,31-JAN-25,03-FEB-25,13-MAY-25,16-JAN-25,31-MAY-25,28-OCT-24
"2025JA","2025JA","January Term 2024-2025","2025JA-January Term 2024-2025",06-JAN-25,31-JAN-25,"2025","Academic Year 2024-2025","N","F","2025","2025",31-JAN-25,01-DEC-24,06-JAN-25,06-JAN-25,31-JAN-25,,,28-OCT-24
"2025FA","2025FA","Fall Term 2024-2025","2025FA-Fall Term 2024-2025",03-SEP-24,20-DEC-24,"2025","Academic Year 2024-2025","Y","C","2025","2025",20-DEC-24,01-MAY-24,03-SEP-24,04-SEP-24,11-DEC-24,01-SEP-24,15-JAN-25,28-OCT-24
"2026FA","2026FA","Fall Term 2025-2026","2026FA-Fall Term 2025-2026",02-SEP-25,19-DEC-25,"2026","Academic Year 2025-2026","N","","2026","2026",20-DEC-25,01-MAY-25,03-SEP-25,,,,,28-OCT-24
"2026SU","2026SU","Summer Term 2026","2026SU-Summer Term 2026",08-JUN-26,18-AUG-26,"2026","Academic Year 2025-2026","N","","2027","2027",19-AUG-26,01-MAY-26,09-JUN-26,,,,,28-OCT-24
"2026SP","2026SP","Spring Term 2025-2026","2026SP-Spring Term 2025-2026",03-FEB-26,20-MAY-26,"2026","Academic Year 2025-2026","N","","2026","2026",21-MAY-26,01-DEC-25,31-JAN-26,,,,,28-OCT-24
"2026JA","2026JA","January Term 2025-2026","2026JA-January Term 2025-2026",05-JAN-26,30-JAN-26,"2026","Academic Year 2025-2026","N","","2026","2026",31-JAN-26,01-DEC-25,06-JAN-26,,,,,28-OCT-24
"2027FA","2027FA","Fall Term 2026-2027","2027FA-Fall Term 2026-2027",08-SEP-26,18-DEC-26,"2027","Academic Year 2026-2027","N","","2027","2027",20-DEC-26,01-MAY-26,03-SEP-26,,,,,28-OCT-24
"2027JA","2027JA","January Term 2026-2027","2027JA-January Term 2026-2027",04-JAN-27,29-JAN-27,"2027","Academic Year 2026-2027","N","","2027","2027",31-JAN-27,01-DEC-26,06-JAN-27,,,,,28-OCT-24
"2027SP","2027SP","Spring Term 2026-2027","2027SP-Spring Term 2026-2027",01-FEB-27,19-MAY-27,"2027","Academic Year 2026-2027","N","","2027","2027",21-MAY-27,01-DEC-26,31-JAN-27,,,,,28-OCT-24
"2027SU","2027SU","Summer Term 2027","2027SU-Summer Term 2027",07-JUN-27,17-AUG-27,"2027","Academic Year 2026-2027","N","","2028","2028",19-AUG-27,01-MAY-27,09-JUN-27,,,,,28-OCT-24
"2028FA","2028FA","Fall Term 2027-2028","2028FA-Fall Term 2027-2028",07-SEP-27,17-DEC-27,"2028","Academic Year 2027-2028","N","","2028","2028",17-DEC-27,01-MAY-27,07-SEP-27,,,,,28-OCT-24
"2028JA","2028JA","January Term 2027-2028","2028JA-January Term 2027-2028",03-JAN-28,28-JAN-28,"2028","Academic Year 2027-2028","N","","2028","2028",31-JAN-28,01-DEC-27,06-JAN-28,,,,,28-OCT-24
"2028SP","2028SP","Spring Term 2027-2028","2028SP-Spring Term 2027-2028",31-JAN-28,17-MAY-28,"2028","Academic Year 2027-2028","N","","2028","2028",17-MAY-28,01-DEC-27,28-JAN-28,,,,,28-OCT-24
"2028SU","2028SU","Summer Term 2028","2028SU-Summer Term 2028",05-JUN-28,15-AUG-28,"2028","Academic Year 2027-2028","N","","2029","2029",18-AUG-28,01-MAY-28,08-JUN-28,,,,,28-OCT-24
"2029FA","2029FA","Fall Term 2028-2029","2029FA-Fall Term 2028-2029",06-SEP-28,22-DEC-28,"2029","Academic Year 2028-2029","N","","2029","2029",16-DEC-28,01-MAY-28,06-SEP-28,,,,,28-OCT-24
"2029JA","2029JA","January Term 2028-2029","2029JA-January Term 2028-2029",03-JAN-29,28-JAN-29,"2029","Academic Year 2028-2029","N","","2029","2029",30-JAN-29,01-DEC-28,05-JAN-29,,,,,28-OCT-24
"2029SP","2029SP","Spring Term 2028-2029","2029SP-Spring Term 2028-2029",31-JAN-29,17-MAY-29,"2029","Academic Year 2028-2029","N","","2029","2029",17-MAY-29,01-DEC-28,27-JAN-29,,,,,28-OCT-24
"2029SU","2029SU","Summer Term 2029","2029SU-Summer Term 2029",05-JUN-29,15-AUG-29,"2029","Academic Year 2028-2029","N","","2030","2030",18-AUG-29,01-MAY-29,08-JUN-29,,,,,28-OCT-24
"2030FA","2030FA","Fall Term 2029-2030","2030FA-Fall Term 2029-2030",06-SEP-29,21-DEC-29,"2030","Academic Year 2029-2030","N","","2030","2030",16-DEC-29,01-MAY-29,06-SEP-29,,,,,28-OCT-24
"2030JA","2030JA","January Term 2029-2030","2030JA-January Term 2029-2030",07-JAN-30,01-FEB-30,"2030","Academic Year 2029-2030","N","","2030","2030",30-JAN-30,01-DEC-29,05-JAN-30,,,,,28-OCT-24
"2030SP","2030SP","Spring Term 2029-2030","2030SP-Spring Term 2029-2030",04-FEB-30,22-MAY-30,"2030","Academic Year 2029-2030","N","","2030","2030",17-MAY-30,01-DEC-29,27-JAN-30,,,,,28-OCT-24
"2030SU","2030SU","Summer Term 2030","2030SU-Summer Term 2030",10-JUN-30,20-AUG-30,"2030","Academic Year 2029-2030","N","","2031","2031",18-AUG-30,01-MAY-30,08-JUN-30,,,,,28-OCT-24
"1999JA","1999JA","January Term 1998-1999","1999JA-January Term 1998-1999",04-JAN-99,29-JAN-99,"1999","Academic Year 1998-1999","N","P","","",29-JAN-99,30-NOV-98,04-JAN-99,04-JAN-99,29-JAN-99,,,28-OCT-24
"2000JA","2000JA","January Term 1999-2000","2000JA-January Term 1999-2000",03-JAN-00,28-JAN-00,"2000","Academic Year 1999-2000","N","P","","",29-JAN-00,30-NOV-99,04-JAN-00,04-JAN-00,28-JAN-00,,,28-OCT-24
"2001JA","2001JA","January Term 2000-2001","2001JA-January Term 2000-2001",08-JAN-01,02-FEB-01,"2001","Academic Year 2000-2001","N","P","","",02-FEB-01,30-NOV-00,08-JAN-01,08-JAN-01,02-FEB-01,,,28-OCT-24
"2002JA","2002JA","January Term 2001-2002","2002JA-January Term 2001-2002",07-JAN-02,03-FEB-02,"2002","Academic Year 2001-2002","N","P","","",01-FEB-02,29-NOV-01,03-JAN-02,07-JAN-02,01-FEB-02,,,28-OCT-24
"2003JA","2003JA","January Term 2002-2003","2003JA-January Term 2002-2003",06-JAN-03,02-FEB-03,"2003","Academic Year 2002-2003","N","P","","",31-JAN-03,29-NOV-02,06-JAN-03,06-JAN-03,31-JAN-03,,,28-OCT-24
"2004JA","2004JA","January Term 2003-2004","2004JA-January Term 2003-2004",05-JAN-04,30-JAN-04,"2004","Academic Year 2003-2004","N","P","","",30-JAN-04,29-NOV-03,05-JAN-04,05-JAN-04,30-JAN-04,,,28-OCT-24
"2005JA","2005JA","January Term 2004-2005","2005JA-January Term 2004-2005",03-JAN-05,28-JAN-05,"2005","Academic Year 2004-2005","N","P","","",28-JAN-05,01-DEC-04,03-JAN-05,03-JAN-05,28-JAN-05,,,28-OCT-24
"1959SU","1959SU","Summer Term 1959","1959SU-Summer Term 1959",06-JUN-59,26-AUG-59,"1959","Academic Year 1958-1959","N","P","1960","1960",20-AUG-59,01-MAY-59,10-JUN-59,,,,,28-OCT-24
"1958SU","1958SU","Summer Term 1958","1958SU-Summer Term 1958",07-JUN-58,27-AUG-58,"1958","Academic Year 1957-1958","N","P","1960","1960",20-AUG-58,01-MAY-58,10-JUN-58,,,,,28-OCT-24
"1957SU","1957SU","Summer Term 1957","1957SU-Summer Term 1957",05-JUN-57,15-AUG-57,"1957","Academic Year 1956-1957","N","P","1960","1960",20-AUG-57,01-MAY-57,10-JUN-57,,,,,28-OCT-24
"1956SU","1956SU","Summer Term 1956","1956SU-Summer Term 1956",05-JUN-56,15-AUG-56,"1956","Academic Year 1955-1956","N","P","1960","1960",20-AUG-56,01-MAY-56,10-JUN-56,,,,,28-OCT-24
"1955SU","1955SU","Summer Term 1955","1955SU-Summer Term 1955",05-JUN-55,15-AUG-55,"1955","Academic Year 1954-1955","N","P","1960","1960",21-AUG-55,01-MAY-55,11-JUN-55,,,,,28-OCT-24
"1954SU","1954SU","Summer Term 1954","1954SU-Summer Term 1954",05-JUN-54,15-AUG-54,"1954","Academic Year 1953-1954","N","P","1960","1960",21-AUG-54,01-MAY-54,11-JUN-54,,,,,28-OCT-24
"1953SU","1953SU","Summer Term 1953","1953SU-Summer Term 1953",05-JUN-53,15-AUG-53,"1953","Academic Year 1952-1953","N","P","1960","1960",21-AUG-53,01-MAY-53,11-JUN-53,,,,,28-OCT-24
"1952SU","1952SU","Summer Term 1952","1952SU-Summer Term 1952",05-JUN-52,15-AUG-52,"1952","Academic Year 1951-1952","N","P","1960","1960",21-AUG-52,01-MAY-52,11-JUN-52,,,,,28-OCT-24
"1951SU","1951SU","Summer Term 1951","1951SU-Summer Term 1951",05-JUN-51,15-AUG-51,"1951","Academic Year 1950-1951","N","P","1960","1960",20-AUG-51,01-MAY-51,10-JUN-51,,,,,28-OCT-24
"2006SP","2006SP","Spring Term 2005-2006","2006SP-Spring Term 2005-2006",06-FEB-06,28-MAY-06,"2006","Academic Year 2005-2006","N","P","2006","2006",26-MAY-06,01-DEC-05,06-FEB-06,07-FEB-06,18-MAY-06,16-JAN-06,31-MAY-06,28-OCT-24
"2006FA","2006FA","Fall Term 2005-2006","2006FA-Fall Term 2005-2006",06-SEP-05,22-DEC-05,"2006","Academic Year 2005-2006","N","P","2006","2006",22-DEC-05,02-MAY-05,06-SEP-05,07-SEP-05,14-DEC-05,01-SEP-05,15-JAN-06,28-OCT-24
"2006SU","2006SU","Summer Term 2006","2006SU-Summer Term 2006",12-JUN-06,22-AUG-06,"2006","Academic Year 2005-2006","N","P","2007","2007",22-AUG-06,01-MAY-06,12-JUN-06,12-JUN-06,22-AUG-06,01-JUN-06,31-AUG-06,28-OCT-24
"2006JA","2006JA","January Term 2005-2006","2006JA-January Term 2005-2006",09-JAN-06,03-FEB-06,"2006","Academic Year 2005-2006","N","P","","",03-FEB-06,01-DEC-05,09-JAN-06,09-JAN-06,03-FEB-06,,,28-OCT-24
"2007FA","2007FA","Fall Term 2006-2007","2007FA-Fall Term 2006-2007",05-SEP-06,22-DEC-06,"2007","Academic Year 2006-2007","N","P","2007","2007",22-DEC-06,01-MAY-06,05-SEP-06,06-SEP-06,13-DEC-06,01-SEP-06,15-JAN-07,28-OCT-24
"2007JA","2007JA","January Term 2006-2007","2007JA-January Term 2006-2007",08-JAN-07,04-FEB-07,"2007","Academic Year 2006-2007","N","P","","",02-FEB-07,01-DEC-06,08-JAN-07,08-JAN-07,02-FEB-07,,,28-OCT-24
"2007SP","2007SP","Spring Term 2006-2007","2007SP-Spring Term 2006-2007",05-FEB-07,25-MAY-07,"2007","Academic Year 2006-2007","N","P","2007","2007",25-MAY-07,01-DEC-06,05-FEB-07,06-FEB-07,17-MAY-07,16-JAN-07,31-MAY-07,28-OCT-24
"2007SU","2007SU","Summer Term 2007","2007SU-Summer Term 2007",11-JUN-07,21-AUG-07,"2007","Academic Year 2006-2007","N","P","2008","2008",21-AUG-07,01-MAY-07,11-JUN-07,11-JUN-07,21-AUG-07,01-JUN-07,31-AUG-07,28-OCT-24
"2008FA","2008FA","Fall Term 2007-2008","2008FA-Fall Term 2007-2008",04-SEP-07,21-DEC-07,"2008","Academic Year 2007-2008","N","P","2008","2008",21-DEC-07,01-MAY-07,04-SEP-07,05-SEP-07,12-DEC-07,01-SEP-07,15-JAN-08,28-OCT-24
"2008JA","2008JA","January Term 2007-2008","2008JA-January Term 2007-2008",07-JAN-08,03-FEB-08,"2008","Academic Year 2007-2008","N","P","","",01-FEB-08,03-DEC-07,07-JAN-08,07-JAN-08,01-FEB-08,,,28-OCT-24
"2008SP","2008SP","Spring Term 2007-2008","2008SP-Spring Term 2007-2008",04-FEB-08,23-MAY-08,"2008","Academic Year 2007-2008","N","P","2008","2008",23-MAY-08,03-DEC-07,04-FEB-08,05-FEB-08,15-MAY-08,16-JAN-08,31-MAY-08,28-OCT-24
"2008SU","2008SU","Summer Term 2008","2008SU-Summer Term 2008",09-JUN-08,19-AUG-08,"2008","Academic Year 2007-2008","N","P","2009","2009",19-AUG-08,01-MAY-08,09-JUN-08,09-JUN-08,19-AUG-08,01-JUN-08,31-AUG-08,28-OCT-24
"2009FA","2009FA","Fall Term 2008-2009","2009FA-Fall Term 2008-2009",02-SEP-08,19-DEC-08,"2009","Academic Year 2008-2009","N","P","2009","2009",19-DEC-08,01-MAY-08,02-SEP-08,03-SEP-08,10-DEC-08,01-SEP-08,15-JAN-09,28-OCT-24
"2009JA","2009JA","January Term 2008-2009","2009JA-January Term 2008-2009",05-JAN-09,01-FEB-09,"2009","Academic Year 2008-2009","N","P","","",30-JAN-09,01-DEC-08,05-JAN-09,05-JAN-09,30-JAN-09,,,28-OCT-24
"2009SP","2009SP","Spring Term 2008-2009","2009SP-Spring Term 2008-2009",02-FEB-09,22-MAY-09,"2009","Academic Year 2008-2009","N","P","2009","2009",22-MAY-09,01-DEC-08,02-FEB-09,03-FEB-09,14-MAY-09,16-JAN-09,31-MAY-09,28-OCT-24
"2009SU","2009SU","Summer Term 2009","2009SU-Summer Term 2009",08-JUN-09,18-AUG-09,"2009","Academic Year 2008-2009","N","P","2010","2010",18-AUG-09,01-MAY-09,08-JUN-09,08-JUN-09,18-AUG-09,01-JUN-09,31-AUG-09,28-OCT-24
"2010FA","2010FA","Fall Term 2009-2010","2010FA-Fall Term 2009-2010",08-SEP-09,18-DEC-09,"2010","Academic Year 2009-2010","N","P","2010","2010",18-DEC-09,01-MAY-09,08-SEP-09,09-SEP-09,10-DEC-09,01-SEP-09,15-JAN-10,28-OCT-24
"2010JA","2010JA","January Term 2009-2010","2010JA-January Term 2009-2010",04-JAN-10,31-JAN-10,"2010","Academic Year 2009-2010","N","P","","",29-JAN-10,01-DEC-09,04-JAN-10,04-JAN-10,01-FEB-10,,,28-OCT-24
"2010SP","2010SP","Spring Term 2009-2010","2010SP-Spring Term 2009-2010",01-FEB-10,21-MAY-10,"2010","Academic Year 2009-2010","N","P","2010","2010",21-MAY-10,01-DEC-09,01-FEB-10,02-FEB-10,13-MAY-10,16-JAN-10,31-MAY-10,28-OCT-24
"2010SU","2010SU","Summer Term 2010","2010SU-Summer Term 2010",07-JUN-10,17-AUG-10,"2010","Academic Year 2009-2010","N","P","2011","2011",17-AUG-10,03-MAY-10,07-JUN-10,07-JUN-10,17-AUG-10,01-JUN-10,31-AUG-10,28-OCT-24
"2011FA","2011FA","Fall Term 2010-2011","2011FA-Fall Term 2010-2011",07-SEP-10,17-DEC-10,"2011","Academic Year 2010-2011","N","P","2011","2011",17-DEC-10,03-MAY-10,07-SEP-10,08-SEP-10,09-DEC-10,01-SEP-10,15-JAN-11,28-OCT-24
