"HIERARCHY_TYPE","LINK_TYPE_CODE","LINK_TYPE","DLC_KEY","DLC_CODE","LINKED_OBJECT_KEY","LINKED_OBJECT_CODE"
"Compact DLC Hierarchy","ORGU","Old Org. Unit","D_EHSO","D_EHSO","002908","002908"
"Compact DLC Hierarchy","ORGU","Old Org. Unit","D_EHSO","D_EHSO","392101","392101"
"Compact DLC Hierarchy","ORG2","New Org. Unit","D_EHSO","D_EHSO","O10002933","10002933"
"Compact DLC Hierarchy","ORGU","Old Org. Unit","D_EHSO","D_EHSO","392200","392200"
"Compact DLC Hierarchy","BAG","NIMBUS B.A.G.","D_EHSO","D_EHSO","390","390"
"Compact DLC Hierarchy","BAG","NIMBUS B.A.G.","D_EHSO","D_EHSO","183","183"
"Compact DLC Hierarchy","ORG2","New Org. Unit","D_EHSO","D_EHSO","O10002908","10002908"
"Compact DLC Hierarchy","PMIT","PCMIT-0 Profit Center","D_EHSO","D_EHSO","PCMIT-0360-001","PCMIT-0360"
"Compact DLC Hierarchy","PMIT","PCMIT-0 Profit Center","D_EHSO","D_EHSO","PCMIT-0361-001","PCMIT-0361"
"Compact DLC Hierarchy","PMIT","PCMIT-0 Profit Center","D_EHSO","D_EHSO","PCMIT-0362-001","PCMIT-0362"
"Compact DLC Hierarchy","PMIT","PCMIT-0 Profit Center","D_EHSO","D_EHSO","PCMIT-0363-001","PCMIT-0363"
"Compact DLC Hierarchy","PMIT","PCMIT-0 Profit Center","D_EHSO","D_EHSO","PCMIT-0364-001","PCMIT-0364"
"Compact DLC Hierarchy","PMIT","PCMIT-0 Profit Center","D_EHSO","D_EHSO","PCMIT-0365-001","PCMIT-0365"
"Compact DLC Hierarchy","PMIT","PCMIT-0 Profit Center","D_EHSO","D_EHSO","PCMIT-0366-001","PCMIT-0366"
"Compact DLC Hierarchy","PMIT","PCMIT-0 Profit Center","D_EHSO","D_EHSO","PCMIT-0367-001","PCMIT-0367"
"Compact DLC Hierarchy","FC","Standard Funds Center","D_UPOP","D_UPOP","FC100452","FC100452"
"Compact DLC Hierarchy","FC","Standard Funds Center","D_UPOP","D_UPOP","FC101546","FC101546"
"Compact DLC Hierarchy","ORGU","Old Org. Unit","D_UPOP","D_UPOP","060900","060900"
"Compact DLC Hierarchy","ORG2","New Org. Unit","D_UPOP","D_UPOP","O10000298","10000298"
"Compact DLC Hierarchy","FC","Standard Funds Center","D_UPOP","D_UPOP","FC400776","FC400776"
"Compact DLC Hierarchy","FC","Standard Funds Center","D_UPOP","D_UPOP","FC_UPOP","FC_UPOP"
"Compact DLC Hierarchy","BAG","NIMBUS B.A.G.","D_UPOP","D_UPOP","373","373"
"Compact DLC Hierarchy","PMIT","PCMIT-0 Profit Center","D_UPOP","D_UPOP","P060900-001","P060900"
"Compact DLC Hierarchy","PMIT","PCMIT-0 Profit Center","D_UPOP","D_UPOP","PCMIT-0238-001","PCMIT-0238"
"Standard Hierarchy","FC","Standard Funds Center","D_OIS","D_OIS","FC106156","FC106156"
"Standard Hierarchy","FC","Standard Funds Center","D_OIS","D_OIS","FC_OIS","FC_OIS"
"Standard Hierarchy","FC","Standard Funds Center","D_OIS","D_OIS","FC403663","FC403663"
"Standard Hierarchy","FC","Standard Funds Center","D_OIS","D_OIS","FC220288","FC220288"
"Standard Hierarchy","FC","Standard Funds Center","D_OIS","D_OIS","FC220287","FC220287"
"Standard Hierarchy","FC","Standard Funds Center","D_OIS","D_OIS","FC120011","FC120011"
"Standard Hierarchy","PMIT","PCMIT-0 Profit Center","D_OIS","D_OIS","P401504-001","P401504"
"Standard Hierarchy","PMIT","PCMIT-0 Profit Center","D_OIS","D_OIS","P401503-001","P401503"
"Standard Hierarchy","PMIT","PCMIT-0 Profit Center","D_OIS","D_OIS","P401502-001","P401502"
"Standard Hierarchy","ORG2","New Org. Unit","D_OIS","D_OIS","O10006583","10006583"
"Standard Hierarchy","FC","Standard Funds Center","D_CS3","D_CS3","FC220289","FC220289"
"Standard Hierarchy","FC","Standard Funds Center","D_CS3","D_CS3","FC401350","FC401350"
"Standard Hierarchy","PMIT","PCMIT-0 Profit Center","D_CS3","D_CS3","PCMIT-0288-001","PCMIT-0288"
"Standard Hierarchy","PMIT","PCMIT-0 Profit Center","D_CS3","D_CS3","P159400-001","P159400"
"Standard Hierarchy","FC","Standard Funds Center","D_CS3","D_CS3","FC220247","FC220247"
"Standard Hierarchy","FC","Standard Funds Center","D_CS3","D_CS3","FC220133","FC220133"
"Standard Hierarchy","FC","Standard Funds Center","D_CS3","D_CS3","FC220132","FC220132"
"Standard Hierarchy","FC","Standard Funds Center","D_CS3","D_CS3","FC220072","FC220072"
"Standard Hierarchy","FC","Standard Funds Center","D_CS3","D_CS3","FC220020","FC220020"
"Standard Hierarchy","FC","Standard Funds Center","D_CS3","D_CS3","FC206456","FC206456"
"Standard Hierarchy","FC","Standard Funds Center","D_CS3","D_CS3","FC220019","FC220019"
"Standard Hierarchy","FC","Standard Funds Center","D_CS3","D_CS3","FC206416","FC206416"
"Standard Hierarchy","FC","Standard Funds Center","D_CS3","D_CS3","FC206376","FC206376"
"Standard Hierarchy","FC","Standard Funds Center","D_CS3","D_CS3","FC206321","FC206321"
"Standard Hierarchy","FC","Standard Funds Center","D_CS3","D_CS3","FC206445","FC206445"
"Standard Hierarchy","FC","Standard Funds Center","D_CS3","D_CS3","FC206455","FC206455"
"Standard Hierarchy","FC","Standard Funds Center","D_CS3","D_CS3","FC205597","FC205597"
"Standard Hierarchy","FC","Standard Funds Center","D_CS3","D_CS3","FC205580","FC205580"
"Standard Hierarchy","FC","Standard Funds Center","D_CS3","D_CS3","FC_CS3","FC_CS3"
"Standard Hierarchy","FC","Standard Funds Center","D_CS3","D_CS3","FC100715","FC100715"
"Standard Hierarchy","FC","Standard Funds Center","D_CS3","D_CS3","FC206457","FC206457"
"Standard Hierarchy","FC","Standard Funds Center","D_CS3","D_CS3","FC206458","FC206458"
"Standard Hierarchy","FC","Standard Funds Center","D_CS3","D_CS3","FC207702","FC207702"
"Standard Hierarchy","FC","Standard Funds Center","D_CS3","D_CS3","FC206460","FC206460"
"Standard Hierarchy","FC","Standard Funds Center","D_CS3","D_CS3","FC206459","FC206459"
"Standard Hierarchy","ORGU","Old Org. Unit","D_CS3","D_CS3","159400","159400"
"Standard Hierarchy","BAG","NIMBUS B.A.G.","D_CS3","D_CS3","423","423"
"Standard Hierarchy","ORG2","New Org. Unit","D_CS3","D_CS3","O10002633","10002633"
"Standard Hierarchy","FC","Standard Funds Center","D_CS3","D_CS3","FC207772","FC207772"
"Standard Hierarchy","FC","Standard Funds Center","D_CS3","D_CS3","FC207771","FC207771"
"Standard Hierarchy","FC","Standard Funds Center","D_CS3","D_CS3","FC205576","FC205576"
"Standard Hierarchy","FC","Standard Funds Center","D_CS3","D_CS3","FC205565","FC205565"
"Standard Hierarchy","FC","Standard Funds Center","D_CS3","D_CS3","FC205542","FC205542"
"Standard Hierarchy","FC","Standard Funds Center","D_CS3","D_CS3","FC204627","FC204627"
"Standard Hierarchy","FC","Standard Funds Center","D_CS3","D_CS3","FC102035","FC102035"
"Standard Hierarchy","FC","Standard Funds Center","D_CS3","D_CS3","FC101750","FC101750"
"Standard Hierarchy","FC","Standard Funds Center","D_GRADJUNCTION","D_GRADJUNCTION","FC_GRADJUNCTION","FC_GRADJUNCTION"
"Standard Hierarchy","PMIT","PCMIT-0 Profit Center","D_GRADJUNCTION","D_GRADJUNCTION","P442003-001","P442003"
"Standard Hierarchy","FC","Standard Funds Center","D_GRADJUNCTION","D_GRADJUNCTION","FC403631","FC403631"
"Standard Hierarchy","FC","Standard Funds Center","D_GRADJUNCTION","D_GRADJUNCTION","FC120010","FC120010"
"Standard Hierarchy","FC","Standard Funds Center","D_GRADJUNCTION","D_GRADJUNCTION","FC106141","FC106141"
"Standard Hierarchy","FC","Standard Funds Center","D_GRADJUNCTION","D_GRADJUNCTION","FC106140","FC106140"
"Standard Hierarchy","ORG2","New Org. Unit","D_OBDT","D_OBDT","O10006508","10006508"
"Standard Hierarchy","FC","Standard Funds Center","D_OBDT","D_OBDT","FC106160","FC106160"
"Standard Hierarchy","FC","Standard Funds Center","D_OBDT","D_OBDT","FC403650","FC403650"
"Standard Hierarchy","FC","Standard Funds Center","D_OBDT","D_OBDT","FC_OBDT","FC_OBDT"
"Standard Hierarchy","FC","Standard Funds Center","D_OBDT","D_OBDT","FC120280","FC120280"
"Standard Hierarchy","PMIT","PCMIT-0 Profit Center","D_OBDT","D_OBDT","P404524-001","P404524"
"Standard Hierarchy","FC","Standard Funds Center","D_IRDF","D_IRDF","FC403580","FC403580"
"Standard Hierarchy","FC","Standard Funds Center","D_IRDF","D_IRDF","FC120005","FC120005"
"Standard Hierarchy","FC","Standard Funds Center","D_IRDF","D_IRDF","FC106152","FC106152"
"Standard Hierarchy","PMIT","PCMIT-0 Profit Center","D_IRDF","D_IRDF","P442002-001","P442002"
"Standard Hierarchy","FC","Standard Funds Center","D_IRDF","D_IRDF","FC_IRDF","FC_IRDF"
"Standard Hierarchy","FC","Standard Funds Center","D_MITMAD","D_MITMAD","FC103800","FC103800"
"Standard Hierarchy","FC","Standard Funds Center","D_MITMAD","D_MITMAD","FC100780","FC100780"
"Standard Hierarchy","FC","Standard Funds Center","D_MITMAD","D_MITMAD","FC_MITMAD02","FC_MITMAD02"
"Standard Hierarchy","FC","Standard Funds Center","D_MITMAD","D_MITMAD","FC404104","FC404104"
"Standard Hierarchy","FC","Standard Funds Center","D_MITMAD","D_MITMAD","FC404026","FC404026"
"Standard Hierarchy","FC","Standard Funds Center","D_MITMAD","D_MITMAD","FC_MITMAD01","FC_MITMAD01"
"Standard Hierarchy","FC","Standard Funds Center","D_MITMAD","D_MITMAD","FC404027","FC404027"
"Standard Hierarchy","FC","Standard Funds Center","D_MITMAD","D_MITMAD","FC103806","FC103806"
"Standard Hierarchy","FC","Standard Funds Center","D_MITMAD","D_MITMAD","FC103801","FC103801"
"Standard Hierarchy","FC","Standard Funds Center","D_MITMAD","D_MITMAD","FC206540","FC206540"
"Standard Hierarchy","FC","Standard Funds Center","D_MITMAD","D_MITMAD","FC221742","FC221742"
"Standard Hierarchy","FC","Standard Funds Center","D_MITMAD","D_MITMAD","FC221542","FC221542"
"Standard Hierarchy","FC","Standard Funds Center","D_MITMAD","D_MITMAD","FC221737","FC221737"
"Standard Hierarchy","FC","Standard Funds Center","D_MITMAD","D_MITMAD","FC404025","FC404025"
"Standard Hierarchy","FC","Standard Funds Center","D_MITMAD","D_MITMAD","FC221741","FC221741"
"Standard Hierarchy","FC","Standard Funds Center","D_MITMAD","D_MITMAD","FC221730","FC221730"
"Standard Hierarchy","FC","Standard Funds Center","D_MITMAD","D_MITMAD","FC103820","FC103820"
"Standard Hierarchy","FC","Standard Funds Center","D_MITMAD","D_MITMAD","FC_MITMAD","FC_MITMAD"
"Standard Hierarchy","ORGU","Old Org. Unit","D_MITMAD","D_MITMAD","440102","440102"
"Standard Hierarchy","FC","Standard Funds Center","D_MITMAD","D_MITMAD","FC404101","FC404101"
"Standard Hierarchy","FC","Standard Funds Center","D_MITMAD","D_MITMAD","FC404100","FC404100"
"Standard Hierarchy","FC","Standard Funds Center","D_MITMAD","D_MITMAD","FC221743","FC221743"
"Standard Hierarchy","PMIT","PCMIT-0 Profit Center","D_MITMAD","D_MITMAD","P030300-001","P030300"
"Standard Hierarchy","FC","Standard Funds Center","D_MITMAD","D_MITMAD","FC221731","FC221731"
"Standard Hierarchy","FC","Standard Funds Center","D_MITMAD","D_MITMAD","FC103807","FC103807"
"Standard Hierarchy","FC","Standard Funds Center","D_MITMAD","D_MITMAD","FC404102","FC404102"
"Standard Hierarchy","ORG2","New Org. Unit","D_MITMAD","D_MITMAD","O10006283","10006283"
"Standard Hierarchy","FC","Standard Funds Center","D_MITMAD","D_MITMAD","FC404103","FC404103"
"Standard Hierarchy","FC","Standard Funds Center","D_MITMAD","D_MITMAD","FC103804","FC103804"
"Standard Hierarchy","FC","Standard Funds Center","D_MITMAD","D_MITMAD","FC_MITMAD04","FC_MITMAD04"
"Standard Hierarchy","FC","Standard Funds Center","D_MITMAD","D_MITMAD","FC103803","FC103803"
"Standard Hierarchy","FC","Standard Funds Center","D_MITMAD","D_MITMAD","FC103805","FC103805"
"Standard Hierarchy","FC","Standard Funds Center","D_MITMAD","D_MITMAD","FC221734","FC221734"
"Standard Hierarchy","PMIT","PCMIT-0 Profit Center","D_MITMAD","D_MITMAD","P440103-001","P440103"
"Standard Hierarchy","PMIT","PCMIT-0 Profit Center","D_MITMAD","D_MITMAD","P440104-001","P440104"
"Standard Hierarchy","PMIT","PCMIT-0 Profit Center","D_MITMAD","D_MITMAD","P440105-001","P440105"
"Standard Hierarchy","PMIT","PCMIT-0 Profit Center","D_MITMAD","D_MITMAD","P440106-001","P440106"
"Standard Hierarchy","PMIT","PCMIT-0 Profit Center","D_MITMAD","D_MITMAD","P440107-001","P440107"
"Standard Hierarchy","PMIT","PCMIT-0 Profit Center","D_MITMAD","D_MITMAD","P440108-001","P440108"
"Standard Hierarchy","PMIT","PCMIT-0 Profit Center","D_MITMAD","D_MITMAD","P030302-001","P030302"
"Standard Hierarchy","ORG2","New Org. Unit","D_MITMAD","D_MITMAD","O10005666","10005666"
"Standard Hierarchy","ORG2","New Org. Unit","D_MITMAD","D_MITMAD","O10005665","10005665"
"Standard Hierarchy","ORG2","New Org. Unit","D_MITMAD","D_MITMAD","O10004033","10004033"
"Standard Hierarchy","FC","Standard Funds Center","D_MITMAD","D_MITMAD","FC221733","FC221733"
"Standard Hierarchy","FC","Standard Funds Center","D_MITMAD","D_MITMAD","FC221732","FC221732"
"Standard Hierarchy","FC","Standard Funds Center","D_MITMAD","D_MITMAD","FC_MITMAD03","FC_MITMAD03"
"Standard Hierarchy","FC","Standard Funds Center","D_MITMAD","D_MITMAD","FC_MITMAD05","FC_MITMAD05"
"Standard Hierarchy","PMIT","PCMIT-0 Profit Center","D_MITMAD","D_MITMAD","P030303-001","P030303"
"Standard Hierarchy","FC","Standard Funds Center","D_MITMAD","D_MITMAD","FC103802","FC103802"
"Standard Hierarchy","PMIT","PCMIT-0 Profit Center","D_MITMAD","D_MITMAD","P440102-001","P440102"
"Standard Hierarchy","ORG2","New Org. Unit","D_MITMAD","D_MITMAD","O10005667","10005667"
"Standard Hierarchy","PMIT","PCMIT-0 Profit Center","D_MITMAD","D_MITMAD","P030301-001","P030301"
"Standard Hierarchy","FC","Standard Funds Center","D_CGC","D_CGC","FC220196","FC220196"
"Standard Hierarchy","FC","Standard Funds Center","D_CGC","D_CGC","FC220201","FC220201"
"Standard Hierarchy","PMIT","PCMIT-0 Profit Center","D_CGC","D_CGC","P402468-001","P402468"
"Standard Hierarchy","FC","Standard Funds Center","D_CGC","D_CGC","FC220194","FC220194"
"Standard Hierarchy","FC","Standard Funds Center","D_CGC","D_CGC","FC220195","FC220195"
"Standard Hierarchy","FC","Standard Funds Center","D_CGC","D_CGC","FC220193","FC220193"
"Standard Hierarchy","FC","Standard Funds Center","D_CGC","D_CGC","FC220200","FC220200"
"Standard Hierarchy","FC","Standard Funds Center","D_CGC","D_CGC","FC106126","FC106126"
"Standard Hierarchy","FC","Standard Funds Center","D_CGC","D_CGC","FC_CGC","FC_CGC"
"Standard Hierarchy","FC","Standard Funds Center","D_CGC","D_CGC","FC403637","FC403637"
"Standard Hierarchy","FC","Standard Funds Center","D_CGC","D_CGC","FC403636","FC403636"
"Standard Hierarchy","FC","Standard Funds Center","D_CGC","D_CGC","FC403635","FC403635"
"Standard Hierarchy","FC","Standard Funds Center","D_CGC","D_CGC","FC220181","FC220181"
"Standard Hierarchy","FC","Standard Funds Center","D_CGC","D_CGC","FC220182","FC220182"
"Standard Hierarchy","FC","Standard Funds Center","D_CGC","D_CGC","FC220183","FC220183"
"Standard Hierarchy","FC","Standard Funds Center","D_CGC","D_CGC","FC403638","FC403638"
"Standard Hierarchy","FC","Standard Funds Center","D_CGC","D_CGC","FC403639","FC403639"
"Standard Hierarchy","FC","Standard Funds Center","D_CGC","D_CGC","FC403634","FC403634"
"Standard Hierarchy","FC","Standard Funds Center","D_CGC","D_CGC","FC220180","FC220180"
"Standard Hierarchy","FC","Standard Funds Center","D_CGC","D_CGC","FC403633","FC403633"
"Standard Hierarchy","FC","Standard Funds Center","D_CGC","D_CGC","FC220281","FC220281"
"Standard Hierarchy","FC","Standard Funds Center","D_CGC","D_CGC","FC220179","FC220179"
"Standard Hierarchy","FC","Standard Funds Center","D_CGC","D_CGC","FC220178","FC220178"
"Standard Hierarchy","FC","Standard Funds Center","D_CGC","D_CGC","FC220177","FC220177"
"Standard Hierarchy","FC","Standard Funds Center","D_CGC","D_CGC","FC220176","FC220176"
"Standard Hierarchy","FC","Standard Funds Center","D_CGC","D_CGC","FC220175","FC220175"
"Standard Hierarchy","FC","Standard Funds Center","D_CGC","D_CGC","FC403274","FC403274"
"Standard Hierarchy","FC","Standard Funds Center","D_CGC","D_CGC","FC220171","FC220171"
"Standard Hierarchy","FC","Standard Funds Center","D_CGC","D_CGC","FC120003","FC120003"
"Standard Hierarchy","FC","Standard Funds Center","D_CGC","D_CGC","FC106134","FC106134"
"Standard Hierarchy","FC","Standard Funds Center","D_CGC","D_CGC","FC106133","FC106133"
"Standard Hierarchy","FC","Standard Funds Center","D_CGC","D_CGC","FC106132","FC106132"
"Standard Hierarchy","FC","Standard Funds Center","D_CGC","D_CGC","FC106131","FC106131"
"Standard Hierarchy","FC","Standard Funds Center","D_CGC","D_CGC","FC106130","FC106130"
"Standard Hierarchy","FC","Standard Funds Center","D_CGC","D_CGC","FC106128","FC106128"
"Standard Hierarchy","FC","Standard Funds Center","D_CGC","D_CGC","FC220185","FC220185"
"Standard Hierarchy","FC","Standard Funds Center","D_CGC","D_CGC","FC220186","FC220186"
"Standard Hierarchy","FC","Standard Funds Center","D_CGC","D_CGC","FC220217","FC220217"
"Standard Hierarchy","FC","Standard Funds Center","D_CGC","D_CGC","FC220187","FC220187"
"Standard Hierarchy","ORG2","New Org. Unit","D_CGC","D_CGC","O10006360","10006360"
"Standard Hierarchy","FC","Standard Funds Center","D_CGC","D_CGC","FC220188","FC220188"
"Standard Hierarchy","FC","Standard Funds Center","D_CGC","D_CGC","FC220189","FC220189"
"Standard Hierarchy","FC","Standard Funds Center","D_CGC","D_CGC","FC220190","FC220190"
"Standard Hierarchy","FC","Standard Funds Center","D_CGC","D_CGC","FC220191","FC220191"
"Standard Hierarchy","FC","Standard Funds Center","D_CGC","D_CGC","FC220192","FC220192"
"Standard Hierarchy","FC","Standard Funds Center","D_CGC","D_CGC","FC220204","FC220204"
"Standard Hierarchy","FC","Standard Funds Center","D_CGC","D_CGC","FC220203","FC220203"
"Standard Hierarchy","FC","Standard Funds Center","D_CGC","D_CGC","FC220202","FC220202"
"Standard Hierarchy","PMIT","PCMIT-0 Profit Center","D_CGC","D_CGC","P402460-001","P402460"
"Standard Hierarchy","PMIT","PCMIT-0 Profit Center","D_CGC","D_CGC","P402465-001","P402465"
"Standard Hierarchy","PMIT","PCMIT-0 Profit Center","D_CGC","D_CGC","P402466-001","P402466"
"Standard Hierarchy","PMIT","PCMIT-0 Profit Center","D_CGC","D_CGC","P402467-001","P402467"
"Standard Hierarchy","PMIT","PCMIT-0 Profit Center","D_CGC","D_CGC","P402469-001","P402469"
"Standard Hierarchy","FC","Standard Funds Center","D_CGC","D_CGC","FC220184","FC220184"
"Standard Hierarchy","FC","Standard Funds Center","D_MITOI","D_MITOI","FC401681","FC401681"
"Standard Hierarchy","FC","Standard Funds Center","D_MITOI","D_MITOI","FC401682","FC401682"
"Standard Hierarchy","FC","Standard Funds Center","D_MITOI","D_MITOI","FC401680","FC401680"
"Standard Hierarchy","FC","Standard Funds Center","D_MITOI","D_MITOI","FC401625","FC401625"
"Standard Hierarchy","FC","Standard Funds Center","D_MITOI","D_MITOI","FC220047","FC220047"
"Standard Hierarchy","FC","Standard Funds Center","D_MITOI","D_MITOI","FC220046","FC220046"
"Standard Hierarchy","FC","Standard Funds Center","D_MITOI","D_MITOI","FC207725","FC207725"
"Standard Hierarchy","FC","Standard Funds Center","D_MITOI","D_MITOI","FC100637","FC100637"
"Standard Hierarchy","FC","Standard Funds Center","D_MITOI","D_MITOI","FC103625","FC103625"
"Standard Hierarchy","FC","Standard Funds Center","D_MITOI","D_MITOI","FC220216","FC220216"
"Standard Hierarchy","FC","Standard Funds Center","D_MITOI","D_MITOI","FC_MITOI04","FC_MITOI04"
"Standard Hierarchy","FC","Standard Funds Center","D_MITOI","D_MITOI","FC_MITOI06","FC_MITOI06"
"Standard Hierarchy","FC","Standard Funds Center","D_MITOI","D_MITOI","FC403601","FC403601"
"Standard Hierarchy","FC","Standard Funds Center","D_MITOI","D_MITOI","FC_MITOI05","FC_MITOI05"
"Standard Hierarchy","FC","Standard Funds Center","D_MITOI","D_MITOI","FC_MITOI07","FC_MITOI07"
"Standard Hierarchy","PMIT","PCMIT-0 Profit Center","D_MITOI","D_MITOI","P401823-001","P401823"
"Standard Hierarchy","ORG2","New Org. Unit","D_MITOI","D_MITOI","O10005111","10005111"
"Standard Hierarchy","FC","Standard Funds Center","D_MITOI","D_MITOI","FC401683","FC401683"
"Standard Hierarchy","SIS","Student Systems Unit","D_MITOI","D_MITOI","INN","INN"
"Standard Hierarchy","FC","Standard Funds Center","D_MITOI","D_MITOI","FC403222","FC403222"
"Standard Hierarchy","FC","Standard Funds Center","D_MITOI","D_MITOI","FC_MITOI","FC_MITOI"
"Standard Hierarchy","FC","Standard Funds Center","D_MITOI","D_MITOI","FC_MITOI03","FC_MITOI03"
"Standard Hierarchy","FC","Standard Funds Center","D_MITOI","D_MITOI","FC_MITOI02","FC_MITOI02"
"Standard Hierarchy","FORG","Facilities Org.","D_MITOI","D_MITOI","279","279"
"Standard Hierarchy","FC","Standard Funds Center","D_MITOI","D_MITOI","FC_MITOI01","FC_MITOI01"
"Standard Hierarchy","FC","Standard Funds Center","D_CCTR","D_CCTR","FC220150","FC220150"
"Standard Hierarchy","FC","Standard Funds Center","D_CCTR","D_CCTR","FC403275","FC403275"
"Standard Hierarchy","FC","Standard Funds Center","D_CCTR","D_CCTR","FC_CCTR","FC_CCTR"
"Standard Hierarchy","FC","Standard Funds Center","D_CCTR","D_CCTR","FC120002","FC120002"
"Standard Hierarchy","FC","Standard Funds Center","D_CCTR","D_CCTR","FC106070","FC106070"
"Standard Hierarchy","ORG2","New Org. Unit","D_CCTR","D_CCTR","O10006233","10006233"
"Standard Hierarchy","FC","Standard Funds Center","D_CCTR","D_CCTR","FC220205","FC220205"
"Standard Hierarchy","PMIT","PCMIT-0 Profit Center","D_CCTR","D_CCTR","P402450-001","P402450"
"Standard Hierarchy","FC","Standard Funds Center","D_CSS","D_CSS","FC_CSS","FC_CSS"
"Standard Hierarchy","PMIT","PCMIT-0 Profit Center","D_CSS","D_CSS","P404523-001","P404523"
"Standard Hierarchy","ORG2","New Org. Unit","D_CSS","D_CSS","O10006208","10006208"
"Standard Hierarchy","FC","Standard Funds Center","D_MITAMAZON","D_MITAMAZON","FC221520","FC221520"
"Standard Hierarchy","FC","Standard Funds Center","D_MITAMAZON","D_MITAMAZON","FC103280","FC103280"
"Standard Hierarchy","ORG2","New Org. Unit","D_MITAMAZON","D_MITAMAZON","O10006158","10006158"
"Standard Hierarchy","PMIT","PCMIT-0 Profit Center","D_MITAMAZON","D_MITAMAZON","P065014-001","P065014"
"Standard Hierarchy","FC","Standard Funds Center","D_MITAMAZON","D_MITAMAZON","FC404020","FC404020"
"Standard Hierarchy","FC","Standard Funds Center","D_MITAMAZON","D_MITAMAZON","FC100775","FC100775"
"Standard Hierarchy","FC","Standard Funds Center","D_MITAMAZON","D_MITAMAZON","FC_MITAMAZON01","FC_MITAMAZON01"
"Standard Hierarchy","FC","Standard Funds Center","D_MITAMAZON","D_MITAMAZON","FC_MITAMAZON","FC_MITAMAZON"
"Standard Hierarchy","FC","Standard Funds Center","D_GRADEL","D_GRADEL","FC404017","FC404017"
"Standard Hierarchy","PMIT","PCMIT-0 Profit Center","D_GRADEL","D_GRADEL","P061250-001","P061250"
"Standard Hierarchy","FC","Standard Funds Center","D_GRADEL","D_GRADEL","FC103273","FC103273"
"Standard Hierarchy","FC","Standard Funds Center","D_GRADEL","D_GRADEL","FC100799","FC100799"
"Standard Hierarchy","FC","Standard Funds Center","D_GRADEL","D_GRADEL","FC_GRADEL","FC_GRADEL"
"Standard Hierarchy","FC","Standard Funds Center","D_MCSC","D_MCSC","FC402088","FC402088"
"Standard Hierarchy","FC","Standard Funds Center","D_MCSC","D_MCSC","FC101849","FC101849"
"Standard Hierarchy","FC","Standard Funds Center","D_MCSC","D_MCSC","FC221404","FC221404"
"Standard Hierarchy","FC","Standard Funds Center","D_MCSC","D_MCSC","FC402089","FC402089"
"Standard Hierarchy","PMIT","PCMIT-0 Profit Center","D_MCSC","D_MCSC","P060901-001","P060901"
"Standard Hierarchy","FC","Standard Funds Center","D_MCSC","D_MCSC","FC221403","FC221403"
"Standard Hierarchy","FC","Standard Funds Center","D_MCSC","D_MCSC","FC101848","FC101848"
"Standard Hierarchy","FC","Standard Funds Center","D_MCSC","D_MCSC","FC100797","FC100797"
"Standard Hierarchy","FC","Standard Funds Center","D_MCSC","D_MCSC","FC_MCSC","FC_MCSC"
"Standard Hierarchy","FC","Standard Funds Center","D_MCSC","D_MCSC","FC_MCSC01","FC_MCSC01"
"Standard Hierarchy","FC","Standard Funds Center","D_MCSC","D_MCSC","FC_MCSC02","FC_MCSC02"
"Standard Hierarchy","ORG2","New Org. Unit","D_MCSC","D_MCSC","O10006108","10006108"
"Standard Hierarchy","FC","Standard Funds Center","D_INDONESIA","D_INDONESIA","FC402118","FC402118"
"Standard Hierarchy","FC","Standard Funds Center","D_INDONESIA","D_INDONESIA","FC221402","FC221402"
"Standard Hierarchy","FC","Standard Funds Center","D_INDONESIA","D_INDONESIA","FC100798","FC100798"
"Standard Hierarchy","PMIT","PCMIT-0 Profit Center","D_INDONESIA","D_INDONESIA","P401828-001","P401828"
"Standard Hierarchy","FC","Standard Funds Center","D_INDONESIA","D_INDONESIA","FC_INDONESIA","FC_INDONESIA"
"Standard Hierarchy","FC","Standard Funds Center","D_INDONESIA","D_INDONESIA","FC103215","FC103215"
"Standard Hierarchy","FC","Standard Funds Center","D_INDONESIA","D_INDONESIA","FC102408","FC102408"
"Standard Hierarchy","BAG","NIMBUS B.A.G.","D_RAS","D_RAS","121","121"
"Standard Hierarchy","ORGU","Old Org. Unit","D_RAS","D_RAS","391000","391000"
"Standard Hierarchy","FC","Standard Funds Center","D_RAS","D_RAS","FC101113","FC101113"
"Standard Hierarchy","BAG","NIMBUS B.A.G.","D_RAS","D_RAS","122","122"
"Standard Hierarchy","FC","Standard Funds Center","D_RAS","D_RAS","FC100232","FC100232"
"Standard Hierarchy","FC","Standard Funds Center","D_RAS","D_RAS","FC103808","FC103808"
"Standard Hierarchy","FC","Standard Funds Center","D_RAS","D_RAS","FC103809","FC103809"
"Standard Hierarchy","FC","Standard Funds Center","D_RAS","D_RAS","FC103810","FC103810"
"Standard Hierarchy","FC","Standard Funds Center","D_RAS","D_RAS","FC404079","FC404079"
"Standard Hierarchy","ORG2","New Org. Unit","D_RAS","D_RAS","O10000590","10000590"
"Standard Hierarchy","FC","Standard Funds Center","D_RAS","D_RAS","FC404080","FC404080"
"Standard Hierarchy","FC","Standard Funds Center","D_RAS","D_RAS","FC403500","FC403500"
"Standard Hierarchy","FC","Standard Funds Center","D_RAS","D_RAS","FC106036","FC106036"
"Standard Hierarchy","FC","Standard Funds Center","D_RAS","D_RAS","FC106035","FC106035"
"Standard Hierarchy","FC","Standard Funds Center","D_RAS","D_RAS","FC100725","FC100725"
"Standard Hierarchy","PMIT","PCMIT-0 Profit Center","D_RAS","D_RAS","P391020-001","P391020"
"Standard Hierarchy","PMIT","PCMIT-0 Profit Center","D_RAS","D_RAS","P391010-001","P391010"
"Standard Hierarchy","FC","Standard Funds Center","D_RAS","D_RAS","FC100724","FC100724"
"Standard Hierarchy","FC","Standard Funds Center","D_RAS","D_RAS","FC_RAS05","FC_RAS05"
"Standard Hierarchy","FC","Standard Funds Center","D_RAS","D_RAS","FC_RAS06","FC_RAS06"
"Standard Hierarchy","PMIT","PCMIT-0 Profit Center","D_RAS","D_RAS","P391000-001","P391000"
"Standard Hierarchy","PMIT","PCMIT-0 Profit Center","D_RAS","D_RAS","PCMIT-0170-001","PCMIT-0170"
"Standard Hierarchy","PMIT","PCMIT-0 Profit Center","D_RAS","D_RAS","P391030-001","P391030"
"Standard Hierarchy","PMIT","PCMIT-0 Profit Center","D_RAS","D_RAS","P391001-001","P391001"
"Standard Hierarchy","FC","Standard Funds Center","D_RAS","D_RAS","FC102106","FC102106"
"Standard Hierarchy","FC","Standard Funds Center","D_RAS","D_RAS","FC403501","FC403501"
"Standard Hierarchy","FC","Standard Funds Center","D_RAS","D_RAS","FC102136","FC102136"
"Standard Hierarchy","FC","Standard Funds Center","D_RAS","D_RAS","FC102137","FC102137"
"Standard Hierarchy","FC","Standard Funds Center","D_RAS","D_RAS","FC102138","FC102138"
"Standard Hierarchy","FC","Standard Funds Center","D_RAS","D_RAS","FC102139","FC102139"
"Standard Hierarchy","FC","Standard Funds Center","D_RAS","D_RAS","FC400111","FC400111"
"Standard Hierarchy","FC","Standard Funds Center","D_RAS","D_RAS","FC_RAS","FC_RAS"
"Standard Hierarchy","FC","Standard Funds Center","D_RAS","D_RAS","FC_RAS01","FC_RAS01"
"Standard Hierarchy","FC","Standard Funds Center","D_RAS","D_RAS","FC_RAS02","FC_RAS02"
"Standard Hierarchy","FC","Standard Funds Center","D_RAS","D_RAS","FC_RAS03","FC_RAS03"
"Standard Hierarchy","FC","Standard Funds Center","D_RAS","D_RAS","FC_RAS04","FC_RAS04"
"Standard Hierarchy","ORGU","Old Org. Unit","D_MITES","D_MITES","060700","060700"
"Standard Hierarchy","BAG","NIMBUS B.A.G.","D_MITES","D_MITES","272","272"
"Standard Hierarchy","ORG2","New Org. Unit","D_MITES","D_MITES","O10002508","10002508"
"Standard Hierarchy","FC","Standard Funds Center","D_MITES","D_MITES","FC400048","FC400048"
"Standard Hierarchy","FC","Standard Funds Center","D_MITES","D_MITES","FC101209","FC101209"
"Standard Hierarchy","FC","Standard Funds Center","D_MITES","D_MITES","FC100592","FC100592"
"Standard Hierarchy","PMIT","PCMIT-0 Profit Center","D_MITES","D_MITES","P060700-001","P060700"
"Standard Hierarchy","FC","Standard Funds Center","D_MITES","D_MITES","FC_MITES","FC_MITES"
"Standard Hierarchy","FC","Standard Funds Center","D_EIP","D_EIP","FC100591","FC100591"
"Standard Hierarchy","FC","Standard Funds Center","D_EIP","D_EIP","FC400049","FC400049"
"Standard Hierarchy","FC","Standard Funds Center","D_EIP","D_EIP","FC_EIP","FC_EIP"
"Standard Hierarchy","PMIT","PCMIT-0 Profit Center","D_EIP","D_EIP","P060400-001","P060400"
"Standard Hierarchy","FC","Standard Funds Center","D_ECSEL","D_ECSEL","FC202448","FC202448"
"Standard Hierarchy","FC","Standard Funds Center","D_ECSEL","D_ECSEL","FC_ECSEL14","FC_ECSEL14"
"Standard Hierarchy","FC","Standard Funds Center","D_ECSEL","D_ECSEL","FC_ECSEL13","FC_ECSEL13"
"Standard Hierarchy","FC","Standard Funds Center","D_ECSEL","D_ECSEL","FC_ECSEL12","FC_ECSEL12"
"Standard Hierarchy","FC","Standard Funds Center","D_ECSEL","D_ECSEL","FC_ECSEL11","FC_ECSEL11"
"Standard Hierarchy","FC","Standard Funds Center","D_ECSEL","D_ECSEL","FC202447","FC202447"
"Standard Hierarchy","FC","Standard Funds Center","D_ECSEL","D_ECSEL","FC202446","FC202446"
"Standard Hierarchy","FC","Standard Funds Center","D_ECSEL","D_ECSEL","FC202439","FC202439"
"Standard Hierarchy","FC","Standard Funds Center","D_ECSEL","D_ECSEL","FC202440","FC202440"
"Standard Hierarchy","FC","Standard Funds Center","D_ECSEL","D_ECSEL","FC202441","FC202441"
"Standard Hierarchy","FC","Standard Funds Center","D_ECSEL","D_ECSEL","FC202442","FC202442"
"Standard Hierarchy","FC","Standard Funds Center","D_ECSEL","D_ECSEL","FC202443","FC202443"
"Standard Hierarchy","FC","Standard Funds Center","D_ECSEL","D_ECSEL","FC202458","FC202458"
"Standard Hierarchy","FC","Standard Funds Center","D_ECSEL","D_ECSEL","FC202459","FC202459"
"Standard Hierarchy","FC","Standard Funds Center","D_ECSEL","D_ECSEL","FC202460","FC202460"
"Standard Hierarchy","FC","Standard Funds Center","D_ECSEL","D_ECSEL","FC202461","FC202461"
"Standard Hierarchy","FC","Standard Funds Center","D_ECSEL","D_ECSEL","FC202462","FC202462"
"Standard Hierarchy","FC","Standard Funds Center","D_ECSEL","D_ECSEL","FC203592","FC203592"
"Standard Hierarchy","FC","Standard Funds Center","D_ECSEL","D_ECSEL","FC203593","FC203593"
"Standard Hierarchy","FC","Standard Funds Center","D_ECSEL","D_ECSEL","FC203594","FC203594"
"Standard Hierarchy","FC","Standard Funds Center","D_ECSEL","D_ECSEL","FC203595","FC203595"
"Standard Hierarchy","FC","Standard Funds Center","D_ECSEL","D_ECSEL","FC202445","FC202445"
"Standard Hierarchy","FC","Standard Funds Center","D_ECSEL","D_ECSEL","FC202444","FC202444"
"Standard Hierarchy","FC","Standard Funds Center","D_ECSEL","D_ECSEL","FC204125","FC204125"
"Standard Hierarchy","FC","Standard Funds Center","D_ECSEL","D_ECSEL","FC204195","FC204195"
"Standard Hierarchy","FC","Standard Funds Center","D_ECSEL","D_ECSEL","FC202438","FC202438"
"Standard Hierarchy","FC","Standard Funds Center","D_ECSEL","D_ECSEL","FC202437","FC202437"
"Standard Hierarchy","FC","Standard Funds Center","D_ECSEL","D_ECSEL","FC_ECSEL16","FC_ECSEL16"
"Standard Hierarchy","FC","Standard Funds Center","D_ECSEL","D_ECSEL","FC202449","FC202449"
"Standard Hierarchy","FC","Standard Funds Center","D_ECSEL","D_ECSEL","FC202450","FC202450"
"Standard Hierarchy","FC","Standard Funds Center","D_ECSEL","D_ECSEL","FC202451","FC202451"
"Standard Hierarchy","FC","Standard Funds Center","D_ECSEL","D_ECSEL","FC202452","FC202452"
"Standard Hierarchy","FC","Standard Funds Center","D_ECSEL","D_ECSEL","FC202453","FC202453"
"Standard Hierarchy","FC","Standard Funds Center","D_ECSEL","D_ECSEL","FC202454","FC202454"
"Standard Hierarchy","FC","Standard Funds Center","D_ECSEL","D_ECSEL","FC202455","FC202455"
"Standard Hierarchy","FC","Standard Funds Center","D_ECSEL","D_ECSEL","FC202456","FC202456"
"Standard Hierarchy","FC","Standard Funds Center","D_ECSEL","D_ECSEL","FC202457","FC202457"
"Standard Hierarchy","FC","Standard Funds Center","D_ECSEL","D_ECSEL","FC_ECSEL15","FC_ECSEL15"
"Standard Hierarchy","FC","Standard Funds Center","D_ECSEL","D_ECSEL","FC_ECSEL05","FC_ECSEL05"
"Standard Hierarchy","FC","Standard Funds Center","D_ECSEL","D_ECSEL","FC_ECSEL06","FC_ECSEL06"
"Standard Hierarchy","FC","Standard Funds Center","D_ECSEL","D_ECSEL","FC_ECSEL07","FC_ECSEL07"
"Standard Hierarchy","FC","Standard Funds Center","D_ECSEL","D_ECSEL","FC_ECSEL08","FC_ECSEL08"
"Standard Hierarchy","FC","Standard Funds Center","D_ECSEL","D_ECSEL","FC203596","FC203596"
"Standard Hierarchy","FC","Standard Funds Center","D_ECSEL","D_ECSEL","FC_ECSEL09","FC_ECSEL09"
"Standard Hierarchy","FC","Standard Funds Center","D_ECSEL","D_ECSEL","FC_ECSEL10","FC_ECSEL10"
"Standard Hierarchy","FC","Standard Funds Center","D_ECSEL","D_ECSEL","FC202436","FC202436"
"Standard Hierarchy","FC","Standard Funds Center","D_ECSEL","D_ECSEL","FC100079","FC100079"
"Standard Hierarchy","FC","Standard Funds Center","D_ECSEL","D_ECSEL","FC_ECSEL03","FC_ECSEL03"
"Standard Hierarchy","FC","Standard Funds Center","D_ECSEL","D_ECSEL","FC_ECSEL04","FC_ECSEL04"
"Standard Hierarchy","FC","Standard Funds Center","D_ECSEL","D_ECSEL","FC_ECSEL01","FC_ECSEL01"
"Standard Hierarchy","PMIT","PCMIT-0 Profit Center","D_ECSEL","D_ECSEL","P060200-001","P060200"
"Standard Hierarchy","FC","Standard Funds Center","D_ECSEL","D_ECSEL","FC_ECSEL02","FC_ECSEL02"
"Standard Hierarchy","PMIT","PCMIT-0 Profit Center","D_ECSEL","D_ECSEL","PCMIT-0016-001","PCMIT-0016"
"Standard Hierarchy","FC","Standard Funds Center","D_ECSEL","D_ECSEL","FC_ECSEL","FC_ECSEL"
"Standard Hierarchy","ORG2","New Org. Unit","D_DOE","D_DOE","O10000284","10000284"
"Standard Hierarchy","BAG","NIMBUS B.A.G.","D_DOE","D_DOE","170","170"
"Standard Hierarchy","ORG2","New Org. Unit","D_DOE","D_DOE","O10002708","10002708"
"Standard Hierarchy","ORGU","Old Org. Unit","D_DOE","D_DOE","060000","060000"
"Standard Hierarchy","FC","Standard Funds Center","D_DOE","D_DOE","FC400264","FC400264"
"Standard Hierarchy","FC","Standard Funds Center","D_DOE","D_DOE","FC204016","FC204016"
"Standard Hierarchy","FC","Standard Funds Center","D_DOE","D_DOE","FC202484","FC202484"
"Standard Hierarchy","FC","Standard Funds Center","D_DOE","D_DOE","FC202434","FC202434"
"Standard Hierarchy","FC","Standard Funds Center","D_DOE","D_DOE","FC101148","FC101148"
"Standard Hierarchy","FC","Standard Funds Center","D_DOE","D_DOE","FC202433","FC202433"
"Standard Hierarchy","FORG","Facilities Org.","D_DOE","D_DOE","243","243"
"Standard Hierarchy","FC","Standard Funds Center","D_DOE","D_DOE","FC202432","FC202432"
"Standard Hierarchy","FC","Standard Funds Center","D_DOE","D_DOE","FC400282","FC400282"
"Standard Hierarchy","FC","Standard Funds Center","D_DOE","D_DOE","FC400131","FC400131"
"Standard Hierarchy","ORG2","New Org. Unit","D_DOE","D_DOE","O10005158","10005158"
"Standard Hierarchy","FC","Standard Funds Center","D_DOE","D_DOE","FC400130","FC400130"
"Standard Hierarchy","FC","Standard Funds Center","D_DOE","D_DOE","FC400129","FC400129"
"Standard Hierarchy","ORG2","New Org. Unit","D_DOE","D_DOE","O10005159","10005159"
"Standard Hierarchy","ORG2","New Org. Unit","D_DOE","D_DOE","O10005160","10005160"
"Standard Hierarchy","ORGU","Old Org. Unit","D_DOE","D_DOE","060100","060100"
"Standard Hierarchy","FC","Standard Funds Center","D_DOE","D_DOE","FC401967","FC401967"
"Standard Hierarchy","FC","Standard Funds Center","D_DOE","D_DOE","FC400128","FC400128"
"Standard Hierarchy","PMIT","PCMIT-0 Profit Center","D_DOE","D_DOE","PCMIT-0015-001","PCMIT-0015"
"Standard Hierarchy","PMIT","PCMIT-0 Profit Center","D_DOE","D_DOE","P060100-001","P060100"
"Standard Hierarchy","FC","Standard Funds Center","D_DOE","D_DOE","FC400127","FC400127"
"Standard Hierarchy","FC","Standard Funds Center","D_DOE","D_DOE","FC400126","FC400126"
"Standard Hierarchy","FC","Standard Funds Center","D_DOE","D_DOE","FC400125","FC400125"
"Standard Hierarchy","FC","Standard Funds Center","D_DOE","D_DOE","FC400123","FC400123"
"Standard Hierarchy","FC","Standard Funds Center","D_DOE","D_DOE","FC400122","FC400122"
"Standard Hierarchy","FC","Standard Funds Center","D_DOE","D_DOE","FC400121","FC400121"
"Standard Hierarchy","FC","Standard Funds Center","D_DOE","D_DOE","FC204094","FC204094"
"Standard Hierarchy","FC","Standard Funds Center","D_DOE","D_DOE","FC100503","FC100503"
"Standard Hierarchy","FC","Standard Funds Center","D_DOE","D_DOE","FC_DOE07","FC_DOE07"
"Standard Hierarchy","FC","Standard Funds Center","D_DOE","D_DOE","FC_DOE06","FC_DOE06"
"Standard Hierarchy","FC","Standard Funds Center","D_DOE","D_DOE","FC101136","FC101136"
"Standard Hierarchy","FC","Standard Funds Center","D_DOE","D_DOE","FC101137","FC101137"
"Standard Hierarchy","FC","Standard Funds Center","D_DOE","D_DOE","FC_DOE05","FC_DOE05"
"Standard Hierarchy","FC","Standard Funds Center","D_DOE","D_DOE","FC_DOE04","FC_DOE04"
"Standard Hierarchy","FC","Standard Funds Center","D_DOE","D_DOE","FC_DOE03","FC_DOE03"
"Standard Hierarchy","FC","Standard Funds Center","D_DOE","D_DOE","FC_DOE02","FC_DOE02"
"Standard Hierarchy","FC","Standard Funds Center","D_DOE","D_DOE","FC_DOE01","FC_DOE01"
"Standard Hierarchy","FC","Standard Funds Center","D_DOE","D_DOE","FC_DOE","FC_DOE"
"Standard Hierarchy","FC","Standard Funds Center","D_DOE","D_DOE","FC401442","FC401442"
"Standard Hierarchy","FC","Standard Funds Center","D_DOE","D_DOE","FC101138","FC101138"
"Standard Hierarchy","FC","Standard Funds Center","D_DOE","D_DOE","FC101140","FC101140"
"Standard Hierarchy","FC","Standard Funds Center","D_DOE","D_DOE","FC100082","FC100082"
"Standard Hierarchy","FC","Standard Funds Center","D_DOE","D_DOE","FC_DOE14","FC_DOE14"
"Standard Hierarchy","FC","Standard Funds Center","D_DOE","D_DOE","FC_DOE13","FC_DOE13"
"Standard Hierarchy","FC","Standard Funds Center","D_DOE","D_DOE","FC_DOE12","FC_DOE12"
"Standard Hierarchy","FC","Standard Funds Center","D_DOE","D_DOE","FC_DOE11","FC_DOE11"
"Standard Hierarchy","FC","Standard Funds Center","D_DOE","D_DOE","FC_DOE10","FC_DOE10"
"Standard Hierarchy","FC","Standard Funds Center","D_DOE","D_DOE","FC402062","FC402062"
"Standard Hierarchy","FC","Standard Funds Center","D_DOE","D_DOE","FC101135","FC101135"
"Standard Hierarchy","FC","Standard Funds Center","D_DOE","D_DOE","FC_DOE09","FC_DOE09"
"Standard Hierarchy","FC","Standard Funds Center","D_DOE","D_DOE","FC_DOE08","FC_DOE08"
"Standard Hierarchy","FC","Standard Funds Center","D_DOE","D_DOE","FC101147","FC101147"
"Standard Hierarchy","FC","Standard Funds Center","D_DOE","D_DOE","FC102110","FC102110"
"Standard Hierarchy","FC","Standard Funds Center","D_DOE","D_DOE","FC202431","FC202431"
"Standard Hierarchy","FC","Standard Funds Center","D_DOE","D_DOE","FC101146","FC101146"
"Standard Hierarchy","FC","Standard Funds Center","D_DOE","D_DOE","FC101145","FC101145"
"Standard Hierarchy","FC","Standard Funds Center","D_DOE","D_DOE","FC101144","FC101144"
"Standard Hierarchy","FC","Standard Funds Center","D_DOE","D_DOE","FC101141","FC101141"
"Standard Hierarchy","FC","Standard Funds Center","D_DOE","D_DOE","FC_DOE15","FC_DOE15"
"Standard Hierarchy","SIS","Student Systems Unit","D_DOE","D_DOE","SENG","SENG"
"Standard Hierarchy","BAG","NIMBUS B.A.G.","D_DOE","D_DOE","171","171"
"Standard Hierarchy","PMIT","PCMIT-0 Profit Center","D_DOE","D_DOE","P060010-001","P060010"
"Standard Hierarchy","PMIT","PCMIT-0 Profit Center","D_DOE","D_DOE","P060004-001","P060004"
"Standard Hierarchy","PMIT","PCMIT-0 Profit Center","D_DOE","D_DOE","P060003-001","P060003"
"Standard Hierarchy","PMIT","PCMIT-0 Profit Center","D_DOE","D_DOE","P060035-001","P060035"
"Standard Hierarchy","PMIT","PCMIT-0 Profit Center","D_DOE","D_DOE","P060000-001","P060000"
"Standard Hierarchy","FC","Standard Funds Center","D_CONCOURSE","D_CONCOURSE","FC103782","FC103782"
"Standard Hierarchy","FC","Standard Funds Center","D_CONCOURSE","D_CONCOURSE","FC_CONCOURSE","FC_CONCOURSE"
"Standard Hierarchy","FC","Standard Funds Center","D_CONCOURSE","D_CONCOURSE","FC403151","FC403151"
"Standard Hierarchy","FC","Standard Funds Center","D_CONCOURSE","D_CONCOURSE","FC207792","FC207792"
"Standard Hierarchy","FC","Standard Funds Center","D_CONCOURSE","D_CONCOURSE","FC102454","FC102454"
"Standard Hierarchy","SIS","Student Systems Unit","D_CONCOURSE","D_CONCOURSE","CON","CON"
"Standard Hierarchy","FC","Standard Funds Center","D_CONCOURSE","D_CONCOURSE","FC100669","FC100669"
"Standard Hierarchy","SIS","Student Systems Unit","D_CONCOURSE","D_CONCOURSE","CC","CC"
"Standard Hierarchy","PMIT","PCMIT-0 Profit Center","D_CONCOURSE","D_CONCOURSE","P069600-001","P069600"
"Standard Hierarchy","BAG","NIMBUS B.A.G.","D_CONCOURSE","D_CONCOURSE","302","302"
"Standard Hierarchy","ORGU","Old Org. Unit","D_CONCOURSE","D_CONCOURSE","069600","069600"
"Standard Hierarchy","FORG","Facilities Org.","D_CONCOURSE","D_CONCOURSE","137","137"
"Standard Hierarchy","ORG2","New Org. Unit","D_CONCOURSE","D_CONCOURSE","O10002483","10002483"
"Standard Hierarchy","FC","Standard Funds Center","D_CEE","D_CEE","FC200817","FC200817"
"Standard Hierarchy","FC","Standard Funds Center","D_CEE","D_CEE","FC200830","FC200830"
"Standard Hierarchy","PMIT","PCMIT-0 Profit Center","D_CEE","D_CEE","P063007-001","P063007"
"Standard Hierarchy","FC","Standard Funds Center","D_CEE","D_CEE","FC200847","FC200847"
"Standard Hierarchy","FC","Standard Funds Center","D_CEE","D_CEE","FC200851","FC200851"
"Standard Hierarchy","FC","Standard Funds Center","D_CEE","D_CEE","FC200855","FC200855"
"Standard Hierarchy","FC","Standard Funds Center","D_CEE","D_CEE","FC200437","FC200437"
"Standard Hierarchy","FC","Standard Funds Center","D_CEE","D_CEE","FC200456","FC200456"
"Standard Hierarchy","FC","Standard Funds Center","D_CEE","D_CEE","FC200586","FC200586"
"Standard Hierarchy","FC","Standard Funds Center","D_CEE","D_CEE","FC200604","FC200604"
"Standard Hierarchy","FC","Standard Funds Center","D_CEE","D_CEE","FC200781","FC200781"
"Standard Hierarchy","FC","Standard Funds Center","D_CEE","D_CEE","FC_CEE61","FC_CEE61"
"Standard Hierarchy","FC","Standard Funds Center","D_CEE","D_CEE","FC200785","FC200785"
"Standard Hierarchy","FC","Standard Funds Center","D_CEE","D_CEE","FC200803","FC200803"
"Standard Hierarchy","FC","Standard Funds Center","D_CEE","D_CEE","FC_CEE42","FC_CEE42"
"Standard Hierarchy","SIS","Student Systems Unit","D_CEE","D_CEE","1","1"
"Standard Hierarchy","PMIT","PCMIT-0 Profit Center","D_CEE","D_CEE","PCMIT-0023-001","PCMIT-0023"
"Standard Hierarchy","PMIT","PCMIT-0 Profit Center","D_CEE","D_CEE","P063045-001","P063045"
"Standard Hierarchy","FC","Standard Funds Center","D_CEE","D_CEE","FC200383","FC200383"
"Standard Hierarchy","FC","Standard Funds Center","D_CEE","D_CEE","FC200366","FC200366"
"Standard Hierarchy","FC","Standard Funds Center","D_CEE","D_CEE","FC200363","FC200363"
"Standard Hierarchy","FC","Standard Funds Center","D_CEE","D_CEE","FC200339","FC200339"
"Standard Hierarchy","FC","Standard Funds Center","D_CEE","D_CEE","FC200336","FC200336"
"Standard Hierarchy","PMIT","PCMIT-0 Profit Center","D_CEE","D_CEE","P063000-001","P063000"
"Standard Hierarchy","FC","Standard Funds Center","D_CEE","D_CEE","FC200319","FC200319"
"Standard Hierarchy","FC","Standard Funds Center","D_CEE","D_CEE","FC200309","FC200309"
"Standard Hierarchy","FC","Standard Funds Center","D_CEE","D_CEE","FC200215","FC200215"
"Standard Hierarchy","FC","Standard Funds Center","D_CEE","D_CEE","FC200194","FC200194"
"Standard Hierarchy","FC","Standard Funds Center","D_CEE","D_CEE","FC200154","FC200154"
"Standard Hierarchy","FC","Standard Funds Center","D_CEE","D_CEE","FC102005","FC102005"
"Standard Hierarchy","FC","Standard Funds Center","D_CEE","D_CEE","FC_CEE60","FC_CEE60"
"Standard Hierarchy","FC","Standard Funds Center","D_CEE","D_CEE","FC205589","FC205589"
"Standard Hierarchy","FC","Standard Funds Center","D_CEE","D_CEE","FC206324","FC206324"
"Standard Hierarchy","FC","Standard Funds Center","D_CEE","D_CEE","FC206325","FC206325"
"Standard Hierarchy","FC","Standard Funds Center","D_CEE","D_CEE","FC106125","FC106125"
"Standard Hierarchy","FC","Standard Funds Center","D_CEE","D_CEE","FC206430","FC206430"
"Standard Hierarchy","FC","Standard Funds Center","D_CEE","D_CEE","FC206431","FC206431"
"Standard Hierarchy","FC","Standard Funds Center","D_CEE","D_CEE","FC207794","FC207794"
"Standard Hierarchy","FC","Standard Funds Center","D_CEE","D_CEE","FC220218","FC220218"
"Standard Hierarchy","FC","Standard Funds Center","D_CEE","D_CEE","FC207735","FC207735"
"Standard Hierarchy","FC","Standard Funds Center","D_CEE","D_CEE","FC207736","FC207736"
"Standard Hierarchy","FC","Standard Funds Center","D_CEE","D_CEE","FC205562","FC205562"
"Standard Hierarchy","FC","Standard Funds Center","D_CEE","D_CEE","FC_CEE63","FC_CEE63"
"Standard Hierarchy","FC","Standard Funds Center","D_CEE","D_CEE","FC_CEE13","FC_CEE13"
"Standard Hierarchy","FC","Standard Funds Center","D_CEE","D_CEE","FC_CEE12","FC_CEE12"
"Standard Hierarchy","FC","Standard Funds Center","D_CEE","D_CEE","FC_CEE11","FC_CEE11"
"Standard Hierarchy","FC","Standard Funds Center","D_CEE","D_CEE","FC_CEE10","FC_CEE10"
"Standard Hierarchy","FC","Standard Funds Center","D_CEE","D_CEE","FC_CEE09","FC_CEE09"
"Standard Hierarchy","FC","Standard Funds Center","D_CEE","D_CEE","FC_CEE08","FC_CEE08"
"Standard Hierarchy","FC","Standard Funds Center","D_CEE","D_CEE","FC_CEE07","FC_CEE07"
"Standard Hierarchy","FC","Standard Funds Center","D_CEE","D_CEE","FC_CEE06","FC_CEE06"
"Standard Hierarchy","FC","Standard Funds Center","D_CEE","D_CEE","FC_CEE05","FC_CEE05"
"Standard Hierarchy","FC","Standard Funds Center","D_CEE","D_CEE","FC_CEE04","FC_CEE04"
"Standard Hierarchy","FC","Standard Funds Center","D_CEE","D_CEE","FC_CEE03","FC_CEE03"
"Standard Hierarchy","FC","Standard Funds Center","D_CEE","D_CEE","FC_CEE02","FC_CEE02"
"Standard Hierarchy","FC","Standard Funds Center","D_CEE","D_CEE","FC_CEE01","FC_CEE01"
"Standard Hierarchy","FC","Standard Funds Center","D_CEE","D_CEE","FC_CEE","FC_CEE"
"Standard Hierarchy","FC","Standard Funds Center","D_CEE","D_CEE","FC205587","FC205587"
"Standard Hierarchy","FC","Standard Funds Center","D_CEE","D_CEE","FC205588","FC205588"
"Standard Hierarchy","FC","Standard Funds Center","D_CEE","D_CEE","FC207777","FC207777"
"Standard Hierarchy","FC","Standard Funds Center","D_CEE","D_CEE","FC207778","FC207778"
"Standard Hierarchy","FC","Standard Funds Center","D_CEE","D_CEE","FC220006","FC220006"
"Standard Hierarchy","FC","Standard Funds Center","D_CEE","D_CEE","FC207815","FC207815"
"Standard Hierarchy","FC","Standard Funds Center","D_CEE","D_CEE","FC206334","FC206334"
"Standard Hierarchy","FC","Standard Funds Center","D_CEE","D_CEE","FC206388","FC206388"
"Standard Hierarchy","FC","Standard Funds Center","D_CEE","D_CEE","FC207729","FC207729"
"Standard Hierarchy","FC","Standard Funds Center","D_CEE","D_CEE","FC207753","FC207753"
"Standard Hierarchy","FC","Standard Funds Center","D_CEE","D_CEE","FC_CEE58","FC_CEE58"
"Standard Hierarchy","FC","Standard Funds Center","D_CEE","D_CEE","FC220112","FC220112"
"Standard Hierarchy","FC","Standard Funds Center","D_CEE","D_CEE","FC220115","FC220115"
"Standard Hierarchy","FC","Standard Funds Center","D_CEE","D_CEE","FC_CEE72","FC_CEE72"
"Standard Hierarchy","PMIT","PCMIT-0 Profit Center","D_CEE","D_CEE","P063001-001","P063001"
"Standard Hierarchy","PMIT","PCMIT-0 Profit Center","D_CEE","D_CEE","P063002-001","P063002"
"Standard Hierarchy","PMIT","PCMIT-0 Profit Center","D_CEE","D_CEE","P063003-001","P063003"
"Standard Hierarchy","PMIT","PCMIT-0 Profit Center","D_CEE","D_CEE","P063004-001","P063004"
"Standard Hierarchy","PMIT","PCMIT-0 Profit Center","D_CEE","D_CEE","P063005-001","P063005"
"Standard Hierarchy","PMIT","PCMIT-0 Profit Center","D_CEE","D_CEE","P063006-001","P063006"
"Standard Hierarchy","FC","Standard Funds Center","D_CEE","D_CEE","FC220167","FC220167"
"Standard Hierarchy","FC","Standard Funds Center","D_CEE","D_CEE","FC_CEE73","FC_CEE73"
"Standard Hierarchy","FC","Standard Funds Center","D_CEE","D_CEE","FC_CEE75","FC_CEE75"
"Standard Hierarchy","FC","Standard Funds Center","D_CEE","D_CEE","FC220001","FC220001"
"Standard Hierarchy","FC","Standard Funds Center","D_CEE","D_CEE","FC204659","FC204659"
"Standard Hierarchy","FC","Standard Funds Center","D_CEE","D_CEE","FC205572","FC205572"
"Standard Hierarchy","FC","Standard Funds Center","D_CEE","D_CEE","FC205573","FC205573"
"Standard Hierarchy","FC","Standard Funds Center","D_CEE","D_CEE","FC201224","FC201224"
"Standard Hierarchy","FC","Standard Funds Center","D_CEE","D_CEE","FC201227","FC201227"
"Standard Hierarchy","FC","Standard Funds Center","D_CEE","D_CEE","FC_CEE40","FC_CEE40"
"Standard Hierarchy","FC","Standard Funds Center","D_CEE","D_CEE","FC_CEE41","FC_CEE41"
"Standard Hierarchy","FC","Standard Funds Center","D_CEE","D_CEE","FC_CEE44","FC_CEE44"
"Standard Hierarchy","FC","Standard Funds Center","D_CEE","D_CEE","FC_CEE100","FC_CEE100"
"Standard Hierarchy","FC","Standard Funds Center","D_CEE","D_CEE","FC_CEE101","FC_CEE101"
"Standard Hierarchy","FC","Standard Funds Center","D_CEE","D_CEE","FC_CEE102","FC_CEE102"
"Standard Hierarchy","FC","Standard Funds Center","D_CEE","D_CEE","FC202189","FC202189"
"Standard Hierarchy","FC","Standard Funds Center","D_CEE","D_CEE","FC_CEE67","FC_CEE67"
"Standard Hierarchy","FC","Standard Funds Center","D_CEE","D_CEE","FC202267","FC202267"
"Standard Hierarchy","FC","Standard Funds Center","D_CEE","D_CEE","FC202268","FC202268"
"Standard Hierarchy","FC","Standard Funds Center","D_CEE","D_CEE","FC202269","FC202269"
"Standard Hierarchy","FC","Standard Funds Center","D_CEE","D_CEE","FC200942","FC200942"
"Standard Hierarchy","FC","Standard Funds Center","D_CEE","D_CEE","FC201113","FC201113"
"Standard Hierarchy","FC","Standard Funds Center","D_CEE","D_CEE","FC201168","FC201168"
"Standard Hierarchy","FC","Standard Funds Center","D_CEE","D_CEE","FC201186","FC201186"
"Standard Hierarchy","FC","Standard Funds Center","D_CEE","D_CEE","FC201193","FC201193"
"Standard Hierarchy","FC","Standard Funds Center","D_CEE","D_CEE","FC201221","FC201221"
"Standard Hierarchy","FC","Standard Funds Center","D_CEE","D_CEE","FC_CEE69","FC_CEE69"
"Standard Hierarchy","FC","Standard Funds Center","D_CEE","D_CEE","FC_CEE39","FC_CEE39"
"Standard Hierarchy","FC","Standard Funds Center","D_CEE","D_CEE","FC_CEE68","FC_CEE68"
"Standard Hierarchy","FC","Standard Funds Center","D_CEE","D_CEE","FC202276","FC202276"
"Standard Hierarchy","FC","Standard Funds Center","D_CEE","D_CEE","FC_CEE66","FC_CEE66"
"Standard Hierarchy","ORG2","New Org. Unit","D_CEE","D_CEE","O10000320","10000320"
"Standard Hierarchy","ORGU","Old Org. Unit","D_CEE","D_CEE","063000","063000"
"Standard Hierarchy","FC","Standard Funds Center","D_CEE","D_CEE","FC_CEE46","FC_CEE46"
"Standard Hierarchy","FC","Standard Funds Center","D_CEE","D_CEE","FC_CEE48","FC_CEE48"
"Standard Hierarchy","FC","Standard Funds Center","D_CEE","D_CEE","FC_CEE47","FC_CEE47"
"Standard Hierarchy","FC","Standard Funds Center","D_CEE","D_CEE","FC_CEE43","FC_CEE43"
"Standard Hierarchy","PMIT","PCMIT-0 Profit Center","D_CEE","D_CEE","P063075-001","P063075"
"Standard Hierarchy","FC","Standard Funds Center","D_CEE","D_CEE","FC202270","FC202270"
"Standard Hierarchy","FC","Standard Funds Center","D_CEE","D_CEE","FC202271","FC202271"
"Standard Hierarchy","FC","Standard Funds Center","D_CEE","D_CEE","FC202272","FC202272"
"Standard Hierarchy","FC","Standard Funds Center","D_CEE","D_CEE","FC202273","FC202273"
"Standard Hierarchy","FC","Standard Funds Center","D_CEE","D_CEE","FC202274","FC202274"
"Standard Hierarchy","FC","Standard Funds Center","D_CEE","D_CEE","FC_CEE50","FC_CEE50"
"Standard Hierarchy","FC","Standard Funds Center","D_CEE","D_CEE","FC_CEE51","FC_CEE51"
"Standard Hierarchy","FC","Standard Funds Center","D_CEE","D_CEE","FC202275","FC202275"
"Standard Hierarchy","FC","Standard Funds Center","D_CEE","D_CEE","FC_CEE103","FC_CEE103"
"Standard Hierarchy","FC","Standard Funds Center","D_CEE","D_CEE","FC_CEE104","FC_CEE104"
"Standard Hierarchy","FC","Standard Funds Center","D_CEE","D_CEE","FC_CEE105","FC_CEE105"
"Standard Hierarchy","FC","Standard Funds Center","D_CEE","D_CEE","FC202624","FC202624"
"Standard Hierarchy","FC","Standard Funds Center","D_CEE","D_CEE","FC202625","FC202625"
"Standard Hierarchy","FC","Standard Funds Center","D_CEE","D_CEE","FC202626","FC202626"
"Standard Hierarchy","FC","Standard Funds Center","D_CEE","D_CEE","FC202627","FC202627"
"Standard Hierarchy","FC","Standard Funds Center","D_CEE","D_CEE","FC202628","FC202628"
"Standard Hierarchy","FC","Standard Funds Center","D_CEE","D_CEE","FC202629","FC202629"
"Standard Hierarchy","FC","Standard Funds Center","D_CEE","D_CEE","FC203211","FC203211"
"Standard Hierarchy","FC","Standard Funds Center","D_CEE","D_CEE","FC203212","FC203212"
"Standard Hierarchy","FC","Standard Funds Center","D_CEE","D_CEE","FC203262","FC203262"
"Standard Hierarchy","FC","Standard Funds Center","D_CEE","D_CEE","FC202616","FC202616"
"Standard Hierarchy","FC","Standard Funds Center","D_CEE","D_CEE","FC202617","FC202617"
"Standard Hierarchy","FC","Standard Funds Center","D_CEE","D_CEE","FC202618","FC202618"
"Standard Hierarchy","FC","Standard Funds Center","D_CEE","D_CEE","FC202619","FC202619"
"Standard Hierarchy","FC","Standard Funds Center","D_CEE","D_CEE","FC202620","FC202620"
"Standard Hierarchy","FC","Standard Funds Center","D_CEE","D_CEE","FC202621","FC202621"
"Standard Hierarchy","FC","Standard Funds Center","D_CEE","D_CEE","FC202622","FC202622"
"Standard Hierarchy","FC","Standard Funds Center","D_CEE","D_CEE","FC202623","FC202623"
"Standard Hierarchy","FC","Standard Funds Center","D_CEE","D_CEE","FC205520","FC205520"
"Standard Hierarchy","FC","Standard Funds Center","D_CEE","D_CEE","FC400026","FC400026"
"Standard Hierarchy","FORG","Facilities Org.","D_CEE","D_CEE","132","132"
"Standard Hierarchy","FC","Standard Funds Center","D_CEE","D_CEE","FC400027","FC400027"
"Standard Hierarchy","FC","Standard Funds Center","D_CEE","D_CEE","FC400028","FC400028"
"Standard Hierarchy","FC","Standard Funds Center","D_CEE","D_CEE","FC100057","FC100057"
"Standard Hierarchy","FC","Standard Funds Center","D_CEE","D_CEE","FC204628","FC204628"
"Standard Hierarchy","FC","Standard Funds Center","D_CEE","D_CEE","FC204662","FC204662"
"Standard Hierarchy","FC","Standard Funds Center","D_CEE","D_CEE","FC204663","FC204663"
"Standard Hierarchy","FC","Standard Funds Center","D_CEE","D_CEE","FC203267","FC203267"
"Standard Hierarchy","FC","Standard Funds Center","D_CEE","D_CEE","FC203285","FC203285"
"Standard Hierarchy","FC","Standard Funds Center","D_CEE","D_CEE","FC205459","FC205459"
"Standard Hierarchy","FC","Standard Funds Center","D_CEE","D_CEE","FC_CEE45","FC_CEE45"
"Standard Hierarchy","FC","Standard Funds Center","D_CEE","D_CEE","FC205467","FC205467"
"Standard Hierarchy","FC","Standard Funds Center","D_CEE","D_CEE","FC205481","FC205481"
"Standard Hierarchy","FC","Standard Funds Center","D_CEE","D_CEE","FC205513","FC205513"
"Standard Hierarchy","FC","Standard Funds Center","D_CEE","D_CEE","FC205514","FC205514"
"Standard Hierarchy","PMIT","PCMIT-0 Profit Center","D_CEE","D_CEE","P063076-001","P063076"
"Standard Hierarchy","FC","Standard Funds Center","D_CEE","D_CEE","FC205519","FC205519"
"Standard Hierarchy","FC","Standard Funds Center","D_CEE","D_CEE","FC_CEE35","FC_CEE35"
"Standard Hierarchy","FC","Standard Funds Center","D_CEE","D_CEE","FC_CEE36","FC_CEE36"
"Standard Hierarchy","FC","Standard Funds Center","D_CEE","D_CEE","FC_CEE37","FC_CEE37"
"Standard Hierarchy","FC","Standard Funds Center","D_CEE","D_CEE","FC_CEE38","FC_CEE38"
"Standard Hierarchy","FC","Standard Funds Center","D_CEE","D_CEE","FC_CEE16","FC_CEE16"
"Standard Hierarchy","FC","Standard Funds Center","D_CEE","D_CEE","FC_CEE15","FC_CEE15"
"Standard Hierarchy","FC","Standard Funds Center","D_CEE","D_CEE","FC_CEE14","FC_CEE14"
"Standard Hierarchy","BAG","NIMBUS B.A.G.","D_CEE","D_CEE","136","136"
"Standard Hierarchy","FC","Standard Funds Center","D_CEE","D_CEE","FC202277","FC202277"
"Standard Hierarchy","FC","Standard Funds Center","D_CEE","D_CEE","FC202282","FC202282"
"Standard Hierarchy","FC","Standard Funds Center","D_CEE","D_CEE","FC202603","FC202603"
"Standard Hierarchy","FC","Standard Funds Center","D_CEE","D_CEE","FC_CEE49","FC_CEE49"
"Standard Hierarchy","FC","Standard Funds Center","D_CEE","D_CEE","FC_CEE53","FC_CEE53"
"Standard Hierarchy","FC","Standard Funds Center","D_CEE","D_CEE","FC_CEE19","FC_CEE19"
"Standard Hierarchy","FC","Standard Funds Center","D_CEE","D_CEE","FC_CEE20","FC_CEE20"
"Standard Hierarchy","FC","Standard Funds Center","D_CEE","D_CEE","FC_CEE21","FC_CEE21"
"Standard Hierarchy","FC","Standard Funds Center","D_CEE","D_CEE","FC_CEE22","FC_CEE22"
"Standard Hierarchy","FC","Standard Funds Center","D_CEE","D_CEE","FC_CEE23","FC_CEE23"
"Standard Hierarchy","FC","Standard Funds Center","D_CEE","D_CEE","FC_CEE24","FC_CEE24"
"Standard Hierarchy","FC","Standard Funds Center","D_CEE","D_CEE","FC_CEE25","FC_CEE25"
"Standard Hierarchy","FC","Standard Funds Center","D_CEE","D_CEE","FC_CEE26","FC_CEE26"
"Standard Hierarchy","FC","Standard Funds Center","D_CEE","D_CEE","FC_CEE27","FC_CEE27"
"Standard Hierarchy","FC","Standard Funds Center","D_CEE","D_CEE","FC_CEE28","FC_CEE28"
"Standard Hierarchy","FC","Standard Funds Center","D_CEE","D_CEE","FC_CEE29","FC_CEE29"
"Standard Hierarchy","FC","Standard Funds Center","D_CEE","D_CEE","FC_CEE30","FC_CEE30"
"Standard Hierarchy","FC","Standard Funds Center","D_CEE","D_CEE","FC_CEE31","FC_CEE31"
"Standard Hierarchy","FC","Standard Funds Center","D_CEE","D_CEE","FC_CEE32","FC_CEE32"
"Standard Hierarchy","FC","Standard Funds Center","D_CEE","D_CEE","FC_CEE33","FC_CEE33"
"Standard Hierarchy","FC","Standard Funds Center","D_CEE","D_CEE","FC_CEE18","FC_CEE18"
"Standard Hierarchy","FC","Standard Funds Center","D_CEE","D_CEE","FC_CEE17","FC_CEE17"
"Standard Hierarchy","FC","Standard Funds Center","D_CEE","D_CEE","FC_CEE34","FC_CEE34"
"Standard Hierarchy","FC","Standard Funds Center","D_CEE","D_CEE","FC202611","FC202611"
"Standard Hierarchy","FC","Standard Funds Center","D_CEE","D_CEE","FC_CEE55","FC_CEE55"
"Standard Hierarchy","FC","Standard Funds Center","D_CEE","D_CEE","FC_CEE56","FC_CEE56"
"Standard Hierarchy","FC","Standard Funds Center","D_CEE","D_CEE","FC202612","FC202612"
"Standard Hierarchy","FC","Standard Funds Center","D_CEE","D_CEE","FC202613","FC202613"
"Standard Hierarchy","FC","Standard Funds Center","D_CEE","D_CEE","FC202614","FC202614"
"Standard Hierarchy","FC","Standard Funds Center","D_CEE","D_CEE","FC202615","FC202615"
"Standard Hierarchy","FC","Standard Funds Center","D_CEE","D_CEE","FC_CEE70","FC_CEE70"
"Standard Hierarchy","FC","Standard Funds Center","D_CEE","D_CEE","FC_CEE57","FC_CEE57"
"Standard Hierarchy","FC","Standard Funds Center","D_CEE","D_CEE","FC202604","FC202604"
"Standard Hierarchy","FC","Standard Funds Center","D_CEE","D_CEE","FC202605","FC202605"
"Standard Hierarchy","FC","Standard Funds Center","D_CEE","D_CEE","FC202606","FC202606"
"Standard Hierarchy","FC","Standard Funds Center","D_CEE","D_CEE","FC202607","FC202607"
"Standard Hierarchy","FC","Standard Funds Center","D_CEE","D_CEE","FC202608","FC202608"
"Standard Hierarchy","FC","Standard Funds Center","D_CEE","D_CEE","FC202609","FC202609"
"Standard Hierarchy","FC","Standard Funds Center","D_CEE","D_CEE","FC202610","FC202610"
"Standard Hierarchy","FC","Standard Funds Center","D_CEE","D_CEE","FC220102","FC220102"
"Standard Hierarchy","FC","Standard Funds Center","D_CEE","D_CEE","FC207705","FC207705"
"Standard Hierarchy","FC","Standard Funds Center","D_CEE","D_CEE","FC206387","FC206387"
"Standard Hierarchy","FC","Standard Funds Center","D_CEE","D_CEE","FC_CEE71","FC_CEE71"
"Standard Hierarchy","FC","Standard Funds Center","D_CEE","D_CEE","FC207802","FC207802"
"Standard Hierarchy","FC","Standard Funds Center","D_CEE","D_CEE","FC204664","FC204664"
"Standard Hierarchy","FC","Standard Funds Center","D_CEE","D_CEE","FC_CEE106","FC_CEE106"
"Standard Hierarchy","FC","Standard Funds Center","D_CEE","D_CEE","FC_CEE54","FC_CEE54"
"Standard Hierarchy","FC","Standard Funds Center","D_CEE","D_CEE","FC207748","FC207748"
"Standard Hierarchy","FC","Standard Funds Center","D_CEE","D_CEE","FC_CEE52","FC_CEE52"
"Standard Hierarchy","FC","Standard Funds Center","D_CEE","D_CEE","FC101481","FC101481"
"Standard Hierarchy","FC","Standard Funds Center","D_CEE","D_CEE","FC101047","FC101047"
"Standard Hierarchy","FC","Standard Funds Center","D_CEE","D_CEE","FC101046","FC101046"
"Standard Hierarchy","FC","Standard Funds Center","D_CEE","D_CEE","FC101045","FC101045"
"Standard Hierarchy","FC","Standard Funds Center","D_CEE","D_CEE","FC101044","FC101044"
"Standard Hierarchy","FC","Standard Funds Center","D_CEE","D_CEE","FC_CEE64","FC_CEE64"
"Standard Hierarchy","FC","Standard Funds Center","D_CEE","D_CEE","FC_CEE65","FC_CEE65"
"Standard Hierarchy","FC","Standard Funds Center","D_CEE","D_CEE","FC101043","FC101043"
"Standard Hierarchy","FC","Standard Funds Center","D_CEE","D_CEE","FC101042","FC101042"
"Standard Hierarchy","FC","Standard Funds Center","D_CEE","D_CEE","FC_CEE62","FC_CEE62"
"Standard Hierarchy","FC","Standard Funds Center","D_CEE","D_CEE","FC_CEE59","FC_CEE59"
"Standard Hierarchy","FC","Standard Funds Center","D_CEE","D_CEE","FC101041","FC101041"
"Standard Hierarchy","FC","Standard Funds Center","D_CEE","D_CEE","FC101040","FC101040"
"Standard Hierarchy","FC","Standard Funds Center","D_CEE","D_CEE","FC101039","FC101039"
"Standard Hierarchy","FC","Standard Funds Center","D_CEE","D_CEE","FC101038","FC101038"
"Standard Hierarchy","FC","Standard Funds Center","D_CEE","D_CEE","FC_CEE74","FC_CEE74"
"Standard Hierarchy","FC","Standard Funds Center","D_CEE","D_CEE","FC207740","FC207740"
"Standard Hierarchy","FC","Standard Funds Center","D_CEE","D_CEE","FC204616","FC204616"
"Standard Hierarchy","FC","Standard Funds Center","D_CEE","D_CEE","FC205567","FC205567"
"Standard Hierarchy","PMIT","PCMIT-0 Profit Center","D_MITIMCO","D_MITIMCO","P420010-001","P420010"
"Standard Hierarchy","PMIT","PCMIT-0 Profit Center","D_MITIMCO","D_MITIMCO","P420011-001","P420011"
"Standard Hierarchy","PMIT","PCMIT-0 Profit Center","D_MITIMCO","D_MITIMCO","P420015-001","P420015"
"Standard Hierarchy","PMIT","PCMIT-0 Profit Center","D_MITIMCO","D_MITIMCO","P420020-001","P420020"
"Standard Hierarchy","PMIT","PCMIT-0 Profit Center","D_MITIMCO","D_MITIMCO","P420030-001","P420030"
"Standard Hierarchy","PMIT","PCMIT-0 Profit Center","D_MITIMCO","D_MITIMCO","P420040-001","P420040"
"Standard Hierarchy","PMIT","PCMIT-0 Profit Center","D_MITIMCO","D_MITIMCO","P420500-001","P420500"
"Standard Hierarchy","PMIT","PCMIT-0 Profit Center","D_MITIMCO","D_MITIMCO","P420501-001","P420501"
"Standard Hierarchy","PMIT","PCMIT-0 Profit Center","D_MITIMCO","D_MITIMCO","P420002-001","P420002"
"Standard Hierarchy","PMIT","PCMIT-0 Profit Center","D_MITIMCO","D_MITIMCO","P420001-001","P420001"
"Standard Hierarchy","PMIT","PCMIT-0 Profit Center","D_MITIMCO","D_MITIMCO","P420000-001","P420000"
"Standard Hierarchy","BAG","NIMBUS B.A.G.","D_MITIMCO","D_MITIMCO","153","153"
"Standard Hierarchy","PMIT","PCMIT-0 Profit Center","D_MITIMCO","D_MITIMCO","P420557-001","P420557"
"Standard Hierarchy","PMIT","PCMIT-0 Profit Center","D_MITIMCO","D_MITIMCO","P420600-001","P420600"
"Standard Hierarchy","PMIT","PCMIT-0 Profit Center","D_MITIMCO","D_MITIMCO","P420610-001","P420610"
"Standard Hierarchy","PMIT","PCMIT-0 Profit Center","D_MITIMCO","D_MITIMCO","P421000-001","P421000"
"Standard Hierarchy","PMIT","PCMIT-0 Profit Center","D_MITIMCO","D_MITIMCO","P421010-001","P421010"
"Standard Hierarchy","PMIT","PCMIT-0 Profit Center","D_MITIMCO","D_MITIMCO","P421020-001","P421020"
"Standard Hierarchy","PMIT","PCMIT-0 Profit Center","D_MITIMCO","D_MITIMCO","P422800-001","P422800"
"Standard Hierarchy","PMIT","PCMIT-0 Profit Center","D_MITIMCO","D_MITIMCO","P422801-001","P422801"
"Standard Hierarchy","BAG","NIMBUS B.A.G.","D_MITIMCO","D_MITIMCO","289","289"
"Standard Hierarchy","PMIT","PCMIT-0 Profit Center","D_MITIMCO","D_MITIMCO","P422802-001","P422802"
"Standard Hierarchy","PMIT","PCMIT-0 Profit Center","D_MITIMCO","D_MITIMCO","P422803-001","P422803"
"Standard Hierarchy","PMIT","PCMIT-0 Profit Center","D_MITIMCO","D_MITIMCO","P420558-001","P420558"
"Standard Hierarchy","ORGU","Old Org. Unit","D_MITIMCO","D_MITIMCO","420000","420000"
"Standard Hierarchy","ORG2","New Org. Unit","D_MITIMCO","D_MITIMCO","O10000673","10000673"
"Standard Hierarchy","PMIT","PCMIT-0 Profit Center","D_MITIMCO","D_MITIMCO","P420556-001","P420556"
"Standard Hierarchy","PMIT","PCMIT-0 Profit Center","D_MITIMCO","D_MITIMCO","P420555-001","P420555"
"Standard Hierarchy","PMIT","PCMIT-0 Profit Center","D_MITIMCO","D_MITIMCO","P420554-001","P420554"
"Standard Hierarchy","FORG","Facilities Org.","D_MITIMCO","D_MITIMCO","177","177"
"Standard Hierarchy","PMIT","PCMIT-0 Profit Center","D_MITIMCO","D_MITIMCO","P420553-001","P420553"
"Standard Hierarchy","PMIT","PCMIT-0 Profit Center","D_MITIMCO","D_MITIMCO","P420552-001","P420552"
"Standard Hierarchy","PMIT","PCMIT-0 Profit Center","D_MITIMCO","D_MITIMCO","P420551-001","P420551"
"Standard Hierarchy","PMIT","PCMIT-0 Profit Center","D_MITIMCO","D_MITIMCO","P420550-001","P420550"
"Standard Hierarchy","PMIT","PCMIT-0 Profit Center","D_MITIMCO","D_MITIMCO","P420503-001","P420503"
"Standard Hierarchy","PMIT","PCMIT-0 Profit Center","D_MITIMCO","D_MITIMCO","P422804-001","P422804"
"Standard Hierarchy","BAG","NIMBUS B.A.G.","D_MITIMCO","D_MITIMCO","254","254"
"Standard Hierarchy","PMIT","PCMIT-0 Profit Center","D_MITIMCO","D_MITIMCO","PCMIT-016-001","PCMIT-016"
"Standard Hierarchy","PMIT","PCMIT-0 Profit Center","D_MITIMCO","D_MITIMCO","PCMIT-0160-001","PCMIT-0160"
"Standard Hierarchy","PMIT","PCMIT-0 Profit Center","D_MITIMCO","D_MITIMCO","PCMIT-0161-001","PCMIT-0161"
"Standard Hierarchy","PMIT","PCMIT-0 Profit Center","D_MITIMCO","D_MITIMCO","PCMIT-0211-001","PCMIT-0211"
"Standard Hierarchy","PMIT","PCMIT-0 Profit Center","D_MITIMCO","D_MITIMCO","PCMIT-0259-001","PCMIT-0259"
"Standard Hierarchy","PMIT","PCMIT-0 Profit Center","D_MITIMCO","D_MITIMCO","PCMIT-0260-001","PCMIT-0260"
"Standard Hierarchy","PMIT","PCMIT-0 Profit Center","D_MITIMCO","D_MITIMCO","PCMIT-0159-001","PCMIT-0159"
"Standard Hierarchy","PMIT","PCMIT-0 Profit Center","D_MITIMCO","D_MITIMCO","PCMIT-0158-001","PCMIT-0158"
"Standard Hierarchy","PMIT","PCMIT-0 Profit Center","D_MITIMCO","D_MITIMCO","PCMIT-0143-001","PCMIT-0143"
"Standard Hierarchy","PMIT","PCMIT-0 Profit Center","D_MITIMCO","D_MITIMCO","PCMIT-0142-001","PCMIT-0142"
"Standard Hierarchy","PMIT","PCMIT-0 Profit Center","D_MITIMCO","D_MITIMCO","PCMIT-0141-001","PCMIT-0141"
"Standard Hierarchy","PMIT","PCMIT-0 Profit Center","D_MITIMCO","D_MITIMCO","PCMIT-0140-001","PCMIT-0140"
"Standard Hierarchy","PMIT","PCMIT-0 Profit Center","D_MITIMCO","D_MITIMCO","P420502-001","P420502"
"Standard Hierarchy","PMIT","PCMIT-0 Profit Center","D_MITIMCO","D_MITIMCO","P382000-001","P382000"
"Standard Hierarchy","PMIT","PCMIT-0 Profit Center","D_MITIMCO","D_MITIMCO","P381000-001","P381000"
"Standard Hierarchy","PMIT","PCMIT-0 Profit Center","D_MITIMCO","D_MITIMCO","P380500-001","P380500"
"Standard Hierarchy","PMIT","PCMIT-0 Profit Center","D_MITIMCO","D_MITIMCO","P380100-001","P380100"
"Standard Hierarchy","PMIT","PCMIT-0 Profit Center","D_MITIMCO","D_MITIMCO","P380000-001","P380000"
"Standard Hierarchy","BAG","NIMBUS B.A.G.","D_MITIMCO","D_MITIMCO","255","255"
"Standard Hierarchy","FC","Standard Funds Center","D_MITIMCO","D_MITIMCO","FC_TREASURER10","FC_TREASURER10"
"Standard Hierarchy","FC","Standard Funds Center","D_MITIMCO","D_MITIMCO","FC_TREASURER09","FC_TREASURER09"
"Standard Hierarchy","FC","Standard Funds Center","D_MITIMCO","D_MITIMCO","FC_TREASURER08","FC_TREASURER08"
"Standard Hierarchy","FC","Standard Funds Center","D_MITIMCO","D_MITIMCO","FC_TREASURER07","FC_TREASURER07"
"Standard Hierarchy","FC","Standard Funds Center","D_MITIMCO","D_MITIMCO","FC_TREASURER06","FC_TREASURER06"
"Standard Hierarchy","FC","Standard Funds Center","D_MITIMCO","D_MITIMCO","FC_TREASURER05","FC_TREASURER05"
"Standard Hierarchy","FC","Standard Funds Center","D_MITIMCO","D_MITIMCO","FC_TREASURER04","FC_TREASURER04"
"Standard Hierarchy","FC","Standard Funds Center","D_MITIMCO","D_MITIMCO","FC_TREASURER03","FC_TREASURER03"
"Standard Hierarchy","FC","Standard Funds Center","D_MITIMCO","D_MITIMCO","FC_TREASURER02","FC_TREASURER02"
"Standard Hierarchy","FC","Standard Funds Center","D_MITIMCO","D_MITIMCO","FC_TREASURER01","FC_TREASURER01"
"Standard Hierarchy","FC","Standard Funds Center","D_MITIMCO","D_MITIMCO","FC_TREASURER","FC_TREASURER"
"Standard Hierarchy","FC","Standard Funds Center","D_MITIMCO","D_MITIMCO","FC101456","FC101456"
"Standard Hierarchy","FC","Standard Funds Center","D_MITIMCO","D_MITIMCO","FC101299","FC101299"
"Standard Hierarchy","FC","Standard Funds Center","D_MITIMCO","D_MITIMCO","FC101049","FC101049"
"Standard Hierarchy","FC","Standard Funds Center","D_MITIMCO","D_MITIMCO","FC_TREASURER13","FC_TREASURER13"
"Standard Hierarchy","FC","Standard Funds Center","D_MITIMCO","D_MITIMCO","FC400614","FC400614"
"Standard Hierarchy","FC","Standard Funds Center","D_MITIMCO","D_MITIMCO","FC400613","FC400613"
"Standard Hierarchy","FC","Standard Funds Center","D_MITIMCO","D_MITIMCO","FC400287","FC400287"
"Standard Hierarchy","FC","Standard Funds Center","D_MITIMCO","D_MITIMCO","FC102030","FC102030"
"Standard Hierarchy","FC","Standard Funds Center","D_MITIMCO","D_MITIMCO","FC101457","FC101457"
"Standard Hierarchy","FC","Standard Funds Center","D_MITIMCO","D_MITIMCO","FC101030","FC101030"
"Standard Hierarchy","FC","Standard Funds Center","D_MITIMCO","D_MITIMCO","FC100027","FC100027"
"Standard Hierarchy","FC","Standard Funds Center","D_MITIMCO","D_MITIMCO","FC_TREASURER14","FC_TREASURER14"
"Standard Hierarchy","FC","Standard Funds Center","D_MITIMCO","D_MITIMCO","FC_TREASURER18","FC_TREASURER18"
"Standard Hierarchy","FC","Standard Funds Center","D_MITIMCO","D_MITIMCO","FC_TREASURER17","FC_TREASURER17"
"Standard Hierarchy","FC","Standard Funds Center","D_MITIMCO","D_MITIMCO","FC_TREASURER15","FC_TREASURER15"
"Standard Hierarchy","FC","Standard Funds Center","D_MITIMCO","D_MITIMCO","FC_TREASURER16","FC_TREASURER16"
"Standard Hierarchy","FC","Standard Funds Center","D_MITIMCO","D_MITIMCO","FC400615","FC400615"
"Standard Hierarchy","FC","Standard Funds Center","D_MITIMCO","D_MITIMCO","FC400616","FC400616"
"Standard Hierarchy","FC","Standard Funds Center","D_MITIMCO","D_MITIMCO","FC400617","FC400617"
"Standard Hierarchy","FC","Standard Funds Center","D_MITIMCO","D_MITIMCO","FC400618","FC400618"
"Standard Hierarchy","FC","Standard Funds Center","D_MITIMCO","D_MITIMCO","FC400619","FC400619"
"Standard Hierarchy","FC","Standard Funds Center","D_MITIMCO","D_MITIMCO","FC400620","FC400620"
"Standard Hierarchy","FC","Standard Funds Center","D_MITIMCO","D_MITIMCO","FC400621","FC400621"
"Standard Hierarchy","FC","Standard Funds Center","D_MITIMCO","D_MITIMCO","FC400622","FC400622"
"Standard Hierarchy","FC","Standard Funds Center","D_MITIMCO","D_MITIMCO","FC400623","FC400623"
"Standard Hierarchy","FC","Standard Funds Center","D_MITIMCO","D_MITIMCO","FC400640","FC400640"
"Standard Hierarchy","FC","Standard Funds Center","D_MITIMCO","D_MITIMCO","FC400020","FC400020"
"Standard Hierarchy","FC","Standard Funds Center","D_MITIMCO","D_MITIMCO","FC_TREASURER11","FC_TREASURER11"
"Standard Hierarchy","FC","Standard Funds Center","D_MITIMCO","D_MITIMCO","FC_TREASURER12","FC_TREASURER12"
"Standard Hierarchy","FC","Standard Funds Center","D_MITIMCO","D_MITIMCO","FC400647","FC400647"
"Standard Hierarchy","FC","Standard Funds Center","D_MITIMCO","D_MITIMCO","FC400646","FC400646"
"Standard Hierarchy","ORGU","Old Org. Unit","D_PROPERTY","D_PROPERTY","406800","406800"
"Standard Hierarchy","ORG2","New Org. Unit","D_PROPERTY","D_PROPERTY","O10000651","10000651"
"Standard Hierarchy","FORG","Facilities Org.","D_PROPERTY","D_PROPERTY","228","228"
"Standard Hierarchy","PMIT","PCMIT-0 Profit Center","D_PROPERTY","D_PROPERTY","P406800-001","P406800"
"Standard Hierarchy","FC","Standard Funds Center","D_PROPERTY","D_PROPERTY","FC100218","FC100218"
"Standard Hierarchy","FC","Standard Funds Center","D_PROPERTY","D_PROPERTY","FC101114","FC101114"
"Standard Hierarchy","FC","Standard Funds Center","D_PROPERTY","D_PROPERTY","FC102107","FC102107"
"Standard Hierarchy","FC","Standard Funds Center","D_PROPERTY","D_PROPERTY","FC400112","FC400112"
"Standard Hierarchy","FC","Standard Funds Center","D_PROPERTY","D_PROPERTY","FC_PROPERTY","FC_PROPERTY"
"Standard Hierarchy","PMIT","PCMIT-0 Profit Center","D_PROCURE","D_PROCURE","P407030-001","P407030"
"Standard Hierarchy","PMIT","PCMIT-0 Profit Center","D_PROCURE","D_PROCURE","P426000-001","P426000"
"Standard Hierarchy","FC","Standard Funds Center","D_PROCURE","D_PROCURE","FC100198","FC100198"
"Standard Hierarchy","ORGU","Old Org. Unit","D_PROCURE","D_PROCURE","407030","407030"
"Standard Hierarchy","FORG","Facilities Org.","D_PROCURE","D_PROCURE","227","227"
"Standard Hierarchy","ORG2","New Org. Unit","D_PROCURE","D_PROCURE","O10003487","10003487"
"Standard Hierarchy","FC","Standard Funds Center","D_PROCURE","D_PROCURE","FC101151","FC101151"
"Standard Hierarchy","FC","Standard Funds Center","D_PROCURE","D_PROCURE","FC_PROCURE","FC_PROCURE"
"Standard Hierarchy","FC","Standard Funds Center","D_PROCURE","D_PROCURE","FC400150","FC400150"
"Standard Hierarchy","FC","Standard Funds Center","D_PROCURE","D_PROCURE","FC102150","FC102150"
"Standard Hierarchy","PMIT","PCMIT-0 Profit Center","D_GRAY","D_GRAY","PCMIT-0157-001","PCMIT-0157"
"Standard Hierarchy","PMIT","PCMIT-0 Profit Center","D_GRAY","D_GRAY","P497400-001","P497400"
"Standard Hierarchy","FC","Standard Funds Center","D_GRAY","D_GRAY","FC_GRAY","FC_GRAY"
"Standard Hierarchy","FC","Standard Funds Center","D_GRAY","D_GRAY","FC400419","FC400419"
"Standard Hierarchy","FORG","Facilities Org.","D_GRAY","D_GRAY","226","226"
"Standard Hierarchy","FC","Standard Funds Center","D_GRAY","D_GRAY","FC101227","FC101227"
"Standard Hierarchy","FC","Standard Funds Center","D_GRAY","D_GRAY","FC100197","FC100197"
"Standard Hierarchy","BAG","NIMBUS B.A.G.","D_GRAY","D_GRAY","088","088"
"Standard Hierarchy","ORGU","Old Org. Unit","D_GRAY","D_GRAY","497400","497400"
"Standard Hierarchy","ORG2","New Org. Unit","D_GRAY","D_GRAY","O10000803","10000803"
"Standard Hierarchy","FC","Standard Funds Center","D_OSP","D_OSP","FC_OSP","FC_OSP"
"Standard Hierarchy","FC","Standard Funds Center","D_OSP","D_OSP","FC_OSP01","FC_OSP01"
"Standard Hierarchy","FC","Standard Funds Center","D_OSP","D_OSP","FC_OSP02","FC_OSP02"
"Standard Hierarchy","FC","Standard Funds Center","D_OSP","D_OSP","FC_OSP03","FC_OSP03"
"Standard Hierarchy","FC","Standard Funds Center","D_OSP","D_OSP","FC_OSP04","FC_OSP04"
"Standard Hierarchy","PMIT","PCMIT-0 Profit Center","D_OBFP","D_OBFP","P427031-001","P427031"
"Standard Hierarchy","PMIT","PCMIT-0 Profit Center","D_OBFP","D_OBFP","P427025-001","P427025"
"Standard Hierarchy","PMIT","PCMIT-0 Profit Center","D_OBFP","D_OBFP","P427020-001","P427020"
"Standard Hierarchy","PMIT","PCMIT-0 Profit Center","D_OBFP","D_OBFP","P427050-001","P427050"
"Standard Hierarchy","PMIT","PCMIT-0 Profit Center","D_OBFP","D_OBFP","P427015-001","P427015"
"Standard Hierarchy","PMIT","PCMIT-0 Profit Center","D_OBFP","D_OBFP","P427065-001","P427065"
"Standard Hierarchy","ORG2","New Org. Unit","D_OBFP","D_OBFP","O10000705","10000705"
"Standard Hierarchy","PMIT","PCMIT-0 Profit Center","D_OBFP","D_OBFP","P427030-001","P427030"
"Standard Hierarchy","PMIT","PCMIT-0 Profit Center","D_OBFP","D_OBFP","P427060-001","P427060"
"Standard Hierarchy","PMIT","PCMIT-0 Profit Center","D_OBFP","D_OBFP","P427010-001","P427010"
"Standard Hierarchy","ORGU","Old Org. Unit","D_OBFP","D_OBFP","427000","427000"
"Standard Hierarchy","BAG","NIMBUS B.A.G.","D_OBFP","D_OBFP","110","110"
"Standard Hierarchy","PMIT","PCMIT-0 Profit Center","D_OBFP","D_OBFP","P427045-001","P427045"
"Standard Hierarchy","PMIT","PCMIT-0 Profit Center","D_OBFP","D_OBFP","P427040-001","P427040"
"Standard Hierarchy","PMIT","PCMIT-0 Profit Center","D_OBFP","D_OBFP","P427032-001","P427032"
"Standard Hierarchy","PMIT","PCMIT-0 Profit Center","D_OBFP","D_OBFP","P427081-001","P427081"
"Standard Hierarchy","PMIT","PCMIT-0 Profit Center","D_OBFP","D_OBFP","P427070-001","P427070"
"Standard Hierarchy","PMIT","PCMIT-0 Profit Center","D_OBFP","D_OBFP","P427080-001","P427080"
"Standard Hierarchy","FC","Standard Funds Center","D_OBFP","D_OBFP","FC401992","FC401992"
"Standard Hierarchy","FC","Standard Funds Center","D_OBFP","D_OBFP","FC400526","FC400526"
"Standard Hierarchy","FC","Standard Funds Center","D_OBFP","D_OBFP","FC101116","FC101116"
"Standard Hierarchy","FC","Standard Funds Center","D_OBFP","D_OBFP","FC400280","FC400280"
"Standard Hierarchy","FC","Standard Funds Center","D_OBFP","D_OBFP","FC400279","FC400279"
"Standard Hierarchy","FC","Standard Funds Center","D_OBFP","D_OBFP","FC101115","FC101115"
"Standard Hierarchy","FC","Standard Funds Center","D_OBFP","D_OBFP","FC100219","FC100219"
"Standard Hierarchy","FORG","Facilities Org.","D_OBFP","D_OBFP","166","166"
"Standard Hierarchy","FC","Standard Funds Center","D_OBFP","D_OBFP","FC400113","FC400113"
"Standard Hierarchy","FC","Standard Funds Center","D_OBFP","D_OBFP","FC100195","FC100195"
"Standard Hierarchy","PMIT","PCMIT-0 Profit Center","D_OBFP","D_OBFP","P427000-001","P427000"
"Standard Hierarchy","FC","Standard Funds Center","D_OBFP","D_OBFP","FC402167","FC402167"
"Standard Hierarchy","FC","Standard Funds Center","D_OBFP","D_OBFP","FC_OBFP02","FC_OBFP02"
"Standard Hierarchy","FC","Standard Funds Center","D_OBFP","D_OBFP","FC_OBFP01","FC_OBFP01"
"Standard Hierarchy","FC","Standard Funds Center","D_OBFP","D_OBFP","FC_OBFP","FC_OBFP"
"Standard Hierarchy","ORG2","New Org. Unit","D_LFO","D_LFO","O10003533","10003533"
"Standard Hierarchy","BAG","NIMBUS B.A.G.","D_LFO","D_LFO","114","114"
"Standard Hierarchy","BAG","NIMBUS B.A.G.","D_LFO","D_LFO","389","389"
"Standard Hierarchy","FC","Standard Funds Center","D_LFO","D_LFO","FC100217","FC100217"
"Standard Hierarchy","FC","Standard Funds Center","D_LFO","D_LFO","FC_LFO","FC_LFO"
"Standard Hierarchy","FC","Standard Funds Center","D_IS&T","D_IS&T","FC101741","FC101741"
"Standard Hierarchy","FC","Standard Funds Center","D_IS&T","D_IS&T","FC101742","FC101742"
"Standard Hierarchy","FC","Standard Funds Center","D_IS&T","D_IS&T","FC101738","FC101738"
"Standard Hierarchy","FC","Standard Funds Center","D_IS&T","D_IS&T","FC101739","FC101739"
"Standard Hierarchy","FC","Standard Funds Center","D_IS&T","D_IS&T","FC101740","FC101740"
"Standard Hierarchy","FC","Standard Funds Center","D_IS&T","D_IS&T","FC101729","FC101729"
"Standard Hierarchy","FC","Standard Funds Center","D_IS&T","D_IS&T","FC101728","FC101728"
"Standard Hierarchy","FC","Standard Funds Center","D_IS&T","D_IS&T","FC101727","FC101727"
"Standard Hierarchy","PMIT","PCMIT-0 Profit Center","D_IS&T","D_IS&T","P242411-001","P242411"
"Standard Hierarchy","PMIT","PCMIT-0 Profit Center","D_IS&T","D_IS&T","PCMIT-0334-001","PCMIT-0334"
"Standard Hierarchy","PMIT","PCMIT-0 Profit Center","D_IS&T","D_IS&T","P242050-001","P242050"
"Standard Hierarchy","PMIT","PCMIT-0 Profit Center","D_IS&T","D_IS&T","P242048-001","P242048"
"Standard Hierarchy","FC","Standard Funds Center","D_IS&T","D_IS&T","FC101726","FC101726"
"Standard Hierarchy","FC","Standard Funds Center","D_IS&T","D_IS&T","FC101737","FC101737"
"Standard Hierarchy","FC","Standard Funds Center","D_IS&T","D_IS&T","FC101736","FC101736"
"Standard Hierarchy","FC","Standard Funds Center","D_IS&T","D_IS&T","FC101735","FC101735"
"Standard Hierarchy","FC","Standard Funds Center","D_IS&T","D_IS&T","FC101734","FC101734"
"Standard Hierarchy","FC","Standard Funds Center","D_IS&T","D_IS&T","FC101733","FC101733"
"Standard Hierarchy","PMIT","PCMIT-0 Profit Center","D_IS&T","D_IS&T","P421457-001","P421457"
"Standard Hierarchy","PMIT","PCMIT-0 Profit Center","D_IS&T","D_IS&T","P421458-001","P421458"
"Standard Hierarchy","PMIT","PCMIT-0 Profit Center","D_IS&T","D_IS&T","P242034-001","P242034"
"Standard Hierarchy","PMIT","PCMIT-0 Profit Center","D_IS&T","D_IS&T","P242410-001","P242410"
"Standard Hierarchy","FC","Standard Funds Center","D_IS&T","D_IS&T","FC101732","FC101732"
"Standard Hierarchy","FC","Standard Funds Center","D_IS&T","D_IS&T","FC101731","FC101731"
"Standard Hierarchy","PMIT","PCMIT-0 Profit Center","D_IS&T","D_IS&T","PCMIT-0328-001","PCMIT-0328"
"Standard Hierarchy","FC","Standard Funds Center","D_IS&T","D_IS&T","FC101730","FC101730"
"Standard Hierarchy","FC","Standard Funds Center","D_IS&T","D_IS&T","FC101757","FC101757"
"Standard Hierarchy","FC","Standard Funds Center","D_IS&T","D_IS&T","FC100712","FC100712"
"Standard Hierarchy","FC","Standard Funds Center","D_IS&T","D_IS&T","FC_IS&T14","FC_IS&T14"
"Standard Hierarchy","FC","Standard Funds Center","D_IS&T","D_IS&T","FC401202","FC401202"
"Standard Hierarchy","PMIT","PCMIT-0 Profit Center","D_IS&T","D_IS&T","P242813-001","P242813"
"Standard Hierarchy","PMIT","PCMIT-0 Profit Center","D_IS&T","D_IS&T","P242044-001","P242044"
"Standard Hierarchy","PMIT","PCMIT-0 Profit Center","D_IS&T","D_IS&T","P242039-001","P242039"
"Standard Hierarchy","PMIT","PCMIT-0 Profit Center","D_IS&T","D_IS&T","P242038-001","P242038"
"Standard Hierarchy","PMIT","PCMIT-0 Profit Center","D_IS&T","D_IS&T","P242043-001","P242043"
"Standard Hierarchy","PMIT","PCMIT-0 Profit Center","D_IS&T","D_IS&T","P242814-001","P242814"
"Standard Hierarchy","PMIT","PCMIT-0 Profit Center","D_IS&T","D_IS&T","P421410-001","P421410"
"Standard Hierarchy","PMIT","PCMIT-0 Profit Center","D_IS&T","D_IS&T","P421420-001","P421420"
"Standard Hierarchy","PMIT","PCMIT-0 Profit Center","D_IS&T","D_IS&T","P421430-001","P421430"
"Standard Hierarchy","FC","Standard Funds Center","D_IS&T","D_IS&T","FC101773","FC101773"
"Standard Hierarchy","FC","Standard Funds Center","D_IS&T","D_IS&T","FC101776","FC101776"
"Standard Hierarchy","PMIT","PCMIT-0 Profit Center","D_IS&T","D_IS&T","P242042-001","P242042"
"Standard Hierarchy","PMIT","PCMIT-0 Profit Center","D_IS&T","D_IS&T","P404407-001","P404407"
"Standard Hierarchy","PMIT","PCMIT-0 Profit Center","D_IS&T","D_IS&T","PCMIT-0333-001","PCMIT-0333"
"Standard Hierarchy","BAG","NIMBUS B.A.G.","D_IS&T","D_IS&T","337","337"
"Standard Hierarchy","FC","Standard Funds Center","D_IS&T","D_IS&T","FC101749","FC101749"
"Standard Hierarchy","FC","Standard Funds Center","D_IS&T","D_IS&T","FC101748","FC101748"
"Standard Hierarchy","FC","Standard Funds Center","D_IS&T","D_IS&T","FC101747","FC101747"
"Standard Hierarchy","FC","Standard Funds Center","D_IS&T","D_IS&T","FC101746","FC101746"
"Standard Hierarchy","FC","Standard Funds Center","D_IS&T","D_IS&T","FC101745","FC101745"
"Standard Hierarchy","FC","Standard Funds Center","D_IS&T","D_IS&T","FC101744","FC101744"
"Standard Hierarchy","FC","Standard Funds Center","D_IS&T","D_IS&T","FC101743","FC101743"
"Standard Hierarchy","PMIT","PCMIT-0 Profit Center","D_IS&T","D_IS&T","P242030-001","P242030"
"Standard Hierarchy","PMIT","PCMIT-0 Profit Center","D_IS&T","D_IS&T","P242031-001","P242031"
"Standard Hierarchy","PMIT","PCMIT-0 Profit Center","D_IS&T","D_IS&T","P242032-001","P242032"
"Standard Hierarchy","PMIT","PCMIT-0 Profit Center","D_IS&T","D_IS&T","P242815-001","P242815"
"Standard Hierarchy","PMIT","PCMIT-0 Profit Center","D_IS&T","D_IS&T","P242033-001","P242033"
"Standard Hierarchy","FC","Standard Funds Center","D_IS&T","D_IS&T","FC400657","FC400657"
"Standard Hierarchy","FC","Standard Funds Center","D_IS&T","D_IS&T","FC400289","FC400289"
"Standard Hierarchy","FC","Standard Funds Center","D_IS&T","D_IS&T","FC400284","FC400284"
"Standard Hierarchy","FC","Standard Funds Center","D_IS&T","D_IS&T","FC400283","FC400283"
"Standard Hierarchy","PMIT","PCMIT-0 Profit Center","D_IS&T","D_IS&T","P242037-001","P242037"
"Standard Hierarchy","FC","Standard Funds Center","D_IS&T","D_IS&T","FC101755","FC101755"
"Standard Hierarchy","BAG","NIMBUS B.A.G.","D_IS&T","D_IS&T","458","458"
"Standard Hierarchy","PMIT","PCMIT-0 Profit Center","D_IS&T","D_IS&T","P242040-001","P242040"
"Standard Hierarchy","FC","Standard Funds Center","D_IS&T","D_IS&T","FC101751","FC101751"
"Standard Hierarchy","PMIT","PCMIT-0 Profit Center","D_IS&T","D_IS&T","P242041-001","P242041"
"Standard Hierarchy","PMIT","PCMIT-0 Profit Center","D_IS&T","D_IS&T","P242954-001","P242954"
"Standard Hierarchy","PMIT","PCMIT-0 Profit Center","D_IS&T","D_IS&T","P242953-001","P242953"
"Standard Hierarchy","FC","Standard Funds Center","D_IS&T","D_IS&T","FC101710","FC101710"
"Standard Hierarchy","PMIT","PCMIT-0 Profit Center","D_IS&T","D_IS&T","P242951-001","P242951"
"Standard Hierarchy","FC","Standard Funds Center","D_IS&T","D_IS&T","FC101709","FC101709"
"Standard Hierarchy","PMIT","PCMIT-0 Profit Center","D_IS&T","D_IS&T","P242950-001","P242950"
"Standard Hierarchy","BAG","NIMBUS B.A.G.","D_IS&T","D_IS&T","425","425"
"Standard Hierarchy","FC","Standard Funds Center","D_IS&T","D_IS&T","FC101708","FC101708"
"Standard Hierarchy","BAG","NIMBUS B.A.G.","D_IS&T","D_IS&T","054","054"
"Standard Hierarchy","FC","Standard Funds Center","D_IS&T","D_IS&T","FC101707","FC101707"
"Standard Hierarchy","FC","Standard Funds Center","D_IS&T","D_IS&T","FC101706","FC101706"
"Standard Hierarchy","FC","Standard Funds Center","D_IS&T","D_IS&T","FC101705","FC101705"
"Standard Hierarchy","PMIT","PCMIT-0 Profit Center","D_IS&T","D_IS&T","P242006-001","P242006"
"Standard Hierarchy","PMIT","PCMIT-0 Profit Center","D_IS&T","D_IS&T","P421230-001","P421230"
"Standard Hierarchy","PMIT","PCMIT-0 Profit Center","D_IS&T","D_IS&T","P421221-001","P421221"
"Standard Hierarchy","PMIT","PCMIT-0 Profit Center","D_IS&T","D_IS&T","P421220-001","P421220"
"Standard Hierarchy","PMIT","PCMIT-0 Profit Center","D_IS&T","D_IS&T","P421219-001","P421219"
"Standard Hierarchy","PMIT","PCMIT-0 Profit Center","D_IS&T","D_IS&T","P421218-001","P421218"
"Standard Hierarchy","FC","Standard Funds Center","D_IS&T","D_IS&T","FC101716","FC101716"
"Standard Hierarchy","FC","Standard Funds Center","D_IS&T","D_IS&T","FC101715","FC101715"
"Standard Hierarchy","FC","Standard Funds Center","D_IS&T","D_IS&T","FC101714","FC101714"
"Standard Hierarchy","PMIT","PCMIT-0 Profit Center","D_IS&T","D_IS&T","P421217-001","P421217"
"Standard Hierarchy","FC","Standard Funds Center","D_IS&T","D_IS&T","FC101713","FC101713"
"Standard Hierarchy","FC","Standard Funds Center","D_IS&T","D_IS&T","FC101712","FC101712"
"Standard Hierarchy","FC","Standard Funds Center","D_IS&T","D_IS&T","FC101711","FC101711"
"Standard Hierarchy","PMIT","PCMIT-0 Profit Center","D_IS&T","D_IS&T","P421216-001","P421216"
"Standard Hierarchy","PMIT","PCMIT-0 Profit Center","D_IS&T","D_IS&T","P404405-001","P404405"
"Standard Hierarchy","ORGU","Old Org. Unit","D_IS&T","D_IS&T","421200","421200"
"Standard Hierarchy","ORGU","Old Org. Unit","D_IS&T","D_IS&T","404400","404400"
"Standard Hierarchy","ORGU","Old Org. Unit","D_IS&T","D_IS&T","242800","242800"
"Standard Hierarchy","ORGU","Old Org. Unit","D_IS&T","D_IS&T","000194","000194"
"Standard Hierarchy","ORG2","New Org. Unit","D_IS&T","D_IS&T","O10000682","10000682"
"Standard Hierarchy","ORG2","New Org. Unit","D_IS&T","D_IS&T","O10000621","10000621"
"Standard Hierarchy","ORG2","New Org. Unit","D_IS&T","D_IS&T","O10000565","10000565"
"Standard Hierarchy","ORG2","New Org. Unit","D_IS&T","D_IS&T","O10000194","10000194"
"Standard Hierarchy","FC","Standard Funds Center","D_IS&T","D_IS&T","FC101704","FC101704"
"Standard Hierarchy","PMIT","PCMIT-0 Profit Center","D_IS&T","D_IS&T","P242005-001","P242005"
"Standard Hierarchy","PMIT","PCMIT-0 Profit Center","D_IS&T","D_IS&T","P421215-001","P421215"
"Standard Hierarchy","PMIT","PCMIT-0 Profit Center","D_IS&T","D_IS&T","PCMIT-0155-001","PCMIT-0155"
"Standard Hierarchy","PMIT","PCMIT-0 Profit Center","D_IS&T","D_IS&T","PCMIT-017-001","PCMIT-017"
"Standard Hierarchy","PMIT","PCMIT-0 Profit Center","D_IS&T","D_IS&T","PCMIT-0171-001","PCMIT-0171"
"Standard Hierarchy","PMIT","PCMIT-0 Profit Center","D_IS&T","D_IS&T","PCMIT-0173-001","PCMIT-0173"
"Standard Hierarchy","PMIT","PCMIT-0 Profit Center","D_IS&T","D_IS&T","PCMIT-0175-001","PCMIT-0175"
"Standard Hierarchy","PMIT","PCMIT-0 Profit Center","D_IS&T","D_IS&T","PCMIT-0177-001","PCMIT-0177"
"Standard Hierarchy","PMIT","PCMIT-0 Profit Center","D_IS&T","D_IS&T","PCMIT-0178-001","PCMIT-0178"
"Standard Hierarchy","PMIT","PCMIT-0 Profit Center","D_IS&T","D_IS&T","P242001-001","P242001"
"Standard Hierarchy","PMIT","PCMIT-0 Profit Center","D_IS&T","D_IS&T","P242000-001","P242000"
"Standard Hierarchy","FC","Standard Funds Center","D_IS&T","D_IS&T","FC101725","FC101725"
"Standard Hierarchy","FC","Standard Funds Center","D_IS&T","D_IS&T","FC101724","FC101724"
"Standard Hierarchy","PMIT","PCMIT-0 Profit Center","D_IS&T","D_IS&T","P242972-001","P242972"
"Standard Hierarchy","PMIT","PCMIT-0 Profit Center","D_IS&T","D_IS&T","P242973-001","P242973"
"Standard Hierarchy","PMIT","PCMIT-0 Profit Center","D_IS&T","D_IS&T","P242007-001","P242007"
"Standard Hierarchy","PMIT","PCMIT-0 Profit Center","D_IS&T","D_IS&T","P242008-001","P242008"
"Standard Hierarchy","PMIT","PCMIT-0 Profit Center","D_IS&T","D_IS&T","P242009-001","P242009"
"Standard Hierarchy","PMIT","PCMIT-0 Profit Center","D_IS&T","D_IS&T","P242011-001","P242011"
"Standard Hierarchy","PMIT","PCMIT-0 Profit Center","D_IS&T","D_IS&T","P242013-001","P242013"
"Standard Hierarchy","PMIT","PCMIT-0 Profit Center","D_IS&T","D_IS&T","P242400-001","P242400"
"Standard Hierarchy","PMIT","PCMIT-0 Profit Center","D_IS&T","D_IS&T","P242401-001","P242401"
"Standard Hierarchy","PMIT","PCMIT-0 Profit Center","D_IS&T","D_IS&T","P242402-001","P242402"
"Standard Hierarchy","PMIT","PCMIT-0 Profit Center","D_IS&T","D_IS&T","P242403-001","P242403"
"Standard Hierarchy","PMIT","PCMIT-0 Profit Center","D_IS&T","D_IS&T","P242404-001","P242404"
"Standard Hierarchy","PMIT","PCMIT-0 Profit Center","D_IS&T","D_IS&T","P242405-001","P242405"
"Standard Hierarchy","PMIT","PCMIT-0 Profit Center","D_IS&T","D_IS&T","PCMIT-0309-001","PCMIT-0309"
"Standard Hierarchy","PMIT","PCMIT-0 Profit Center","D_IS&T","D_IS&T","P421505-001","P421505"
"Standard Hierarchy","FORG","Facilities Org.","D_IS&T","D_IS&T","112","112"
"Standard Hierarchy","PMIT","PCMIT-0 Profit Center","D_IS&T","D_IS&T","P421435-001","P421435"
"Standard Hierarchy","PMIT","PCMIT-0 Profit Center","D_IS&T","D_IS&T","P421425-001","P421425"
"Standard Hierarchy","PMIT","PCMIT-0 Profit Center","D_IS&T","D_IS&T","P421415-001","P421415"
"Standard Hierarchy","FC","Standard Funds Center","D_IS&T","D_IS&T","FC101721","FC101721"
"Standard Hierarchy","PMIT","PCMIT-0 Profit Center","D_IS&T","D_IS&T","P242021-001","P242021"
"Standard Hierarchy","FC","Standard Funds Center","D_IS&T","D_IS&T","FC101720","FC101720"
"Standard Hierarchy","FC","Standard Funds Center","D_IS&T","D_IS&T","FC101719","FC101719"
"Standard Hierarchy","PMIT","PCMIT-0 Profit Center","D_IS&T","D_IS&T","P421405-001","P421405"
"Standard Hierarchy","PMIT","PCMIT-0 Profit Center","D_IS&T","D_IS&T","P242020-001","P242020"
"Standard Hierarchy","FC","Standard Funds Center","D_IS&T","D_IS&T","FC101718","FC101718"
"Standard Hierarchy","PMIT","PCMIT-0 Profit Center","D_IS&T","D_IS&T","P421233-001","P421233"
"Standard Hierarchy","PMIT","PCMIT-0 Profit Center","D_IS&T","D_IS&T","P421232-001","P421232"
"Standard Hierarchy","FC","Standard Funds Center","D_IS&T","D_IS&T","FC101717","FC101717"
"Standard Hierarchy","PMIT","PCMIT-0 Profit Center","D_IS&T","D_IS&T","P421231-001","P421231"
