"HIERARCHY_TYPE","DLC_KEY","DLC_CODE","DLC_NAME","MASTER_DEPT_HIER_LEVEL_1_CODE","MASTER_DEPT_HIER_LEVEL_1_NAME","MASTER_DEPT_HIER_LEVEL_2_CODE","MASTER_DEPT_HIER_LEVEL_2_NAME","MASTER_DEPT_HIER_LEVEL_3_CODE","MASTER_DEPT_HIER_LEVEL_3_NAME","MASTER_DEPT_HIER_LEVEL_4_CODE","MASTER_DEPT_HIER_LEVEL_4_NAME","MASTER_DEPT_HIER_LEVEL_5_CODE","MASTER_DEPT_HIER_LEVEL_5_NAME"
"Standard Hierarchy","D_DOF_CORE","D_DOF_CORE","Facilities Building Core (hallways, stairs, etc.)","D_ALL","All Departments","D_EXECVP_AREA","Executive Vice President's Area","","","","","",""
"Standard Hierarchy","D_DOF_RESERVE","D_DOF_RESERVE","Facilities Provost Reserved","D_ALL","All Departments","D_EXECVP_AREA","Executive Vice President's Area","","","","","",""
"Standard Hierarchy","D_DOF_RESIDENCE","D_DOF_RESIDENCE","Facilities Residences","D_ALL","All Departments","D_EXECVP_AREA","Executive Vice President's Area","","","","","",""
"Standard Hierarchy","D_CAMPLAN","D_CAMPLAN","Campus Planning","D_ALL","All Departments","D_EXECVP_AREA","Executive Vice President's Area","","","","","",""
"Standard Hierarchy","D_PROPERTY","D_PROPERTY","Property Office","D_ALL","All Departments","D_EXECVP_AREA","Executive Vice President's Area","D_FINANCE_AREA","VP Finance Area","","","",""
"Standard Hierarchy","D_SSC","D_SSC","Strategic Sourcing & Contracts","D_ALL","All Departments","D_EXECVP_AREA","Executive Vice President's Area","D_FINANCE_AREA","VP Finance Area","","","",""
"Standard Hierarchy","D_BF&T","D_BF&T","Budget, Finance & Treasury","D_ALL","All Departments","D_EXECVP_AREA","Executive Vice President's Area","D_FINANCE_AREA","VP Finance Area","","","",""
"Standard Hierarchy","D_BFA","D_BFA","Budget & Financial Analysis","D_ALL","All Departments","D_EXECVP_AREA","Executive Vice President's Area","D_FINANCE_AREA","VP Finance Area","","","",""
"Standard Hierarchy","D_VPFHQ","D_VPFHQ","VPF Headquarters","D_ALL","All Departments","D_EXECVP_AREA","Executive Vice President's Area","D_FINANCE_AREA","VP Finance Area","","","",""
"Standard Hierarchy","D_CAS","D_CAS","Controller & Accounting Services","D_ALL","All Departments","D_EXECVP_AREA","Executive Vice President's Area","D_FINANCE_AREA","VP Finance Area","","","",""
"Standard Hierarchy","D_PROCURE","D_PROCURE","Procurement Office","D_ALL","All Departments","D_EXECVP_AREA","Executive Vice President's Area","D_FINANCE_AREA","VP Finance Area","D_SOURCING_AREA","Sourcing Area","",""
"Standard Hierarchy","D_SOURCING","D_SOURCING","Sourcing","D_ALL","All Departments","D_EXECVP_AREA","Executive Vice President's Area","D_FINANCE_AREA","VP Finance Area","D_SOURCING_AREA","Sourcing Area","",""
"Standard Hierarchy","D_TRAVEL","D_TRAVEL","Travel office","D_ALL","All Departments","D_EXECVP_AREA","Executive Vice President's Area","D_FINANCE_AREA","VP Finance Area","D_SOURCING_AREA","Sourcing Area","",""
"Standard Hierarchy","D_CONTROLLER","D_CONTROLLER","Controller","D_ALL","All Departments","D_EXECVP_AREA","Executive Vice President's Area","D_FINANCE_AREA","VP Finance Area","","","",""
"Standard Hierarchy","D_ASOPS","D_ASOPS","Administrative Services & Operations","D_ALL","All Departments","D_EXECVP_AREA","Executive Vice President's Area","D_FINANCE_AREA","VP Finance Area","","","",""
"Standard Hierarchy","D_LFO","D_LFO","Lincoln Fiscal Office","D_ALL","All Departments","D_EXECVP_AREA","Executive Vice President's Area","D_FINANCE_AREA","VP Finance Area","","","",""
"Standard Hierarchy","D_VPFINHR","D_VPFINHR","VP Finance HR","D_ALL","All Departments","D_EXECVP_AREA","Executive Vice President's Area","D_FINANCE_AREA","VP Finance Area","","","",""
"Standard Hierarchy","D_VPFINANCE","D_VPFINANCE","Vice President for Finance","D_ALL","All Departments","D_EXECVP_AREA","Executive Vice President's Area","D_FINANCE_AREA","VP Finance Area","","","",""
"Standard Hierarchy","D_FINOPS","D_FINOPS","Financial Operations","D_ALL","All Departments","D_EXECVP_AREA","Executive Vice President's Area","D_FINANCE_AREA","VP Finance Area","","","",""
"Standard Hierarchy","D_RSO","D_RSO","Office of Recoring Secretary","D_ALL","All Departments","D_EXECVP_AREA","Executive Vice President's Area","D_FINANCE_AREA","VP Finance Area","","","",""
"Standard Hierarchy","D_VPFINIR","D_VPFINIR","VP Finance Institute Related","D_ALL","All Departments","D_EXECVP_AREA","Executive Vice President's Area","D_FINANCE_AREA","VP Finance Area","","","",""
"Standard Hierarchy","D_VPFINSD","D_VPFINSD","VP Finance Senior Director","D_ALL","All Departments","D_EXECVP_AREA","Executive Vice President's Area","D_FINANCE_AREA","VP Finance Area","","","",""
"Standard Hierarchy","D_PARKING","D_PARKING","Parking and Transportation","D_ALL","All Departments","D_EXECVP_AREA","Executive Vice President's Area","","","","","",""
"Standard Hierarchy","D_OTP","D_OTP","Office of Treasury and Planning","D_ALL","All Departments","D_EXECVP_AREA","Executive Vice President's Area","D_TREAS_AREA","Treasurer's Area","","","",""
"Standard Hierarchy","D_OGC","D_OGC","General Counsel and Risk Management","D_ALL","All Departments","D_EXECVP_AREA","Executive Vice President's Area","D_SC_ENVP","Senior Council and Environmental Programs","","","",""
"Standard Hierarchy","D_EHSO","D_EHSO","Environment, Health and Safety Office","D_ALL","All Departments","D_EXECVP_AREA","Executive Vice President's Area","D_SC_ENVP","Senior Council and Environmental Programs","","","",""
"Standard Hierarchy","D_FAMILY_RESCTR","D_FAMILY_RESCTR","Family Resource Center","D_ALL","All Departments","D_EXECVP_AREA","Executive Vice President's Area","D_HR_AREA","HR Area","","","",""
"Standard Hierarchy","D_HR","D_HR","Human Resources Department","D_ALL","All Departments","D_EXECVP_AREA","Executive Vice President's Area","D_HR_AREA","HR Area","","","",""
"Standard Hierarchy","D_BA","D_BA","Benefits Administration","D_ALL","All Departments","D_EXECVP_AREA","Executive Vice President's Area","D_HR_AREA","HR Area","","","",""
"Standard Hierarchy","D_SUST","D_SUST","OFFICE OF SUSTAINABILITY","D_ALL","All Departments","D_EXECVP_AREA","Executive Vice President's Area","","","","","",""
"Standard Hierarchy","D_OMA","D_OMA","Office of Major Agreements","D_ALL","All Departments","D_EXECVP_AREA","Executive Vice President's Area","","","","","",""
"Standard Hierarchy","D_FACILITIES","D_FACILITIES","Department of Facilities","D_ALL","All Departments","D_EXECVP_AREA","Executive Vice President's Area","D_FACILITIES_AR","Facilities Area","","","",""
"Standard Hierarchy","D_MITCARD","D_MITCARD","MIT Card Office","D_ALL","All Departments","D_EXECVP_AREA","Executive Vice President's Area","D_FACILITIES_AR","Facilities Area","","","",""
"Standard Hierarchy","D_ATLAS","D_ATLAS","ATLAS SERVICE CENTER","D_ALL","All Departments","D_EXECVP_AREA","Executive Vice President's Area","","","","","",""
"Standard Hierarchy","D_INSURANCE","D_INSURANCE","Office of Insurance","D_ALL","All Departments","D_EXECVP_AREA","Executive Vice President's Area","","","","","",""
"Standard Hierarchy","D_OPENSPACE","D_OPENSPACE","Open Space Programming","D_ALL","All Departments","D_EXECVP_AREA","Executive Vice President's Area","","","","","",""
"Standard Hierarchy","D_EMMGMT","D_EMMGMT","Emergency Management","D_ALL","All Departments","D_EXECVP_AREA","Executive Vice President's Area","","","","","",""
"Standard Hierarchy","D_RESDEV","D_RESDEV","Vice President for Resource Development","D_ALL","All Departments","D_EXECVP_AREA","Executive Vice President's Area","","","","","",""
"Standard Hierarchy","D_AUDIT","D_AUDIT","Audit Division","D_ALL","All Departments","D_EXECVP_AREA","Executive Vice President's Area","","","","","",""
"Standard Hierarchy","D_POLICE","D_POLICE","MIT Police","D_ALL","All Departments","D_EXECVP_AREA","Executive Vice President's Area","","","","","",""
"Standard Hierarchy","D_IS&T","D_IS&T","Information Services and Technology","D_ALL","All Departments","D_EXECVP_AREA","Executive Vice President's Area","","","","","",""
"Standard Hierarchy","D_OBFP","D_OBFP","Office of Budget & Financial Planning","D_ALL","All Departments","D_EXECVP_AREA","Executive Vice President's Area","","","","","",""
"Standard Hierarchy","D_GRAY","D_GRAY","Gray House","D_ALL","All Departments","D_EXECVP_AREA","Executive Vice President's Area","","","","","",""
"Standard Hierarchy","D_MITIMCO","D_MITIMCO","MIT Investment Management Company","D_ALL","All Departments","D_EXECVP_AREA","Executive Vice President's Area","","","","","",""
"Standard Hierarchy","D_EXECVP","D_EXECVP","Executive Vice President's Office","D_ALL","All Departments","D_EXECVP_AREA","Executive Vice President's Area","","","","","",""
"Standard Hierarchy","D_MEDICAL","D_MEDICAL","MIT Health","D_ALL","All Departments","D_EXECVP_AREA","Executive Vice President's Area","","","","","",""
"Standard Hierarchy","D_CSS","D_CSS","Campus Servies and Stewardship","D_ALL","All Departments","D_EXECVP_AREA","Executive Vice President's Area","","","","","",""
"Standard Hierarchy","D_ALUM","D_ALUM","Alumni Association","D_ALL","All Departments","D_EXECVP_AREA","Executive Vice President's Area","","","","","",""
"Standard Hierarchy","D_OBDT","D_OBDT","Office of Business & Digital Transformation","D_ALL","All Departments","D_EXECVP_AREA","Executive Vice President's Area","","","","","",""
"Standard Hierarchy","D_THEENGINE","D_THEENGINE","The Engine","D_ALL","All Departments","D_EXECVP_AREA","Executive Vice President's Area","","","","","",""
"Standard Hierarchy","D_OGCR","D_OGCR","Office of Government and Community Relations","D_ALL","All Departments","D_EXECVP_AREA","Executive Vice President's Area","","","","","",""
"Standard Hierarchy","D_NEWCO","D_NEWCO","NewCo","D_ALL","All Departments","D_EXECVP_AREA","Executive Vice President's Area","","","","","",""
"Standard Hierarchy","D_LIDS","D_LIDS","Laboratory for Information & Decision Systems","D_ALL","All Departments","D_PROVOST_AREA","Provost Area","D_COLLEGE_COMPU","Stephen A. Schwarzman College of Computing","","","",""
"Standard Hierarchy","D_TPP","D_TPP","Technology & Policy Program","D_ALL","All Departments","D_PROVOST_AREA","Provost Area","D_COLLEGE_COMPU","Stephen A. Schwarzman College of Computing","","","",""
"Standard Hierarchy","D_IDSS","D_IDSS","Institute for Data, Systems, and Society","D_ALL","All Departments","D_PROVOST_AREA","Provost Area","D_COLLEGE_COMPU","Stephen A. Schwarzman College of Computing","","","",""
"Standard Hierarchy","D_CSAIL","D_CSAIL","Computer Sciences and Artificial Intelligence Lab","D_ALL","All Departments","D_PROVOST_AREA","Provost Area","D_COLLEGE_COMPU","Stephen A. Schwarzman College of Computing","","","",""
"Standard Hierarchy","D_CCSE","D_CCSE","Center for Computational Science and Engineering","D_ALL","All Departments","D_PROVOST_AREA","Provost Area","D_COLLEGE_COMPU","Stephen A. Schwarzman College of Computing","","","",""
"Standard Hierarchy","D_SSRC","D_SSRC","Sociotechnical Systems Research Center","D_ALL","All Departments","D_PROVOST_AREA","Provost Area","D_COLLEGE_COMPU","Stephen A. Schwarzman College of Computing","","","",""
"Standard Hierarchy","D_MITIBMAI","D_MITIBMAI","MIT IBM AI LABORATORY","D_ALL","All Departments","D_PROVOST_AREA","Provost Area","D_COLLEGE_COMPU","Stephen A. Schwarzman College of Computing","","","",""
"Standard Hierarchy","D_SERC","D_SERC","Social & Ethical Responsibilities in  Computing","D_ALL","All Departments","D_PROVOST_AREA","Provost Area","D_COLLEGE_COMPU","Stephen A. Schwarzman College of Computing","","","",""
"Standard Hierarchy","D_CBI","D_CBI","Center for Biomedical Innovation","D_ALL","All Departments","D_PROVOST_AREA","Provost Area","D_COLLEGE_COMPU","Stephen A. Schwarzman College of Computing","","","",""
"Standard Hierarchy","D_DEANCOMP","D_DEANCOMP","Dean School of Computing","D_ALL","All Departments","D_PROVOST_AREA","Provost Area","D_COLLEGE_COMPU","Stephen A. Schwarzman College of Computing","","","",""
"Standard Hierarchy","D_MITAMAZON","D_MITAMAZON","MIT-Amazon Science Hub","D_ALL","All Departments","D_PROVOST_AREA","Provost Area","D_COLLEGE_COMPU","Stephen A. Schwarzman College of Computing","","","",""
"Standard Hierarchy","D_JCLINIC","D_JCLINIC","JCCLINIC","D_ALL","All Departments","D_PROVOST_AREA","Provost Area","D_COLLEGE_COMPU","Stephen A. Schwarzman College of Computing","","","",""
"Standard Hierarchy","D_QUEST","D_QUEST","MIT Quest for Intelligence","D_ALL","All Departments","D_PROVOST_AREA","Provost Area","D_COLLEGE_COMPU","Stephen A. Schwarzman College of Computing","","","",""
"Standard Hierarchy","D_STUDENT_UND","D_STUDENT_UND","UNDESIGNATED SOPHOMORE","D_ALL","All Departments","D_PROVOST_AREA","Provost Area","","","","","",""
"Standard Hierarchy","D_OCW","D_OCW","Open Courseware","D_ALL","All Departments","D_PROVOST_AREA","Provost Area","D_DL_AREA","Digital Learning Area","","","",""
"Standard Hierarchy","D_DL","D_DL","Digital Learning","D_ALL","All Departments","D_PROVOST_AREA","Provost Area","D_DL_AREA","Digital Learning Area","","","",""
"Standard Hierarchy","D_EDX","D_EDX","EDX","D_ALL","All Departments","D_PROVOST_AREA","Provost Area","D_DL_AREA","Digital Learning Area","","","",""
"Standard Hierarchy","D_OEIT","D_OEIT","Office of Education, Innovation and Technology","D_ALL","All Departments","D_PROVOST_AREA","Provost Area","D_DL_AREA","Digital Learning Area","","","",""
"Standard Hierarchy","D_STUDENT_FRESH","D_STUDENT_FRESH","Freshman","D_ALL","All Departments","D_PROVOST_AREA","Provost Area","","","","","",""
"Standard Hierarchy","D_SMART","D_SMART","Singapore-MIT Alliance for Res & Tech","D_ALL","All Departments","D_PROVOST_AREA","Provost Area","","","","","",""
"Standard Hierarchy","D_OVC","D_OVC","Office of the Vice Chancellor","D_ALL","All Departments","D_PROVOST_AREA","Provost Area","D_OVC_AREA","Office of the Vice Chancellor's Area","","","",""
"Standard Hierarchy","D_PPSC","D_PPSC","PKG Public Service Center","D_ALL","All Departments","D_PROVOST_AREA","Provost Area","D_OVC_AREA","Office of the Vice Chancellor's Area","","","",""
"Standard Hierarchy","D_OVCOEL","D_OVCOEL","OVC Office of Experiential Learning","D_ALL","All Departments","D_PROVOST_AREA","Provost Area","D_OVC_AREA","Office of the Vice Chancellor's Area","","","",""
"Standard Hierarchy","D_REGALL","D_REGALL","Registrar All","D_ALL","All Departments","D_PROVOST_AREA","Provost Area","D_OVC_AREA","Office of the Vice Chancellor's Area","","","",""
"Standard Hierarchy","D_OFY","D_OFY","Office of the First Year","D_ALL","All Departments","D_PROVOST_AREA","Provost Area","D_OVC_AREA","Office of the Vice Chancellor's Area","","","",""
"Standard Hierarchy","D_UROP","D_UROP","Undergraduate Research Opportunities Pro 441420","D_ALL","All Departments","D_PROVOST_AREA","Provost Area","D_OVC_AREA","Office of the Vice Chancellor's Area","","","",""
"Standard Hierarchy","D_OVCHQ","D_OVCHQ","Office of the Vice Chancellor HQ","D_ALL","All Departments","D_PROVOST_AREA","Provost Area","D_OVC_AREA","Office of the Vice Chancellor's Area","","","",""
"Standard Hierarchy","D_ISO","D_ISO","International Students Office","D_ALL","All Departments","D_PROVOST_AREA","Provost Area","D_OVC_AREA","Office of the Vice Chancellor's Area","","","",""
"Standard Hierarchy","D_D-LAB","D_D-LAB","D-LAB","D_ALL","All Departments","D_PROVOST_AREA","Provost Area","D_OVC_AREA","Office of the Vice Chancellor's Area","","","",""
"Standard Hierarchy","D_EDGERTON","D_EDGERTON","Edgerton Center","D_ALL","All Departments","D_PROVOST_AREA","Provost Area","D_OVC_AREA","Office of the Vice Chancellor's Area","","","",""
"Standard Hierarchy","D_OTHER_EXPENSE","D_OTHER_EXPENSE","Other budgeted expenses","D_ALL","All Departments","D_PROVOST_AREA","Provost Area","","","","","",""
"Standard Hierarchy","D_INDONESIA","D_INDONESIA","INDONESIA","D_ALL","All Departments","D_PROVOST_AREA","Provost Area","D_OFC_PROVOST","Office of the Provost Area","","","",""
"Standard Hierarchy","D_OIS","D_OIS","Office of Innovation and Strategy","D_ALL","All Departments","D_PROVOST_AREA","Provost Area","D_OFC_PROVOST","Office of the Provost Area","","","",""
"Standard Hierarchy","D_PROVOST","D_PROVOST","Provost's Office","D_ALL","All Departments","D_PROVOST_AREA","Provost Area","D_OFC_PROVOST","Office of the Provost Area","","","",""
"Standard Hierarchy","D_CAES","D_CAES","Center for Advanced Educational Services","D_ALL","All Departments","D_PROVOST_AREA","Provost Area","D_OFC_PROVOST","Office of the Provost Area","","","",""
"Standard Hierarchy","D_MCGOVERN","D_MCGOVERN","McGovern Institute for Brain Research","D_ALL","All Departments","D_PROVOST_AREA","Provost Area","D_OFC_PROVOST","Office of the Provost Area","","","",""
"Standard Hierarchy","D_CMI","D_CMI","Cambridge-MIT Institute","D_ALL","All Departments","D_PROVOST_AREA","Provost Area","D_OFC_PROVOST","Office of the Provost Area","","","",""
"Standard Hierarchy","D_SOLVE","D_SOLVE","Solve","D_ALL","All Departments","D_PROVOST_AREA","Provost Area","D_OFC_PROVOST","Office of the Provost Area","","","",""
"Standard Hierarchy","D_CENTRAL_PROF","D_CENTRAL_PROF","Central Professorships","D_ALL","All Departments","D_PROVOST_AREA","Provost Area","D_OFC_PROVOST","Office of the Provost Area","","","",""
"Standard Hierarchy","D_INST_PROF","D_INST_PROF","Institute Professors","D_ALL","All Departments","D_PROVOST_AREA","Provost Area","D_OFC_PROVOST","Office of the Provost Area","","","",""
"Standard Hierarchy","D_SUTD","D_SUTD","MIT-SUTD Collaboration","D_ALL","All Departments","D_PROVOST_AREA","Provost Area","D_OFC_PROVOST","Office of the Provost Area","","","",""
"Standard Hierarchy","D_MASDAR","D_MASDAR","Masdar Institute","D_ALL","All Departments","D_PROVOST_AREA","Provost Area","D_OFC_PROVOST","Office of the Provost Area","","","",""
"Standard Hierarchy","D_MITX","D_MITX","MIT ON-LINE LEARNING","D_ALL","All Departments","D_PROVOST_AREA","Provost Area","D_OFC_PROVOST","Office of the Provost Area","","","",""
"Standard Hierarchy","D_SKOLKOVO","D_SKOLKOVO","Skolkovo","D_ALL","All Departments","D_PROVOST_AREA","Provost Area","D_OFC_PROVOST","Office of the Provost Area","","","",""
"Standard Hierarchy","D_MITII","D_MITII","MIT INNOVATION INITIATIVE","D_ALL","All Departments","D_PROVOST_AREA","Provost Area","D_OFC_PROVOST","Office of the Provost Area","","","",""
"Standard Hierarchy","D_LDDA","D_LDDA","Lab Directors & Department Admin","D_ALL","All Departments","D_PROVOST_AREA","Provost Area","D_VPRES","VP Research","","","",""
"Standard Hierarchy","D_VPRES_DEPTHD","D_VPRES_DEPTHD","VP for Research Department Heads","D_ALL","All Departments","D_PROVOST_AREA","Provost Area","D_VPRES","VP Research","","","",""
"Standard Hierarchy","D_ESI","D_ESI","Earth Systems Initiative","D_ALL","All Departments","D_PROVOST_AREA","Provost Area","D_VPRES","VP Research","","","",""
"Standard Hierarchy","D_NRL","D_NRL","Nuclear Reactor Laboratory","D_ALL","All Departments","D_PROVOST_AREA","Provost Area","D_VPRES","VP Research","","","",""
"Standard Hierarchy","D_COMPMED","D_COMPMED","Division Of Comparative Medicine","D_ALL","All Departments","D_PROVOST_AREA","Provost Area","D_VPRES","VP Research","","","",""
"Standard Hierarchy","D_CMSE","D_CMSE","Center for Materials Science & Engineering","D_ALL","All Departments","D_PROVOST_AREA","Provost Area","D_VPRES","VP Research","","","",""
"Standard Hierarchy","D_CLINRES","D_CLINRES","Clinical Research Center","D_ALL","All Departments","D_PROVOST_AREA","Provost Area","D_VPRES","VP Research","","","",""
"Standard Hierarchy","D_BROADAFF","D_BROADAFF","Broad Affiliations","D_ALL","All Departments","D_PROVOST_AREA","Provost Area","D_VPRES","VP Research","","","",""
"Standard Hierarchy","D_KI","D_KI","Koch Institute for Integrative Cancer Research","D_ALL","All Departments","D_PROVOST_AREA","Provost Area","D_VPRES","VP Research","","","",""
"Standard Hierarchy","D_CEHS","D_CEHS","Center for Environmental Health Sciences","D_ALL","All Departments","D_PROVOST_AREA","Provost Area","D_VPRES","VP Research","","","",""
"Standard Hierarchy","D_MAGLAB","D_MAGLAB","Francis Bitter Magnet Laboratory","D_ALL","All Departments","D_PROVOST_AREA","Provost Area","D_VPRES","VP Research","","","",""
"Standard Hierarchy","D_HAYSTACK","D_HAYSTACK","Haystack Observatory","D_ALL","All Departments","D_PROVOST_AREA","Provost Area","D_VPRES","VP Research","","","",""
"Standard Hierarchy","D_DEANGRAD","D_DEANGRAD","Dean Of The Grad School Office","D_ALL","All Departments","D_PROVOST_AREA","Provost Area","D_VPRES","VP Research","","","",""
"Standard Hierarchy","D_HST","D_HST","Harvard-MIT Health Sciences & Technology","D_ALL","All Departments","D_PROVOST_AREA","Provost Area","D_VPRES","VP Research","","","",""
"Standard Hierarchy","D_RLE","D_RLE","Research Lab Of Electronics","D_ALL","All Departments","D_PROVOST_AREA","Provost Area","D_VPRES","VP Research","","","",""
"Standard Hierarchy","D_BROAD:CB","D_BROAD:CB","Broad Chemical Biology","D_ALL","All Departments","D_PROVOST_AREA","Provost Area","D_VPRES","VP Research","","","",""
"Standard Hierarchy","D_VPRLL","D_VPRLL","VPR - LINCOLN LAB","D_ALL","All Departments","D_PROVOST_AREA","Provost Area","D_VPRES","VP Research","","","",""
"Standard Hierarchy","D_MPC","D_MPC","Materials Processing Center","D_ALL","All Departments","D_PROVOST_AREA","Provost Area","D_VPRES","VP Research","","","",""
"Standard Hierarchy","D_MTL","D_MTL","Microsystems Technology Laboratory","D_ALL","All Departments","D_PROVOST_AREA","Provost Area","D_VPRES","VP Research","","","",""
"Standard Hierarchy","D_VPRESOFF","D_VPRESOFF","Vice President for Research","D_ALL","All Departments","D_PROVOST_AREA","Provost Area","D_VPRES","VP Research","","","",""
"Standard Hierarchy","D_WHIT","D_WHIT","Whitaker College","D_ALL","All Departments","D_PROVOST_AREA","Provost Area","D_VPRES","VP Research","","","",""
"Standard Hierarchy","D_CFELLOWS","D_CFELLOWS","Central Fellowships","D_ALL","All Departments","D_PROVOST_AREA","Provost Area","D_VPRES","VP Research","","","",""
"Standard Hierarchy","D_CCTR","D_CCTR","Center for Clinical & Translational Research","D_ALL","All Departments","D_PROVOST_AREA","Provost Area","D_VPRES","VP Research","","","",""
"Standard Hierarchy","D_CGC","D_CGC","Climate Grand Challenges","D_ALL","All Departments","D_PROVOST_AREA","Provost Area","D_VPRES","VP Research","","","",""
"Standard Hierarchy","D_TDP","D_TDP","Technology & Development Program","D_ALL","All Departments","D_PROVOST_AREA","Provost Area","D_VPRES","VP Research","","","",""
"Standard Hierarchy","D_TLO","D_TLO","OSATT - Techology Licensing Office","D_ALL","All Departments","D_PROVOST_AREA","Provost Area","D_VPRES","VP Research","D_OSATT_AREA","Office of Strategic Alliances & Tech Transfer Area","",""
"Standard Hierarchy","D_ILP","D_ILP","OSATT - Corporate Relations","D_ALL","All Departments","D_PROVOST_AREA","Provost Area","D_VPRES","VP Research","D_OSATT_AREA","Office of Strategic Alliances & Tech Transfer Area","",""
"Standard Hierarchy","D_STRATEG_TRANS","D_STRATEG_TRANS","OSATT - Strategic Transactions","D_ALL","All Departments","D_PROVOST_AREA","Provost Area","D_VPRES","VP Research","D_OSATT_AREA","Office of Strategic Alliances & Tech Transfer Area","",""
"Standard Hierarchy","D_CATALYSTS","D_CATALYSTS","OSATT - Catalysts","D_ALL","All Departments","D_PROVOST_AREA","Provost Area","D_VPRES","VP Research","D_OSATT_AREA","Office of Strategic Alliances & Tech Transfer Area","",""
"Standard Hierarchy","D_OSATT","D_OSATT","Ofc of Strategic Alliances & Tech Transfer","D_ALL","All Departments","D_PROVOST_AREA","Provost Area","D_VPRES","VP Research","D_OSATT_AREA","Office of Strategic Alliances & Tech Transfer Area","",""
"Standard Hierarchy","D_ALLIANCE_MGMT","D_ALLIANCE_MGMT","OSATT - Alliance Management","D_ALL","All Departments","D_PROVOST_AREA","Provost Area","D_VPRES","VP Research","D_OSATT_AREA","Office of Strategic Alliances & Tech Transfer Area","",""
"Standard Hierarchy","D_PSFC","D_PSFC","Plasma Sciences & Fusion Center","D_ALL","All Departments","D_PROVOST_AREA","Provost Area","D_VPRES","VP Research","","","",""
"Standard Hierarchy","D_IPCOUNSEL","D_IPCOUNSEL","Intellectual Property Counsel","D_ALL","All Departments","D_PROVOST_AREA","Provost Area","D_VPRES","VP Research","","","",""
"Standard Hierarchy","D_LFEE","D_LFEE","MIT Energy Initiative","D_ALL","All Departments","D_PROVOST_AREA","Provost Area","D_VPRES","VP Research","","","",""
"Standard Hierarchy","D_RAS","D_RAS","Research Administration Services","D_ALL","All Departments","D_PROVOST_AREA","Provost Area","D_VPRES","VP Research","","","",""
"Standard Hierarchy","D_ISN","D_ISN","Institute for Soldier Nanotechnologies","D_ALL","All Departments","D_PROVOST_AREA","Provost Area","D_VPRES","VP Research","","","",""
"Standard Hierarchy","D_MIT.NANO","D_MIT.NANO","MIT NANO","D_ALL","All Departments","D_PROVOST_AREA","Provost Area","D_VPRES","VP Research","","","",""
"Standard Hierarchy","D_MRL","D_MRL","Materials Research Laboratory","D_ALL","All Departments","D_PROVOST_AREA","Provost Area","D_VPRES","VP Research","","","",""
"Standard Hierarchy","D_J-WAFS","D_J-WAFS","Abdul Latif Jameel Water and Food Systems Lab","D_ALL","All Departments","D_PROVOST_AREA","Provost Area","D_VPRES","VP Research","","","",""
"Standard Hierarchy","D_BROAD","D_BROAD","The Broad Institute","D_ALL","All Departments","D_PROVOST_AREA","Provost Area","D_VPRES","VP Research","","","",""
"Standard Hierarchy","D_MITEI","D_MITEI","MIT Energy Initiative","D_ALL","All Departments","D_PROVOST_AREA","Provost Area","D_VPRES","VP Research","","","",""
"Standard Hierarchy","D_MITESI","D_MITESI","MIT Environmental Solutions Initiative","D_ALL","All Departments","D_PROVOST_AREA","Provost Area","D_VPRES","VP Research","","","",""
"Standard Hierarchy","D_OSP","D_OSP","Office of Sponsored Programs","D_ALL","All Departments","D_PROVOST_AREA","Provost Area","D_VPRES","VP Research","","","",""
"Standard Hierarchy","D_SLOAN","D_SLOAN","Sloan School of Management","D_ALL","All Departments","D_PROVOST_AREA","Provost Area","D_SLOAN_SCHOOL","Sloan School Area","","","",""
"Standard Hierarchy","D_SCI_DEPTHEAD","D_SCI_DEPTHEAD","School of Science Department Heads","D_ALL","All Departments","D_PROVOST_AREA","Provost Area","D_SCHOOL_SCI","School of Science","","","",""
"Standard Hierarchy","D_CSBI","D_CSBI","Computational and Systems Biology","D_ALL","All Departments","D_PROVOST_AREA","Provost Area","D_SCHOOL_SCI","School of Science","","","",""
"Standard Hierarchy","D_HHMI","D_HHMI","Howard Hughes Medical Institute","D_ALL","All Departments","D_PROVOST_AREA","Provost Area","D_SCHOOL_SCI","School of Science","","","",""
"Standard Hierarchy","D_CGCS","D_CGCS","Center for Global Change Science","D_ALL","All Departments","D_PROVOST_AREA","Provost Area","D_SCHOOL_SCI","School of Science","","","",""
"Standard Hierarchy","D_LNS","D_LNS","Laboratory for Nuclear Science","D_ALL","All Departments","D_PROVOST_AREA","Provost Area","D_SCHOOL_SCI","School of Science","","","",""
"Standard Hierarchy","D_CS3","D_CS3","Center for Sustainability Science & Strategy","D_ALL","All Departments","D_PROVOST_AREA","Provost Area","D_SCHOOL_SCI","School of Science","","","",""
"Standard Hierarchy","D_PILM","D_PILM","Picower Institute for Learning & Memory","D_ALL","All Departments","D_PROVOST_AREA","Provost Area","D_SCHOOL_SCI","School of Science","","","",""
"Standard Hierarchy","D_WALLACE","D_WALLACE","Wallace Observatory","D_ALL","All Departments","D_PROVOST_AREA","Provost Area","D_SCHOOL_SCI","School of Science","","","",""
"Standard Hierarchy","D_SPEC","D_SPEC","Spectroscopy Laboratory","D_ALL","All Departments","D_PROVOST_AREA","Provost Area","D_SCHOOL_SCI","School of Science","","","",""
"Standard Hierarchy","D_PHYSICS","D_PHYSICS","Physics","D_ALL","All Departments","D_PROVOST_AREA","Provost Area","D_SCHOOL_SCI","School of Science","","","",""
"Standard Hierarchy","D_CSR","D_CSR","Kavli Institute for Astrophysics & Space Research","D_ALL","All Departments","D_PROVOST_AREA","Provost Area","D_SCHOOL_SCI","School of Science","","","",""
"Standard Hierarchy","D_DEANSCI","D_DEANSCI","Dean Of Science","D_ALL","All Departments","D_PROVOST_AREA","Provost Area","D_SCHOOL_SCI","School of Science","","","",""
"Standard Hierarchy","D_MATHS","D_MATHS","Mathematics","D_ALL","All Departments","D_PROVOST_AREA","Provost Area","D_SCHOOL_SCI","School of Science","","","",""
"Standard Hierarchy","D_B&CS","D_B&CS","Brain & Cognitive Sciences","D_ALL","All Departments","D_PROVOST_AREA","Provost Area","D_SCHOOL_SCI","School of Science","","","",""
"Standard Hierarchy","D_EAPS","D_EAPS","Earth, Atmospheric & Planetary Sciences","D_ALL","All Departments","D_PROVOST_AREA","Provost Area","D_SCHOOL_SCI","School of Science","","","",""
"Standard Hierarchy","D_CHEM","D_CHEM","Chemistry","D_ALL","All Departments","D_PROVOST_AREA","Provost Area","D_SCHOOL_SCI","School of Science","","","",""
"Standard Hierarchy","D_BIOLOGY","D_BIOLOGY","Biology","D_ALL","All Departments","D_PROVOST_AREA","Provost Area","D_SCHOOL_SCI","School of Science","","","",""
"Standard Hierarchy","D_SCSB","D_SCSB","Simons Center for the Social Brain","D_ALL","All Departments","D_PROVOST_AREA","Provost Area","D_SCHOOL_SCI","School of Science","","","",""
"Standard Hierarchy","D_MTA","D_MTA","Music & Theater Arts","D_ALL","All Departments","D_PROVOST_AREA","Provost Area","D_SCHOOL_HUM","School of Humanities & Social Science","","","",""
"Standard Hierarchy","D_POLSCI","D_POLSCI","Political Science","D_ALL","All Departments","D_PROVOST_AREA","Provost Area","D_SCHOOL_HUM","School of Humanities & Social Science","","","",""
"Standard Hierarchy","D_STS","D_STS","Program In Science, Technology & Society","D_ALL","All Departments","D_PROVOST_AREA","Provost Area","D_SCHOOL_HUM","School of Humanities & Social Science","","","",""
"Standard Hierarchy","D_ANTHRO","D_ANTHRO","Anthropology","D_ALL","All Departments","D_PROVOST_AREA","Provost Area","D_SCHOOL_HUM","School of Humanities & Social Science","","","",""
"Standard Hierarchy","D_CMS","D_CMS","Comparative Media Studies/Writing","D_ALL","All Departments","D_PROVOST_AREA","Provost Area","D_SCHOOL_HUM","School of Humanities & Social Science","","","",""
"Standard Hierarchy","D_HUM_DEPTHEAD","D_HUM_DEPTHEAD","Humanities and Social Sciences Department Heads","D_ALL","All Departments","D_PROVOST_AREA","Provost Area","D_SCHOOL_HUM","School of Humanities & Social Science","","","",""
"Standard Hierarchy","D_LIT","D_LIT","Literature","D_ALL","All Departments","D_PROVOST_AREA","Provost Area","D_SCHOOL_HUM","School of Humanities & Social Science","","","",""
"Standard Hierarchy","D_MISTI","D_MISTI","MISTI","D_ALL","All Departments","D_PROVOST_AREA","Provost Area","D_SCHOOL_HUM","School of Humanities & Social Science","","","",""
"Standard Hierarchy","D_CIS","D_CIS","Center for International Studies","D_ALL","All Departments","D_PROVOST_AREA","Provost Area","D_SCHOOL_HUM","School of Humanities & Social Science","","","",""
"Standard Hierarchy","D_L&P","D_L&P","Linguistics & Philosophy","D_ALL","All Departments","D_PROVOST_AREA","Provost Area","D_SCHOOL_HUM","School of Humanities & Social Science","","","",""
"Standard Hierarchy","D_DHSS","D_DHSS","Dean of Humanities & Social Sciences","D_ALL","All Departments","D_PROVOST_AREA","Provost Area","D_SCHOOL_HUM","School of Humanities & Social Science","","","",""
"Standard Hierarchy","D_ECO","D_ECO","Economics","D_ALL","All Departments","D_PROVOST_AREA","Provost Area","D_SCHOOL_HUM","School of Humanities & Social Science","","","",""
"Standard Hierarchy","D_FLL","D_FLL","Foreign Languages & Literature","D_ALL","All Departments","D_PROVOST_AREA","Provost Area","D_SCHOOL_HUM","School of Humanities & Social Science","","","",""
"Standard Hierarchy","D_HISTORY","D_HISTORY","History","D_ALL","All Departments","D_PROVOST_AREA","Provost Area","D_SCHOOL_HUM","School of Humanities & Social Science","","","",""
"Standard Hierarchy","D_PRESS","D_PRESS","MIT Press","D_ALL","All Departments","D_PROVOST_AREA","Provost Area","D_LIB_TR_PRESS","Libraries, Tech Review, and MIT Press","","","",""
"Standard Hierarchy","D_LIBRARIES","D_LIBRARIES","Libraries","D_ALL","All Departments","D_PROVOST_AREA","Provost Area","D_LIB_TR_PRESS","Libraries, Tech Review, and MIT Press","","","",""
"Standard Hierarchy","D_TECHREVIEW","D_TECHREVIEW","Technology Review","D_ALL","All Departments","D_PROVOST_AREA","Provost Area","D_LIB_TR_PRESS","Libraries, Tech Review, and MIT Press","","","",""
"Standard Hierarchy","D_AEROASTRO","D_AEROASTRO","Aeronautics and Astronautics","D_ALL","All Departments","D_PROVOST_AREA","Provost Area","D_SCHOOL_ENG","School of Engineering","","","",""
"Standard Hierarchy","D_TIE","D_TIE","Tech. Innovation and Entrepreneurship","D_ALL","All Departments","D_PROVOST_AREA","Provost Area","D_SCHOOL_ENG","School of Engineering","","","",""
"Standard Hierarchy","D_ASP","D_ASP","Advanced Study Program","D_ALL","All Departments","D_PROVOST_AREA","Provost Area","D_SCHOOL_ENG","School of Engineering","","","",""
"Standard Hierarchy","D_BIOENG","D_BIOENG","Biological Engineering","D_ALL","All Departments","D_PROVOST_AREA","Provost Area","D_SCHOOL_ENG","School of Engineering","","","",""
"Standard Hierarchy","D_HPMIT","D_HPMIT","HP-MIT Alliance","D_ALL","All Departments","D_PROVOST_AREA","Provost Area","D_SCHOOL_ENG","School of Engineering","","","",""
"Standard Hierarchy","D_DCTI","D_DCTI","Deshpande Center for Technological Innovation","D_ALL","All Departments","D_PROVOST_AREA","Provost Area","D_SCHOOL_ENG","School of Engineering","","","",""
"Standard Hierarchy","D_UPOP","D_UPOP","Undergrad Practice Op Prog","D_ALL","All Departments","D_PROVOST_AREA","Provost Area","D_SCHOOL_ENG","School of Engineering","","","",""
"Standard Hierarchy","D_LEMELSON","D_LEMELSON","Lemelson-MIT Project","D_ALL","All Departments","D_PROVOST_AREA","Provost Area","D_SCHOOL_ENG","School of Engineering","","","",""
"Standard Hierarchy","D_CTL","D_CTL","Center for Transportation & Logistics","D_ALL","All Departments","D_PROVOST_AREA","Provost Area","D_SCHOOL_ENG","School of Engineering","","","",""
"Standard Hierarchy","D_PEP","D_PEP","Professional Education Programs","D_ALL","All Departments","D_PROVOST_AREA","Provost Area","D_SCHOOL_ENG","School of Engineering","","","",""
"Standard Hierarchy","D_III","D_III","International Innovation Initiative","D_ALL","All Departments","D_PROVOST_AREA","Provost Area","D_SCHOOL_ENG","School of Engineering","","","",""
"Standard Hierarchy","D_PORTUGAL","D_PORTUGAL","MIT-Portugal Program","D_ALL","All Departments","D_PROVOST_AREA","Provost Area","D_SCHOOL_ENG","School of Engineering","","","",""
"Standard Hierarchy","D_CBE","D_CBE","Center for Biomedical Engineering","D_ALL","All Departments","D_PROVOST_AREA","Provost Area","D_SCHOOL_ENG","School of Engineering","","","",""
"Standard Hierarchy","D_DMSE","D_DMSE","Dept Material Science and Engineering","D_ALL","All Departments","D_PROVOST_AREA","Provost Area","D_SCHOOL_ENG","School of Engineering","","","",""
"Standard Hierarchy","D_CHEME","D_CHEME","Chemical Engineering","D_ALL","All Departments","D_PROVOST_AREA","Provost Area","D_SCHOOL_ENG","School of Engineering","","","",""
"Standard Hierarchy","D_ARCHAE","D_ARCHAE","Archaeology","D_ALL","All Departments","D_PROVOST_AREA","Provost Area","D_SCHOOL_ENG","School of Engineering","","","",""
"Standard Hierarchy","D_ASO:HQ","D_ASO:HQ","Administrative Services Org. Headquarters","D_ALL","All Departments","D_PROVOST_AREA","Provost Area","D_SCHOOL_ENG","School of Engineering","","","",""
"Standard Hierarchy","D_PPST","D_PPST","Program in Polymer Sciences & Technology","D_ALL","All Departments","D_PROVOST_AREA","Provost Area","D_SCHOOL_ENG","School of Engineering","","","",""
"Standard Hierarchy","D_BPMIT","D_BPMIT","BP-MIT Program","D_ALL","All Departments","D_PROVOST_AREA","Provost Area","D_SCHOOL_ENG","School of Engineering","","","",""
"Standard Hierarchy","D_SDM","D_SDM","Systems Design & Management","D_ALL","All Departments","D_PROVOST_AREA","Provost Area","D_SCHOOL_ENG","School of Engineering","","","",""
"Standard Hierarchy","D_NUCENG","D_NUCENG","Nuclear Science and Engineering","D_ALL","All Departments","D_PROVOST_AREA","Provost Area","D_SCHOOL_ENG","School of Engineering","","","",""
"Standard Hierarchy","D_IMES","D_IMES","Institute for Medical Engineering and Science","D_ALL","All Departments","D_PROVOST_AREA","Provost Area","D_SCHOOL_ENG","School of Engineering","","","",""
"Standard Hierarchy","D_IPC","D_IPC","Industrial Performance Center","D_ALL","All Departments","D_PROVOST_AREA","Provost Area","D_SCHOOL_ENG","School of Engineering","","","",""
"Standard Hierarchy","D_CIPD","D_CIPD","Center for Innovation in Product Development","D_ALL","All Departments","D_PROVOST_AREA","Provost Area","D_SCHOOL_ENG","School of Engineering","","","",""
"Standard Hierarchy","D_BPEC","D_BPEC","Biotechnology Process Engineering Center","D_ALL","All Departments","D_PROVOST_AREA","Provost Area","D_SCHOOL_ENG","School of Engineering","","","",""
"Standard Hierarchy","D_MECHE","D_MECHE","Mechanical Engineering","D_ALL","All Departments","D_PROVOST_AREA","Provost Area","D_SCHOOL_ENG","School of Engineering","","","",""
"Standard Hierarchy","D_EECS","D_EECS","Electrical Engineering & Computer Science","D_ALL","All Departments","D_PROVOST_AREA","Provost Area","D_SCHOOL_ENG","School of Engineering","","","",""
"Standard Hierarchy","D_OEOP","D_OEOP","Office of Engineering Outreach Program","D_ALL","All Departments","D_PROVOST_AREA","Provost Area","D_SCHOOL_ENG","School of Engineering","","","",""
"Standard Hierarchy","D_CDO","D_CDO","Computation for Design & Optimization","D_ALL","All Departments","D_PROVOST_AREA","Provost Area","D_SCHOOL_ENG","School of Engineering","","","",""
"Standard Hierarchy","D_SCM","D_SCM","Supply Chain Management Program","D_ALL","All Departments","D_PROVOST_AREA","Provost Area","D_SCHOOL_ENG","School of Engineering","","","",""
"Standard Hierarchy","D_OCEAN","D_OCEAN","Ocean Engineering","D_ALL","All Departments","D_PROVOST_AREA","Provost Area","D_SCHOOL_ENG","School of Engineering","","","",""
"Standard Hierarchy","D_CLAB","D_CLAB","Communication Lab","D_ALL","All Departments","D_PROVOST_AREA","Provost Area","D_SCHOOL_ENG","School of Engineering","","","",""
"Standard Hierarchy","D_LGO","D_LGO","Leaders for Global Operations","D_ALL","All Departments","D_PROVOST_AREA","Provost Area","D_SCHOOL_ENG","School of Engineering","","","",""
"Standard Hierarchy","D_GRADEL","D_GRADEL","Graduate Program in Engineering Leadership","D_ALL","All Departments","D_PROVOST_AREA","Provost Area","D_SCHOOL_ENG","School of Engineering","","","",""
"Standard Hierarchy","D_MITTAKEDA","D_MITTAKEDA","MIT - Takeda Program","D_ALL","All Departments","D_PROVOST_AREA","Provost Area","D_SCHOOL_ENG","School of Engineering","","","",""
"Standard Hierarchy","D_MCSC","D_MCSC","MIT Climate & Sustainability Consortium","D_ALL","All Departments","D_PROVOST_AREA","Provost Area","D_SCHOOL_ENG","School of Engineering","","","",""
"Standard Hierarchy","D_MITOI","D_MITOI","MIT OFFICE OF INNOVATION","D_ALL","All Departments","D_PROVOST_AREA","Provost Area","D_SCHOOL_ENG","School of Engineering","","","",""
"Standard Hierarchy","D_EIP","D_EIP","Engineering Internship Program","D_ALL","All Departments","D_PROVOST_AREA","Provost Area","D_SCHOOL_ENG","School of Engineering","","","",""
"Standard Hierarchy","D_ECSEL","D_ECSEL","ECSEL","D_ALL","All Departments","D_PROVOST_AREA","Provost Area","D_SCHOOL_ENG","School of Engineering","","","",""
"Standard Hierarchy","D_DOE","D_DOE","Dean of Engineering","D_ALL","All Departments","D_PROVOST_AREA","Provost Area","D_SCHOOL_ENG","School of Engineering","","","",""
"Standard Hierarchy","D_GLP","D_GLP","Gordon Leadership Program","D_ALL","All Departments","D_PROVOST_AREA","Provost Area","D_SCHOOL_ENG","School of Engineering","","","",""
"Standard Hierarchy","D_MITES","D_MITES","Minority Intro to Engineering & Science Program","D_ALL","All Departments","D_PROVOST_AREA","Provost Area","D_SCHOOL_ENG","School of Engineering","","","",""
"Standard Hierarchy","D_ISP","D_ISP","Integrated Studies Program","D_ALL","All Departments","D_PROVOST_AREA","Provost Area","D_SCHOOL_ENG","School of Engineering","","","",""
"Standard Hierarchy","D_LEES","D_LEES","Lab for Electromagnetic & Electrical Systems","D_ALL","All Departments","D_PROVOST_AREA","Provost Area","D_SCHOOL_ENG","School of Engineering","","","",""
"Standard Hierarchy","D_CEE","D_CEE","Civil & Environmental Engineering","D_ALL","All Departments","D_PROVOST_AREA","Provost Area","D_SCHOOL_ENG","School of Engineering","","","",""
"Standard Hierarchy","D_SMA","D_SMA","Singapore/MIT Alliance","D_ALL","All Departments","D_PROVOST_AREA","Provost Area","D_SCHOOL_ENG","School of Engineering","","","",""
"Standard Hierarchy","D_PIW","D_PIW","Dean of Engineering Program in Writing","D_ALL","All Departments","D_PROVOST_AREA","Provost Area","D_SCHOOL_ENG","School of Engineering","","","",""
"Standard Hierarchy","D_ICAMPUS","D_ICAMPUS","Project I-Campus","D_ALL","All Departments","D_PROVOST_AREA","Provost Area","D_SCHOOL_ENG","School of Engineering","","","",""
"Standard Hierarchy","D_DESIGNACAD","D_DESIGNACAD","DESIGN ACADEMY","D_ALL","All Departments","D_PROVOST_AREA","Provost Area","D_SCHOOL_ARCH","School of Architecture & Planning","","","",""
"Standard Hierarchy","D_MITMAD","D_MITMAD","MORNINGSIDE ACADEMY FOR DESIGN","D_ALL","All Departments","D_PROVOST_AREA","Provost Area","D_SCHOOL_ARCH","School of Architecture & Planning","","","",""
"Standard Hierarchy","D_LCAU","D_LCAU","LEVENTHAL CENTER FOR ADVANCED URBANISM","D_ALL","All Departments","D_PROVOST_AREA","Provost Area","D_SCHOOL_ARCH","School of Architecture & Planning","","","",""
"Standard Hierarchy","D_ACT","D_ACT","Program in Art Culture & Technology","D_ALL","All Departments","D_PROVOST_AREA","Provost Area","D_SCHOOL_ARCH","School of Architecture & Planning","","","",""
"Standard Hierarchy","D_ARCH","D_ARCH","Architecture","D_ALL","All Departments","D_PROVOST_AREA","Provost Area","D_SCHOOL_ARCH","School of Architecture & Planning","","","",""
"Standard Hierarchy","D_MEDIA","D_MEDIA","Media Lab","D_ALL","All Departments","D_PROVOST_AREA","Provost Area","D_SCHOOL_ARCH","School of Architecture & Planning","","","",""
"Standard Hierarchy","D_MAS","D_MAS","Media Arts & Sciences Program","D_ALL","All Departments","D_PROVOST_AREA","Provost Area","D_SCHOOL_ARCH","School of Architecture & Planning","","","",""
"Standard Hierarchy","D_CRE","D_CRE","Center for Real Estate","D_ALL","All Departments","D_PROVOST_AREA","Provost Area","D_SCHOOL_ARCH","School of Architecture & Planning","","","",""
"Standard Hierarchy","D_DEANARCH","D_DEANARCH","Dean of Architecture","D_ALL","All Departments","D_PROVOST_AREA","Provost Area","D_SCHOOL_ARCH","School of Architecture & Planning","","","",""
"Standard Hierarchy","D_DUSP","D_DUSP","Urban Studies & Planning","D_ALL","All Departments","D_PROVOST_AREA","Provost Area","D_SCHOOL_ARCH","School of Architecture & Planning","","","",""
"Standard Hierarchy","D_ARCH_DEPTHEAD","D_ARCH_DEPTHEAD","Architecture Department Heads","D_ALL","All Departments","D_PROVOST_AREA","Provost Area","D_SCHOOL_ARCH","School of Architecture & Planning","","","",""
"Standard Hierarchy","D_LINCOLN","D_LINCOLN","Lincoln Laboratory","D_ALL","All Departments","D_PROVOST_AREA","Provost Area","","","","","",""
"Standard Hierarchy","D_MUSEUM","D_MUSEUM","MIT Museum","D_ALL","All Departments","D_PROVOST_AREA","Provost Area","D_ARTS_PROVOST","Associate Provost for the Arts","","","",""
"Standard Hierarchy","D_LVA","D_LVA","List Visual Arts Center","D_ALL","All Departments","D_PROVOST_AREA","Provost Area","D_ARTS_PROVOST","Associate Provost for the Arts","","","",""
"Standard Hierarchy","D_ARTS","D_ARTS","Office of The Arts","D_ALL","All Departments","D_PROVOST_AREA","Provost Area","D_ARTS_PROVOST","Associate Provost for the Arts","","","",""
"Standard Hierarchy","D_ADM","D_ADM","Admissions","D_ALL","All Departments","D_PROVOST_AREA","Provost Area","D_DUE","Dean for Undergraduate Education","","","",""
"Standard Hierarchy","D_SSS","D_SSS","Student Support Services","D_ALL","All Departments","D_PROVOST_AREA","Provost Area","D_DUE","Dean for Undergraduate Education","","","",""
"Standard Hierarchy","D_TLL","D_TLL","Teaching and Learning Lab","D_ALL","All Departments","D_PROVOST_AREA","Provost Area","D_DUE","Dean for Undergraduate Education","","","",""
"Standard Hierarchy","D_SSIT","D_SSIT","Student Services Information Technology","D_ALL","All Departments","D_PROVOST_AREA","Provost Area","D_DUE","Dean for Undergraduate Education","","","",""
"Standard Hierarchy","D_CSPA","D_CSPA","Career Serv & Pre-Prof Advising","D_ALL","All Departments","D_PROVOST_AREA","Provost Area","D_DUE","Dean for Undergraduate Education","","","",""
"Standard Hierarchy","D_TERRASCOPE","D_TERRASCOPE","Terrascope","D_ALL","All Departments","D_PROVOST_AREA","Provost Area","D_DUE","Dean for Undergraduate Education","","","",""
"Standard Hierarchy","D_DUE:HQ","D_DUE:HQ","DUE HQ","D_ALL","All Departments","D_PROVOST_AREA","Provost Area","D_DUE","Dean for Undergraduate Education","","","",""
"Standard Hierarchy","D_OME","D_OME","Office of Minority Education","D_ALL","All Departments","D_PROVOST_AREA","Provost Area","D_DUE","Dean for Undergraduate Education","","","",""
"Standard Hierarchy","D_STU_SPECIAL","D_STU_SPECIAL","Special Programs in Student Systems","D_ALL","All Departments","D_PROVOST_AREA","Provost Area","D_DUE","Dean for Undergraduate Education","","","",""
"Standard Hierarchy","D_SFS","D_SFS","Student Financial Services","D_ALL","All Departments","D_PROVOST_AREA","Provost Area","D_DUE","Dean for Undergraduate Education","","","",""
"Standard Hierarchy","D_REG","D_REG","Registrar","D_ALL","All Departments","D_PROVOST_AREA","Provost Area","D_DUE","Dean for Undergraduate Education","","","",""
"Standard Hierarchy","D_ACAD","D_ACAD","Academic Services","D_ALL","All Departments","D_PROVOST_AREA","Provost Area","D_DUE","Dean for Undergraduate Education","","","",""
"Standard Hierarchy","D_REVENUES","D_REVENUES","Tuition Fees and Related Revenues","D_ALL","All Departments","D_PROVOST_AREA","Provost Area","D_DUE","Dean for Undergraduate Education","","","",""
"Standard Hierarchy","D_CONCOURSE","D_CONCOURSE","Concourse","D_ALL","All Departments","D_PROVOST_AREA","Provost Area","D_DUE","Dean for Undergraduate Education","","","",""
"Standard Hierarchy","D_OSA","D_OSA","Office of Study Abroad","D_ALL","All Departments","D_PROVOST_AREA","Provost Area","D_DUE","Dean for Undergraduate Education","","","",""
"Standard Hierarchy","D_OFS","D_OFS","Faculty & Curriculum Support","D_ALL","All Departments","D_PROVOST_AREA","Provost Area","D_DUE","Dean for Undergraduate Education","","","",""
"Standard Hierarchy","D_OEL","D_OEL","Office of Experiential Learning","D_ALL","All Departments","D_PROVOST_AREA","Provost Area","D_DUE","Dean for Undergraduate Education","","","",""
"Standard Hierarchy","D_UAAP","D_UAAP","Office of First Year Advising & Programs","D_ALL","All Departments","D_PROVOST_AREA","Provost Area","D_DUE","Dean for Undergraduate Education","","","",""
"Standard Hierarchy","D_ESG","D_ESG","Experimental Study Group","D_ALL","All Departments","D_PROVOST_AREA","Provost Area","D_DUE","Dean for Undergraduate Education","","","",""
"Standard Hierarchy","D_ROTC","D_ROTC","ROTC area","D_ALL","All Departments","D_PROVOST_AREA","Provost Area","D_DUE","Dean for Undergraduate Education","","","",""
"Standard Hierarchy","D_GEO","D_GEO","Global Education Office","D_ALL","All Departments","D_PROVOST_AREA","Provost Area","D_DUE","Dean for Undergraduate Education","","","",""
"Standard Hierarchy","D_CHANCELLOR","D_CHANCELLOR","Chancellor's Office","D_ALL","All Departments","D_PROVOST_AREA","Provost Area","D_CHANCEL_AREA","Chancellor's Area","","","",""
"Standard Hierarchy","D_SSWB","D_SSWB","Student Support and Well-being","D_ALL","All Departments","D_PROVOST_AREA","Provost Area","D_DSL","Dean for Student Life","","","",""
"Standard Hierarchy","D_CAC","D_CAC","Campus Activities Complex","D_ALL","All Departments","D_PROVOST_AREA","Provost Area","D_DSL","Dean for Student Life","","","",""
"Standard Hierarchy","D_DSL:HQ","D_DSL:HQ","Dean for Student Life - Headquarters","D_ALL","All Departments","D_PROVOST_AREA","Provost Area","D_DSL","Dean for Student Life","","","",""
"Standard Hierarchy","D_ATHLETICS","D_ATHLETICS","Dept of Athletics, Phys Ed, & Recreation","D_ALL","All Departments","D_PROVOST_AREA","Provost Area","D_DSL","Dean for Student Life","","","",""
"Standard Hierarchy","D_CHAPLAINS","D_CHAPLAINS","Chaplains","D_ALL","All Departments","D_PROVOST_AREA","Provost Area","D_DSL","Dean for Student Life","","","",""
"Standard Hierarchy","D_D&CI","D_D&CI","Diversity & Community Involvment","D_ALL","All Departments","D_PROVOST_AREA","Provost Area","D_DSL","Dean for Student Life","","","",""
"Standard Hierarchy","D_STUDDEV","D_STUDDEV","Student Development","D_ALL","All Departments","D_PROVOST_AREA","Provost Area","D_DSL","Dean for Student Life","","","",""
"Standard Hierarchy","D_ENTSRVCS","D_ENTSRVCS","Enterprise Services","D_ALL","All Departments","D_PROVOST_AREA","Provost Area","D_DSL","Dean for Student Life","","","",""
"Standard Hierarchy","D_STUDORG","D_STUDORG","Student Organizations","D_ALL","All Departments","D_PROVOST_AREA","Provost Area","D_DSL","Dean for Student Life","","","",""
"Standard Hierarchy","D_GRADJUNCTION","D_GRADJUNCTION","GRAD JUNCTION","D_ALL","All Departments","D_PROVOST_AREA","Provost Area","D_DSL","Dean for Student Life","","","",""
"Standard Hierarchy","D_DINING","D_DINING","Campus Dining","D_ALL","All Departments","D_PROVOST_AREA","Provost Area","D_DSL","Dean for Student Life","","","",""
"Standard Hierarchy","D_IRDF","D_IRDF","Independent Residence Development Fund","D_ALL","All Departments","D_PROVOST_AREA","Provost Area","D_DSL","Dean for Student Life","","","",""
"Standard Hierarchy","D_SLP","D_SLP","Student Life programs","D_ALL","All Departments","D_PROVOST_AREA","Provost Area","D_DSL","Dean for Student Life","","","",""
"Standard Hierarchy","D_SLMPLS","D_SLMPLS","Student Leadership, Multicultural Programs & LBGTQ","D_ALL","All Departments","D_PROVOST_AREA","Provost Area","D_DSL","Dean for Student Life","","","",""
"Standard Hierarchy","D_ENDICOTT","D_ENDICOTT","Endicott House","D_ALL","All Departments","D_PROVOST_AREA","Provost Area","D_DSL","Dean for Student Life","","","",""
"Standard Hierarchy","D_AVS","D_AVS","Audiovisual Services","D_ALL","All Departments","D_PROVOST_AREA","Provost Area","D_DSL","Dean for Student Life","","","",""
"Standard Hierarchy","D_RLP","D_RLP","Residential Life Programs","D_ALL","All Departments","D_PROVOST_AREA","Provost Area","D_DSL","Dean for Student Life","","","",""
"Standard Hierarchy","D_FSILG","D_FSILG","FSILG","D_ALL","All Departments","D_PROVOST_AREA","Provost Area","D_DSL","Dean for Student Life","","","",""
"Standard Hierarchy","D_SR_DEAN_STDNT","D_SR_DEAN_STDNT","Senior Associate Dean of Students","D_ALL","All Departments","D_PROVOST_AREA","Provost Area","D_DSL","Dean for Student Life","","","",""
"Standard Hierarchy","D_HOUSING","D_HOUSING","Housing and Residential Services","D_ALL","All Departments","D_PROVOST_AREA","Provost Area","D_DSL","Dean for Student Life","","","",""
"Standard Hierarchy","D_HOHP","D_HOHP","Head of House Programs","D_ALL","All Departments","D_PROVOST_AREA","Provost Area","D_DSL","Dean for Student Life","","","",""
"Standard Hierarchy","D_LEADDEV","D_LEADDEV","Leadership Development","D_ALL","All Departments","D_PROVOST_AREA","Provost Area","D_DSL","Dean for Student Life","","","",""
"Standard Hierarchy","D_RE","D_RE","Residential Education","D_ALL","All Departments","D_PROVOST_AREA","Provost Area","D_DSL","Dean for Student Life","","","",""
"Standard Hierarchy","D_CPSE","D_CPSE","Council on Primary and Secondary Education","D_ALL","All Departments","D_PROVOST_AREA","Provost Area","","","","","",""
"Standard Hierarchy","D_OVPC","D_OVPC","OFFICE OF VICE PRESIDENT FOR COMMUNICATIONS","D_ALL","All Departments","D_PRES_AREA","President's area","","","","","",""
"Standard Hierarchy","D_PRESIDENT","D_PRESIDENT","Office of President / Chair","D_ALL","All Departments","D_PRES_AREA","President's area","","","","","",""
"Standard Hierarchy","D_PRES_EMERITUS","D_PRES_EMERITUS","President Emeritus","D_ALL","All Departments","D_PRES_AREA","President's area","","","","","",""
"Standard Hierarchy","D_CORP_CHAIR","D_CORP_CHAIR","Office of the Corporate Chair","D_ALL","All Departments","D_PRES_AREA","President's area","","","","","",""
"Standard Hierarchy","D_COPYTECH","D_COPYTECH","Copy Technology Center","D_ALL","All Departments","D_PRES_AREA","President's area","","","","","",""
"Standard Hierarchy","D_CAA","D_CAA","Chancellor Academic Advancement","D_ALL","All Departments","D_PRES_AREA","President's area","","","","","",""
"Standard Hierarchy","D_VP_SEC_CORP","D_VP_SEC_CORP","VP and Secretary of the Corporation","D_ALL","All Departments","D_PRES_AREA","President's area","","","","","",""
"Standard Hierarchy","D_CREDITUNION","D_CREDITUNION","Credit Union","D_ALL","All Departments","D_OTHER_ORG","Outside organizations affiliated with MIT","","","","","",""
"Standard Hierarchy","D_DIBNER","D_DIBNER","Dibner Institute","D_ALL","All Departments","D_OTHER_ORG","Outside organizations affiliated with MIT","","","","","",""
"Standard Hierarchy","D_WHITEHEAD","D_WHITEHEAD","Whitehead Institute","D_ALL","All Departments","D_OTHER_ORG","Outside organizations affiliated with MIT","","","","","",""
"Standard Hierarchy","D_COFHE","D_COFHE","Consortium on Financing Higher Education","D_ALL","All Departments","D_OTHER_ORG","Outside organizations affiliated with MIT","","","","","",""
"Standard Hierarchy","D_MGHPCC","D_MGHPCC","Mass Green High Performance Computing","D_ALL","All Departments","D_OTHER_ORG","Outside organizations affiliated with MIT","","","","","",""
"Standard Hierarchy","D_FFHE","D_FFHE","Forum for the Future of Higher Education","D_ALL","All Departments","D_OTHER_ORG","Outside organizations affiliated with MIT","","","","","",""
"Standard Hierarchy","D_DRAPER","D_DRAPER","Draper Laboratories","D_ALL","All Departments","D_OTHER_ORG","Outside organizations affiliated with MIT","","","","","",""
"Standard Hierarchy","D_INST_RELATED","D_INST_RELATED","Institute Related","D_ALL","All Departments","D_INST_REL_AREA","Miscellaneous Institute Related","","","","","",""
"Standard Hierarchy","D_LONGTERM_DIS","D_LONGTERM_DIS","Long term disability","D_ALL","All Departments","D_INST_REL_AREA","Miscellaneous Institute Related","","","","","",""
"Standard Hierarchy","D_OTHER_PAYMENT","D_OTHER_PAYMENT","Payroll - other payments","D_ALL","All Departments","D_INST_REL_AREA","Miscellaneous Institute Related","","","","","",""
"Standard Hierarchy","D_DEFUNCT","D_DEFUNCT","Defunct units","D_ALL","All Departments","D_UNDEF_DEFUNCT","Undefined or defunct","","","","","",""
"Standard Hierarchy","D_OLE","D_OLE","Open Learning Enterprise","D_ALL","All Departments","D_UNDEF_DEFUNCT","Undefined or defunct","","","","","",""
"Standard Hierarchy","D_UNDEF","D_UNDEF","Undefined - no DLC","D_ALL","All Departments","D_UNDEF_DEFUNCT","Undefined or defunct","","","","","",""
"Standard Hierarchy","D_CROSS_REG","D_CROSS_REG","Institutions where students are cross-registered","D_ALL","All Departments","D_OUTSIDE_INST","Other institutions outside of MIT","","","","","",""
"Standard Hierarchy","D_CAVS","D_CAVS","Center for Advanced Visual Studies","D_ALL","All Departments","D_OBSOLETE","Obsolete DLC codes","","","","","",""
"Standard Hierarchy","D_DAPER","D_DAPER","Department of Athletics","D_ALL","All Departments","D_OBSOLETE","Obsolete DLC codes","","","","","",""
"Standard Hierarchy","D_PCLM","D_PCLM","Picower Institute for Learning and Memory","D_ALL","All Departments","D_OBSOLETE","Obsolete DLC codes","","","","","",""
