"TIP_SUBJECT_OFFERED_KEY","TIP_MATERIAL_KEY","TIP_MATERIAL_STATUS_KEY","TERM_CODE","SUBJECT_ID","ISBN","RECORD_COUNT","WAREHOUSE_LOAD_DATE"
"","002013SU","EO","2013SU","ESD.250","00",1,28-OCT-24
"","002017SP","RQ","2017SP","CANC.21L.007","00",1,28-OCT-24
"","9780143123934NW13","RQ","","21L.003","9780143123934",1,28-OCT-24
"","9780573799815JOHN","RQ","","21M.715","9780573799815",1,28-OCT-24
"","9780446603775DAWN87","RQ","","21L.504","9780446603775",1,28-OCT-24
"","9788492865406PAPI11","RQ","","21G.739","9788492865406",1,28-OCT-24
"","9788492865406PAPI11","RQ","","21L.639","9788492865406",1,28-OCT-24
"","9780765385253BINTI15","RQ","","21L.015","9780765385253",1,28-OCT-24
"","9781559365321SWEAT17","RQ","","21M.715","9781559365321",1,28-OCT-24
"","9780143105138AENEID06","RQ","","21L.001","9780143105138",1,28-OCT-24
"","9780307950178TAIPEI13","RQ","","STS.441","9780307950178",1,28-OCT-24
"","9780486452388SUMMER06","RQ","","21L.707","9780486452388",1,28-OCT-24
"","9780810130630NETHER15","RQ","","21M.715","9780810130630",1,28-OCT-24
"","9781451669411HAMLET12","RQ","","21M.600","9781451669411",1,28-OCT-24
"","8220032479274EBK IMPRO","EO","","15.321","8220032479274",1,28-OCT-24
"","9780140268867ODYSSEY96","RQ","","21L.001","9780140268867",1,28-OCT-24
"","9780312398989OTHELLO07","RQ","","21L.010","9780312398989",1,28-OCT-24
"","9780486266893CANDIDE91","RC","","15.490","9780486266893",1,28-OCT-24
"","9780553213393INFERNO82","RQ","","21L.001","9780553213393",1,28-OCT-24
"","9780553213393INFERNO82","RQ","","21L.021","9780553213393",1,28-OCT-24
"","9780553447453EVICTED16","RQ","","15.703","9780553447453",1,28-OCT-24
"","9780573695667ARCADIA93","RQ","","21L.486","9780573695667",1,28-OCT-24
"","9780787970932TEAMING12","RC","","15.321","9780787970932",1,28-OCT-24
"","9780802142443KITCHEN93","RQ","","21G.022","9780802142443",1,28-OCT-24
"","9780802142443KITCHEN93","RQ","","21L.048","9780802142443",1,28-OCT-24
"","9780802142443KITCHEN93","RQ","","WGS.141","9780802142443",1,28-OCT-24
"","9780811213998TRILOGY73","RQ","","21L.487","9780811213998",1,28-OCT-24
"","9781136610455EBK IMPRO","EO","","15.321","9781136610455",1,28-OCT-24
"","9781250083258SELLOUT15","RQ","","21L.003","9781250083258",1,28-OCT-24
"","9781555976903CITIZEN14","RQ","","21L.004","9781555976903",1,28-OCT-24
"","9781555976903CITIZEN14","RQ","","21L.325","9781555976903",1,28-OCT-24
"","9781555976903CITIZEN14","RQ","","21L.504","9781555976903",1,28-OCT-24
"","9781555976903CITIZEN14","RQ","","21W.771","9781555976903",1,28-OCT-24
"","8220100566509EBK IMPRO0","EO","","15.321","8220100566509",1,28-OCT-24
"","8220100566509EBK IMPRO1","EO","","15.321","8220100566509",1,28-OCT-24
"","8220100566509EBK IMPRO1","NL","","15.321","8220100566509",1,28-OCT-24
"","9780141441610LORD JIM07","RQ","","21L.709","9780141441610",1,28-OCT-24
"","9780393338416AUDITION10","RQ","","21G.065","9780393338416",1,28-OCT-24
"","9780573662447EURYDICE08","RQ","","21L.486","9780573662447",1,28-OCT-24
"","9780593314609PUSH2022FA","RC","2022FA","CANC.SPO","9780593314609",1,28-OCT-24
"","9780593314609PUSH2022SP","RC","2022SP","CANC.STORE","9780593314609",1,28-OCT-24
"","9780679721819MAMA DAY88","RQ","","21L.707","9780679721819",1,28-OCT-24
"","9780822235729RED SPEEDO","RQ","","21M.715","9780822235729",1,28-OCT-24
"","9781136610455EBK IMPRO0","EO","","15.321","9781136610455",1,28-OCT-24
"","9781136610455EBK IMPRO1","EO","","15.321","9781136610455",1,28-OCT-24
"","9781136610455EBK IMPRO1","NL","","15.321","9781136610455",1,28-OCT-24
"","9781250062932PRIMATES15","RC","","WGS.S10","9781250062932",1,28-OCT-24
"","9780140436648ADAM BEDE08","RQ","","21L.471","9780140436648",1,28-OCT-24
"","9780143106234CIVIL WAR12","RQ","","21H.336","9780143106234",1,28-OCT-24
"","9780143123705A YEAR UP13","CL","","EMBA.15.703","9780143123705",1,28-OCT-24
"","9780143123705A YEAR UP13","RQ","","15.703","9780143123705",1,28-OCT-24
"","9780143123705A YEAR UP13","RQ","","CANC.EMBA","9780143123705",1,28-OCT-24
"","9780143123705A YEAR UP13","RQ","","EMBA.15.703","9780143123705",1,28-OCT-24
"","9780394758282BIG SLEEP39","RQ","","21L.310","9780394758282",1,28-OCT-24
"","9780425170410LINDBERGH98","RQ","","16.707","9780425170410",1,28-OCT-24
"","9780425170410LINDBERGH98","RQ","","STS.467","9780425170410",1,28-OCT-24
"","9780446676977WILD SEED80","RQ","","21L.512","9780446676977",1,28-OCT-24
"","9780486129129EBK CANDIDE","EO","","15.490","9780486129129",1,28-OCT-24
"","9780486277868AWAKENING93","RQ","","21L.003","9780486277868",1,28-OCT-24
"","9780520276574MALIGNANT13","RQ","","21A.319","9780520276574",1,28-OCT-24
"","9780520276574MALIGNANT13","RQ","","STS.330","9780520276574",1,28-OCT-24
"","9780679723424PALE FIRE62","RQ","","21L.310","9780679723424",1,28-OCT-24
"","9780735212176EXIT WEST17","RQ","","15.269","9780735212176",1,28-OCT-24
"","9780735212206EXIT WEST18","RQ","","21L.355","9780735212206",1,28-OCT-24
"","9780743484954KING LEAR93","RQ","","21L.009","9780743484954",1,28-OCT-24
"","9781400076215JAZZ(REV)04","RQ","","21L.003","9781400076215",1,28-OCT-24
"","9780140434354FELIX HOLT95","RQ","","CANC.21L.705","9780140434354",1,28-OCT-24
"","9780226500447PRINCE2ND 98","RQ","","10.02","9780226500447",1,28-OCT-24
"","9780307455925AMERICANAH13","RQ","","21L.355","9780307455925",1,28-OCT-24
"","9780307740915HOME122021JA","RC","2021JA","CANC.SPO","9780307740915",1,28-OCT-24
"","9780385720793COPENHAGEN98","RQ","","8.225","9780385720793",1,28-OCT-24
"","9780385720793COPENHAGEN98","RQ","","15.269","9780385720793",1,28-OCT-24
"","9780385720793COPENHAGEN98","RQ","","STS.042","9780385720793",1,28-OCT-24
"","9780385721677ORYX+CRAKE03","RQ","","21L.512","9780385721677",1,28-OCT-24
"","9780446603775DAWN872021JA","RC","2021JA","CANC.SPO","9780446603775",1,28-OCT-24
"","9780452263499SULA732011FA","RQ","2011FA","CANC.PROFCHANGE","9780452263499",1,28-OCT-24
"","9780486129129EBK CANDIDE0","EO","","15.490","9780486129129",1,28-OCT-24
"","9780571125296REAL THING84","RQ","","21L.703","9780571125296",1,28-OCT-24
"","9780573627521COPENHAGEN02","RQ","","8.225","9780573627521",1,28-OCT-24
"","9780573627521COPENHAGEN02","RQ","","STS.042","9780573627521",1,28-OCT-24
"","9780801893117BOOK092012SP","RC","2012SP","21W.750","9780801893117",1,28-OCT-24
"","9780811222662EBK TRILOGY0","EO","","21L.487","9780811222662",1,28-OCT-24
"","9780811225502LAST SAMURAI","RQ","","21L.003","9780811225502",1,28-OCT-24
"","9780812967258LOST WORLD03","RQ","","21L.434","9780812967258",1,28-OCT-24
"","9780812973815BLACK SWAN10","RC","","15.490","9780812973815",1,28-OCT-24
"","9780816616923IN ONE ACT88","RQ","","21M.710","9780816616923",1,28-OCT-24
"","9781400033430SULA042019FA","CL","2019FA","CANC.21L.355","9781400033430",1,28-OCT-24
"","9781400033430SULA042021JA","RC","2021JA","CANC.SPO","9781400033430",1,28-OCT-24
"","9781401229696DAYTRIPPER11","RQ","","21L.512","9781401229696",1,28-OCT-24
"","9781422148068EBK X-TEAMS0","EO","","CANC.SPO","9781422148068",1,28-OCT-24
"","9781422148068EBK X-TEAMS0","EO","","CANC.TRADESPOE","9781422148068",1,28-OCT-24
"","9781559364102CH'INGLISH12","RQ","","21M.863","9781559364102",1,28-OCT-24
"","9781559364102CH'INGLISH12","RQ","","21M.865","9781559364102",1,28-OCT-24
"","9781940696201OLIO162021FA","RQ","2021FA","21L.325","9781940696201",1,28-OCT-24
"","8220100478086EBK HORIZONS6","EO","","CANC.HELLO","8220100478086",1,28-OCT-24
"","9780060934347DON QUIXOTE05","RQ","","21L.021","9780060934347",1,28-OCT-24
"","9780061159176KNOWN WORLD03","RQ","","21L.003","9780061159176",1,28-OCT-24
"","9780062046284ILIAD152017SP","RQ","2017SP","CANC.21L.001","9780062046284",1,28-OCT-24
"","9780062065254ROUND HOUSE12","RQ","","21L.709","9780062065254",1,28-OCT-24
"","9780062391209SPEAK152023SP","RC","2023SP","CANC.TRADE","9780062391209",1,28-OCT-24
"","9780133235746BIOLOGY2019FA","RC","2019FA","CANC.SPO","9780133235746",1,28-OCT-24
"","9780141439549MIDDLEMARCH94","RQ","","21L.705","9780141439549",1,28-OCT-24
"","9780141439549MIDDLEMARCH94","RQ","","CANC.21L.705","9780141439549",1,28-OCT-24
"","9780141441115TONO-BUNGAY06","RQ","","21L.485","9780141441115",1,28-OCT-24
"","9780199536863MAJOR WORKS84","RQ","","21L.704","9780199536863",1,28-OCT-24
"","9780199537334MAJOR WORKS86","RQ","","21L.704","9780199537334",1,28-OCT-24
"","9780262061414GAME THEORY91","RC","","14.122","9780262061414",1,28-OCT-24
"","9780307264237MERCY082013FA","RQ","2013FA","CANC.CHANGE","9780307264237",1,28-OCT-24
"","9780316113519SPARK082024SP","RQ","2024SP","CANC.CANC","9780316113519",1,28-OCT-24
"","9780321507433ECOLOGY6TH 09","RQ","","7.30B","9780321507433",1,28-OCT-24
"","9780321507433ECOLOGY6TH 09","RQ","","1.018B","9780321507433",1,28-OCT-24
"","9780321507433ECOLOGY6TH 09","RQ","","12.031B","9780321507433",1,28-OCT-24
"","9780374500016NIGHT062022FA","RQ","2022FA","21W.002","9780374500016",1,28-OCT-24
"","9780375507250CLOUD ATLAS04","RQ","","21L.709","9780375507250",1,28-OCT-24
"","9780375507250CLOUD ATLAS04","RQ","","21L.715","9780375507250",1,28-OCT-24
"","9780375702242IDIOT012021SP","RQ","2021SP","CANC.STORE","9780375702242",1,28-OCT-24
"","9780375702242IDIOT012021SP","RQ","2021SP","CANC.RETURNS","9780375702242",1,28-OCT-24
"","9780375702242IDIOT012021SU","RQ","2021SU","CANC.STORE","9780375702242",1,28-OCT-24
"","9780385352543ON THE MOVE15","RQ","","STS.043","9780385352543",1,28-OCT-24
"","9780385352543ON THE MOVE15","RQ","","STS.443","9780385352543",1,28-OCT-24
"","9780393339109EBK AUDITION0","EO","","21G.065","9780393339109",1,28-OCT-24
"","9780393345438CRAZY BRAVE12","RQ","","21W.742","9780393345438",1,28-OCT-24
"","9780486268712LYRIC POEMS91","RQ","","21L.325","9780486268712",1,28-OCT-24
"","9780486432281UNDECIDABLE04","CL","","CANC.BOUNCES","9780486432281",1,28-OCT-24
"","9780520250628ALIEN OCEAN09","RQ","","21A.303","9780520250628",1,28-OCT-24
"","9780520250628ALIEN OCEAN09","RQ","","21A.319","9780520250628",1,28-OCT-24
"","9780520250628ALIEN OCEAN09","RQ","","STS.060","9780520250628",1,28-OCT-24
"","9780520250628ALIEN OCEAN09","RQ","","STS.330","9780520250628",1,28-OCT-24
"","9780679729525AENEID(REV)83","RQ","","21L.001","9780679729525",1,28-OCT-24
"","9780691152639FAULT LINES10","RQ","","14.781","9780691152639",1,28-OCT-24
"","9780691152639FAULT LINES10","RQ","","15.678","9780691152639",1,28-OCT-24
"","9780691152639FAULT LINES10","RQ","","17.100","9780691152639",1,28-OCT-24
"","9780738201535CLOCK SPEED98","CL","","FELLOWS.15","9780738201535",1,28-OCT-24
"","9780738201535CLOCK SPEED98","CL","","FELLOWS.15.778","9780738201535",1,28-OCT-24
"","9780738201535CLOCK SPEED98","RQ","","15.778","9780738201535",1,28-OCT-24
"","9780804170932ON THE MOVE15","RQ","","STS.043","9780804170932",1,28-OCT-24
"","9780804170932ON THE MOVE15","RQ","","STS.443","9780804170932",1,28-OCT-24
"","9780816612871NOISE852011FA","RQ","2011FA","CMS.710","9780816612871",1,28-OCT-24
"","9780822204152FOOL F/LOVE84","RQ","","21M.604","9780822204152",1,28-OCT-24
"","9780871407184PEARL162017SP","RQ","2017SP","CANC.21L.001","9780871407184",1,28-OCT-24
"","9781250002365HAITI132017SP","RQ","2017SP","21A.114","9781250002365",1,28-OCT-24
"","9781250002365HAITI132017SP","RQ","2017SP","21M.630","9781250002365",1,28-OCT-24
"","9781285965970EBK HORIZONS6","EO","","CANC.HELLO","9781285965970",1,28-OCT-24
"","9781408133477TEMPESTREV 11","RQ","","21L.009","9781408133477",1,28-OCT-24
"","9781408133477TEMPESTREV 11","RQ","","21L.010","9781408133477",1,28-OCT-24
"","9781408133477TEMPESTREV 11","RQ","","21W.042","9781408133477",1,28-OCT-24
"","9781421414935GENERIC1ST 14","RQ","","21A.319","9781421414935",1,28-OCT-24
"","9781421414935GENERIC1ST 14","RQ","","STS.330","9781421414935",1,28-OCT-24
"","9781559364263EBK CHINGLISH","EO","","21M.863","9781559364263",1,28-OCT-24
"","9781559364263EBK CHINGLISH","EO","","21M.865","9781559364263",1,28-OCT-24
"","9781631492549PEARL172017SP","RQ","2017SP","CANC.21L.001","9781631492549",1,28-OCT-24
"","9781904271338HAMLET(REV)06","RQ","","21L.009","9781904271338",1,28-OCT-24
"","9781904271338HAMLET(REV)06","RQ","","21L.010","9781904271338",1,28-OCT-24
"","9781904271338HAMLET(REV)06","RQ","","21W.042","9781904271338",1,28-OCT-24
"","N/ACourse has no materials","NM","","1.27","N/A",1,28-OCT-24
"","N/ACourse has no materials","NM","","1.39","N/A",1,28-OCT-24
"","N/ACourse has no materials","NM","","1.66","N/A",1,28-OCT-24
"","N/ACourse has no materials","NM","","2.00","N/A",1,28-OCT-24
"","N/ACourse has no materials","NM","","5.45","N/A",1,28-OCT-24
"","N/ACourse has no materials","NM","","1.015","N/A",1,28-OCT-24
"","N/ACourse has no materials","NM","","1.022","N/A",1,28-OCT-24
"","N/ACourse has no materials","NM","","1.364","N/A",1,28-OCT-24
"","N/ACourse has no materials","NM","","1.482","N/A",1,28-OCT-24
"","N/ACourse has no materials","NM","","1.589","N/A",1,28-OCT-24
"","N/ACourse has no materials","NM","","1.597","N/A",1,28-OCT-24
"","N/ACourse has no materials","NM","","1.699","N/A",1,28-OCT-24
"","N/ACourse has no materials","NM","","1.968","N/A",1,28-OCT-24
"","N/ACourse has no materials","NM","","1.969","N/A",1,28-OCT-24
"","N/ACourse has no materials","NM","","1.982","N/A",1,28-OCT-24
"","N/ACourse has no materials","NM","","1.983","N/A",1,28-OCT-24
"","N/ACourse has no materials","NM","","1.URG","N/A",1,28-OCT-24
"","N/ACourse has no materials","NM","","10.03","N/A",1,28-OCT-24
"","N/ACourse has no materials","NM","","10.53","N/A",1,28-OCT-24
"","N/ACourse has no materials","NM","","2.017","N/A",1,28-OCT-24
"","N/ACourse has no materials","NM","","2.02B","N/A",1,28-OCT-24
"","N/ACourse has no materials","NM","","2.031","N/A",1,28-OCT-24
"","N/ACourse has no materials","NM","","2.051","N/A",1,28-OCT-24
"","N/ACourse has no materials","NM","","22.12","N/A",1,28-OCT-24
"","N/ACourse has no materials","NM","","22.13","N/A",1,28-OCT-24
"","N/ACourse has no materials","NM","","22.16","N/A",1,28-OCT-24
"","N/ACourse has no materials","NM","","3.982","N/A",1,28-OCT-24
"","N/ACourse has no materials","NM","","3.S01","N/A",1,28-OCT-24
"","N/ACourse has no materials","NM","","5.068","N/A",1,28-OCT-24
"","N/ACourse has no materials","NM","","5.561","N/A",1,28-OCT-24
"","N/ACourse has no materials","NM","","5.602","N/A",1,28-OCT-24
"","N/ACourse has no materials","NM","","5.612","N/A",1,28-OCT-24
"","N/ACourse has no materials","NM","","7.30B","N/A",1,28-OCT-24
"","N/ACourse has no materials","NM","","1.018B","N/A",1,28-OCT-24
"","N/ACourse has no materials","NM","","1.070B","N/A",1,28-OCT-24
"","N/ACourse has no materials","NM","","1.S982","N/A",1,28-OCT-24
"","N/ACourse has no materials","NM","","10.492","N/A",1,28-OCT-24
"","N/ACourse has no materials","NM","","14.416","N/A",1,28-OCT-24
"","N/ACourse has no materials","NM","","14.454","N/A",1,28-OCT-24
"","N/ACourse has no materials","NM","","15.024","N/A",1,28-OCT-24
"","N/ACourse has no materials","NM","","15.220","N/A",1,28-OCT-24
"","N/ACourse has no materials","NM","","15.223","N/A",1,28-OCT-24
"","N/ACourse has no materials","NM","","15.317","N/A",1,28-OCT-24
"","N/ACourse has no materials","NM","","15.318","N/A",1,28-OCT-24
"","N/ACourse has no materials","NM","","15.321","N/A",1,28-OCT-24
"","N/ACourse has no materials","NM","","15.325","N/A",1,28-OCT-24
"","N/ACourse has no materials","NM","","15.386","N/A",1,28-OCT-24
"","N/ACourse has no materials","NM","","15.418","N/A",1,28-OCT-24
"","N/ACourse has no materials","NM","","15.459","N/A",1,28-OCT-24
"","N/ACourse has no materials","NM","","15.516","N/A",1,28-OCT-24
"","N/ACourse has no materials","NM","","15.570","N/A",1,28-OCT-24
"","N/ACourse has no materials","NM","","15.809","N/A",1,28-OCT-24
"","N/ACourse has no materials","NM","","15.833","N/A",1,28-OCT-24
"","N/ACourse has no materials","NM","","15.904","N/A",1,28-OCT-24
"","N/ACourse has no materials","NM","","15.S06","N/A",1,28-OCT-24
"","N/ACourse has no materials","NM","","15.S07","N/A",1,28-OCT-24
"","N/ACourse has no materials","NM","","15.S09","N/A",1,28-OCT-24
"","N/ACourse has no materials","NM","","15.S12","N/A",1,28-OCT-24
"","N/ACourse has no materials","NM","","15.S51","N/A",1,28-OCT-24
"","N/ACourse has no materials","NM","","15.S72","N/A",1,28-OCT-24
"","N/ACourse has no materials","NM","","16.121","N/A",1,28-OCT-24
"","N/ACourse has no materials","NM","","18.031","N/A",1,28-OCT-24
"","N/ACourse has no materials","NM","","18.303","N/A",1,28-OCT-24
"","N/ACourse has no materials","NM","","6.431B","N/A",1,28-OCT-24
"","N/ACourse has no materials","NM","","10.492B","N/A",1,28-OCT-24
"","N/ACourse has no materials","NM","","21G.820","N/A",1,28-OCT-24
"","N/ACourse has no materials","NM","","21M.851","N/A",1,28-OCT-24
"","N/ACourse has no materials","NM","","CC.182A","N/A",1,28-OCT-24
"","N/ACourse has no materials","NM","","HST.962","N/A",1,28-OCT-24
"","N/ACourse has no materials","NM","","MAS.S72","N/A",1,28-OCT-24
"","N/ACourse has no materials","NM","","MAS.S75","N/A",1,28-OCT-24
"","N/ACourse has no materials","NM","","SCM.266","N/A",1,28-OCT-24
"","N/ACourse has no materials","NM","","SCM.S94","N/A",1,28-OCT-24
"","N/ACourse has no materials","NM","","FELLOWS.15.024","N/A",1,28-OCT-24
"","N/ACourse has no materials","NM","","FELLOWS.15.809","N/A",1,28-OCT-24
"","9780023150203WAR+POLITICS73","RQ","","17.468","9780023150203",1,28-OCT-24
"","9780140714630OTHELLO(REV)70","RQ","","21L.009","9780140714630",1,28-OCT-24
"","9780140714630OTHELLO(REV)70","RQ","","21L.010","9780140714630",1,28-OCT-24
"","9780140714630OTHELLO(REV)70","RQ","","21W.042","9780140714630",1,28-OCT-24
"","9780141441849GOOD SOLDIER08","RQ","","21L.485","9780141441849",1,28-OCT-24
"","9780143105039FRANKENSTEIN07","RQ","","21L.003","9780143105039",1,28-OCT-24
"","9780143105138AENEID062017SP","RQ","2017SP","CANC.21L.001","9780143105138",1,28-OCT-24
"","9780156030359MRS.DALLOWAY05","RQ","","21L.487","9780156030359",1,28-OCT-24
"","9780195103090DOM CASMURRO97","RQ","","21L.019","9780195103090",1,28-OCT-24
"","9780300123654CONVERSATION06","RQ","","STS.441","9780300123654",1,28-OCT-24
"","9780307388100EBK JAZZ2015SP","EO","2015SP","CANC.ISSUEO","9780307388100",1,28-OCT-24
"","9780312429331LOWBOY102022SP","RC","2022SP","CANC.STORE","9780312429331",1,28-OCT-24
"","9780316229296FIFTH SEASON15","RQ","","21L.434","9780316229296",1,28-OCT-24
"","9780374523503OMEROS902017SP","RQ","2017SP","CANC.21L.007","9780374523503",1,28-OCT-24
"","9780375724503GHOSTWRITTEN99","RQ","","21L.435","9780375724503",1,28-OCT-24
"","9780393313598BOND OF IRON94","RQ","","STS.026","9780393313598",1,28-OCT-24
"","9780393313598BOND OF IRON94","RQ","","STS.425","9780393313598",1,28-OCT-24
"","9780452264014FENCES862015FA","RQ","2015FA","CANC.WRONG","9780452264014",1,28-OCT-24
"","9780452265349PIANO LESSON90","RQ","","21L.486","9780452265349",1,28-OCT-24
"","9780486270623DOLL'S HOUSE92","RQ","","21L.487","9780486270623",1,28-OCT-24
"","9780486282114FRANKENSTEIN94","RQ","","15.268","9780486282114",1,28-OCT-24
"","9780486282114FRANKENSTEIN94","RQ","","21L.004","9780486282114",1,28-OCT-24
"","9780486282114FRANKENSTEIN94","RQ","","21L.345","9780486282114",1,28-OCT-24
"","9780486284729TIME MACHINE95","RQ","","21L.434","9780486284729",1,28-OCT-24
"","9780486287737DAISY MILLER95","RQ","","21L.018","9780486287737",1,28-OCT-24
"","9780486287737DAISY MILLER95","RQ","","21L.021","9780486287737",1,28-OCT-24
"","9780486287737DAISY MILLER95","RQ","","21L.345","9780486287737",1,28-OCT-24
"","9780486452388SUMMER062014FA","RQ","2014FA","CANC.21L.707","9780486452388",1,28-OCT-24
"","9780521613323READING OVID07","RQ","","21L.613","9780521613323",1,28-OCT-24
"","9780571117420TRANSLATIONS81","RQ","","21L.486","9780571117420",1,28-OCT-24
"","9780573700620BIG MEALLATEST","RQ","","21M.715","9780573700620",1,28-OCT-24
"","9780573704888MARJORIE PRIME","RQ","","21M.715","9780573704888",1,28-OCT-24
"","9780742555556VOICES CARRY09","RQ","","CANC.SPECIALOR","9780742555556",1,28-OCT-24
"","9780743273565GREAT GATSBY25","RQ","","21L.345","9780743273565",1,28-OCT-24
"","9780743273565GREAT GATSBY25","RQ","","CANC.INVENTORY","9780743273565",1,28-OCT-24
"","9780807083697KINDRED(REV)03","RQ","","21L.006","9780807083697",1,28-OCT-24
"","9780822341086SIGNAL+NOISE08","RQ","","CMS.951","9780822341086",1,28-OCT-24
"","9780935702118LASERS862024FA","RC","2024FA","6.6310","9780935702118",1,28-OCT-24
"","9781451669411HAMLET122018FA","RQ","2018FA","CANC.21M.600","9781451669411",1,28-OCT-24
"","9781559362108TEMPEST(REV)92","RQ","","21L.009","9781559362108",1,28-OCT-24
"","9781884511509PATCHWORK GIRL","RQ","","21L.350","9781884511509",1,28-OCT-24
"","9781935536505DIGEST142021FA","RC","2021FA","21L.325","9781935536505",1,28-OCT-24
"","9783257229530DER VORLESER95","RQ","","21G.412","9783257229530",1,28-OCT-24
"","9783257230475DIE PHYSIKER98","RQ","","21G.412","9783257230475",1,28-OCT-24
"","9780061957888EBK DON QUIXOTE","EO","","21L.021","9780061957888",1,28-OCT-24
"","9780062223067ART OF MEMOIR15","RQ","","STS.043","9780062223067",1,28-OCT-24
"","9780062223067ART OF MEMOIR15","RQ","","STS.443","9780062223067",1,28-OCT-24
"","9780133053036EBK C++ PRIMER5","EO","","6.SPO","9780133053036",1,28-OCT-24
"","9780140268867ODYSSEY962014FA","RQ","2014FA","CANC.WRONG","9780140268867",1,28-OCT-24
"","9780140268867ODYSSEY962016FA","PC","2016FA","CANC.WRONG","9780140268867",1,28-OCT-24
"","9780140268867ODYSSEY962017SP","RQ","2017SP","CANC.21L.001","9780140268867",1,28-OCT-24
"","9780140434545FOUR COMEDIES94","RQ","","21L.021","9780140434545",1,28-OCT-24
"","9780142437278PASSING032022SP","RC","2022SP","CANC.STORE","9780142437278",1,28-OCT-24
"","9780143131717SONNETS172021JA","RC","2021JA","CANC.SPO","9780143131717",1,28-OCT-24
"","9780192807069SIX TRAGEDIES10","RQ","","21L.703","9780192807069",1,28-OCT-24
"","9780231041676WOMEN AT WORK79","RC","","STS.425","9780231041676",1,28-OCT-24
"","9780300209389STATUS UPDATE13","RQ","","CMS.951","9780300209389",1,28-OCT-24
"","9780312452421BENITO CERENO08","RQ","","21L.000","9780312452421",1,28-OCT-24
"","9780312452421BENITO CERENO08","RQ","","21W.041","9780312452421",1,28-OCT-24
"","9780374533038BOMBER COUNTY12","RQ","","16.707","9780374533038",1,28-OCT-24
"","9780374533038BOMBER COUNTY12","RQ","","STS.467","9780374533038",1,28-OCT-24
"","9780393326420METAMORPHOSES04","RQ","","21L.001","9780393326420",1,28-OCT-24
"","9780393349320EXAMINED LIFE14","RQ","","STS.441","9780393349320",1,28-OCT-24
"","9780451527981INFERNO542011FA","RQ","2011FA","CANC.WRONGBK","9780451527981",1,28-OCT-24
"","9780471731740CAPITAL IDEAS05","RC","","15.415","9780471731740",1,28-OCT-24
"","9780486113302EBK LYRIC POEMS","EO","","21L.325","9780486113302",1,28-OCT-24
"","9780486278025MACBETH932014FA","RQ","2014FA","CANC.TEXTNET","9780486278025",1,28-OCT-24
"","9780486437965ANNA KARENINA04","RQ","","21L.471","9780486437965",1,28-OCT-24
"","9780486442877PARADISE LOST05","RQ","","21L.004","9780486442877",1,28-OCT-24
"","9780553213393INFERNO822017SP","RQ","2017SP","CANC.21L.001","9780553213393",1,28-OCT-24
"","9780553213393INFERNO822019FA","RQ","2019FA","CANC.21L.018","9780553213393",1,28-OCT-24
"","9780674037076ANIMAL ESTATE87","RQ","","21A.411","9780674037076",1,28-OCT-24
"","9780674037076ANIMAL ESTATE87","RQ","","21A.419","9780674037076",1,28-OCT-24
"","9780674037076ANIMAL ESTATE87","RQ","","21H.380","9780674037076",1,28-OCT-24
"","9780674037076ANIMAL ESTATE87","RQ","","21H.980","9780674037076",1,28-OCT-24
"","9780679433132DIVINE COMEDY95","RQ","","21L.001","9780679433132",1,28-OCT-24
"","9780679732761INVISIBLE MAN47","RQ","","21L.006","9780679732761",1,28-OCT-24
"","9780801869624WINGED GOSPEL01","RQ","","16.707","9780801869624",1,28-OCT-24
"","9780801869624WINGED GOSPEL01","RQ","","STS.467","9780801869624",1,28-OCT-24
"","9780802068538MEDIEVAL BOOK91","RQ","","21H.007","9780802068538",1,28-OCT-24
"","9780802068538MEDIEVAL BOOK91","RQ","","21L.014","9780802068538",1,28-OCT-24
"","9780802142443KITCHEN932012SP","RQ","2012SP","21F.023","9780802142443",1,28-OCT-24
"","9780809015498BIG SEA932014FA","RQ","2014FA","CANC.21L.709","9780809015498",1,28-OCT-24
"","9780811218665KING OF TREES10","RQ","","21G.046","9780811218665",1,28-OCT-24
"","9780811218665KING OF TREES10","RQ","","21G.192","9780811218665",1,28-OCT-24
"","9780822353942SOUL OF ANIME13","RC","","CMS.951","9780822353942",1,28-OCT-24
"","9780872200166GORGIAS872016SU","RQ","2016SU","HSSP.10525","9780872200166",1,28-OCT-24
"","9780872200166GORGIAS872016SU","RQ","2016SU","HSSP.10559","9780872200166",1,28-OCT-24
"","9781305641365WELL SAID4TH 17","RQ","","21G.232","9781305641365",1,28-OCT-24
"","9781400839803EBK FAULT LINES","EO","","14.781","9781400839803",1,28-OCT-24
"","9781400839803EBK FAULT LINES","EO","","15.678","9781400839803",1,28-OCT-24
"","9781400839803EBK FAULT LINES","EO","","17.100","9781400839803",1,28-OCT-24
"","9781423203100PHYSICS072021FA","RQ","2021FA","CANC.BAR","9781423203100",1,28-OCT-24
"","9781423203100PHYSICS072021JA","RC","2021JA","CANC.BAR","9781423203100",1,28-OCT-24
"","9781423203100PHYSICS072021SP","RC","2021SP","CANC.BARCHARTS","9781423203100",1,28-OCT-24
"","9781423203100PHYSICS072021SU","RC","2021SU","CANC.BAR","9781423203100",1,28-OCT-24
"","9781423203100PHYSICS072022FA","RC","2022FA","CANC.BAR","9781423203100",1,28-OCT-24
"","9781423203100PHYSICS072022SP","RC","2022SP","CANC.BAR","9781423203100",1,28-OCT-24
"","9781423203100PHYSICS072023FA","RC","2023FA","CANC.QUICKSTUD","9781423203100",1,28-OCT-24
"","9781423219538BIOLOGY122021FA","RQ","2021FA","CANC.BAR","9781423219538",1,28-OCT-24
"","9781423219538BIOLOGY122021JA","RC","2021JA","CANC.BAR","9781423219538",1,28-OCT-24
"","9781423219538BIOLOGY122021SP","RC","2021SP","CANC.BARCHARTS","9781423219538",1,28-OCT-24
"","9781423219538BIOLOGY122021SU","RC","2021SU","CANC.BAR","9781423219538",1,28-OCT-24
"","9781423219538BIOLOGY122022FA","RC","2022FA","CANC.BAR","9781423219538",1,28-OCT-24
"","9781423219538BIOLOGY122022SP","RC","2022SP","CANC.BAR","9781423219538",1,28-OCT-24
"","9781423219538BIOLOGY122023FA","RC","2023FA","CANC.QUICKSTUD","9781423219538",1,28-OCT-24
"","9781423219538BIOLOGY122023JA","RC","2023JA","CANC.BARCHARTS","9781423219538",1,28-OCT-24
"","9781423222781ANATOMY142021FA","RQ","2021FA","CANC.BAR","9781423222781",1,28-OCT-24
"","9781423222781ANATOMY142021JA","RC","2021JA","CANC.BAR","9781423222781",1,28-OCT-24
"","9781423222781ANATOMY142021SP","RC","2021SP","CANC.BARCHARTS","9781423222781",1,28-OCT-24
"","9781423222781ANATOMY142021SU","RC","2021SU","CANC.BAR","9781423222781",1,28-OCT-24
"","9781423222781ANATOMY142022FA","RC","2022FA","CANC.BAR","9781423222781",1,28-OCT-24
"","9781423222781ANATOMY142022SP","RC","2022SP","CANC.BAR","9781423222781",1,28-OCT-24
"","9781423222781ANATOMY142023FA","RC","2023FA","CANC.QUICKSTUD","9781423222781",1,28-OCT-24
"","9781423222781ANATOMY142023JA","RC","2023JA","CANC.BARCHARTS","9781423222781",1,28-OCT-24
"","9781423222781ANATOMY142023SP","RC","2023SP","CANC.BARCHART","9781423222781",1,28-OCT-24
"","9781423222781ANATOMY142023SU","RC","2023SU","CANC.CARRY","9781423222781",1,28-OCT-24
"","9781423222781ANATOMY142024FA","RC","2024FA","CANC.BARCHARTS","9781423222781",1,28-OCT-24
"","9781423222781ANATOMY142024SP","RC","2024SP","CANC.BARCHARTS","9781423222781",1,28-OCT-24
"","9781423222781ANATOMY142024SP","RQ","2024SP","CANC.CANC","9781423222781",1,28-OCT-24
"","9781423222781ANATOMY142024SU","RQ","2024SU","CANC.BARCHARTS","9781423222781",1,28-OCT-24
"","9781423222781ANATOMY142025FA","RC","2025FA","CANC.BARCHARTS","9781423222781",1,28-OCT-24
"","9781423233138FINANCE162021FA","RQ","2021FA","CANC.BAR","9781423233138",1,28-OCT-24
"","9781423233138FINANCE162021JA","RC","2021JA","CANC.BAR","9781423233138",1,28-OCT-24
"","9781423233138FINANCE162021SP","RC","2021SP","CANC.BARCHARTS","9781423233138",1,28-OCT-24
"","9781423233138FINANCE162021SU","RC","2021SU","CANC.BAR","9781423233138",1,28-OCT-24
"","9781423233138FINANCE162022FA","RC","2022FA","CANC.BAR","9781423233138",1,28-OCT-24
"","9781423233138FINANCE162022SP","RC","2022SP","CANC.BAR","9781423233138",1,28-OCT-24
"","9781423233138FINANCE162023FA","RC","2023FA","CANC.QUICKSTUD","9781423233138",1,28-OCT-24
"","9781423233138FINANCE162023JA","RC","2023JA","CANC.BARCHARTS","9781423233138",1,28-OCT-24
"","9781423233138FINANCE162023SP","RC","2023SP","CANC.BARCHART","9781423233138",1,28-OCT-24
"","9781423233138FINANCE162023SU","RC","2023SU","CANC.CARRY","9781423233138",1,28-OCT-24
"","9781423233138FINANCE162024FA","RC","2024FA","CANC.BARCHARTS","9781423233138",1,28-OCT-24
"","9781423233138FINANCE162024SP","RC","2024SP","CANC.BARCHARTS","9781423233138",1,28-OCT-24
"","9781423233138FINANCE162024SP","RQ","2024SP","CANC.CANC","9781423233138",1,28-OCT-24
"","9781423233138FINANCE162024SU","RQ","2024SU","CANC.BARCHARTS","9781423233138",1,28-OCT-24
"","9781423233138FINANCE162025FA","RC","2025FA","CANC.BARCHARTS","9781423233138",1,28-OCT-24
"","9781451169157EBK PHARMCARDS4","EO","","CANC.BOUNCES","9781451169157",1,28-OCT-24
"","9781555976903CITIZEN142021FA","RC","2021FA","21L.325","9781555976903",1,28-OCT-24
"","9781592407323MARBLES122024FA","RQ","2024FA","21W.744","9781592407323",1,28-OCT-24
"","9781603969369FE EN DISFRAZ09","RQ","","21G.739","9781603969369",1,28-OCT-24
"","9781603969369FE EN DISFRAZ09","RQ","","21L.639","9781603969369",1,28-OCT-24
"","9781612420134LONG TOMORROW11","RQ","","21L.310","9781612420134",1,28-OCT-24
"","9781621574095FUELING FREEDOM","RQ","","CANC.TRADESPO","9781621574095",1,28-OCT-24
"","9781903436356WINTER'S TALE10","RQ","","21L.010","9781903436356",1,28-OCT-24
"","9782360860067SITT MARIE ROSE","RQ","","21G.346","9782360860067",1,28-OCT-24
"","8220100494079EBK FAULT LINES0","EO","","14.781","8220100494079",1,28-OCT-24
"","8220100494079EBK FAULT LINES0","EO","","15.678","8220100494079",1,28-OCT-24
"","8220100494079EBK FAULT LINES0","EO","","17.100","8220100494079",1,28-OCT-24
"","9780061139376CORALINE022018FA","CL","2018FA","CANC.21L.015","9780061139376",1,28-OCT-24
"","9780140178210BLOODY CHAMBER79","RQ","","21L.430","9780140178210",1,28-OCT-24
"","9780140275360ILIAD (FAGLES)90","RQ","","21L.001","9780140275360",1,28-OCT-24
"","9780140434279DANIEL DERONDA67","RQ","","21L.702","9780140434279",1,28-OCT-24
"","9780140434279DANIEL DERONDA67","RQ","","21L.705","9780140434279",1,28-OCT-24
"","9780140434279DANIEL DERONDA67","RQ","","CANC.21L.705","9780140434279",1,28-OCT-24
"","9780140449440THERESE RAQUIN05","RQ","","21L.019","9780140449440",1,28-OCT-24
"","9780226086569TRAGIC SPIRITS13","RQ","","21A.01","9780226086569",1,28-OCT-24
"","9780226470498ILIAD OF HOMER11","RQ","","21L.001","9780226470498",1,28-OCT-24
"","9780321714114C++ PRIMER5TH 13","RQ","","6.SPO","9780321714114",1,28-OCT-24
"","9780385031141GOETHE'S FAUST61","RQ","","21M.013","9780385031141",1,28-OCT-24
"","9780451529220VILLETTE042014FA","RQ","2014FA","CANC.21L.707","9780451529220",1,28-OCT-24
"","9780486113302EBK LYRIC POEMS0","EO","","21L.325","9780486113302",1,28-OCT-24
"","9780486114262EBK SUMMER2014FA","EO","2014FA","CANC.21L.707","9780486114262",1,28-OCT-24
"","9780486266824CHERRY ORCHARD91","RQ","","21L.487","9780486266824",1,28-OCT-24
"","9780486277844SELECTED POEMS93","RQ","","21L.325","9780486277844",1,28-OCT-24
"","9780500291887MAYA9TH 152017FA","RQ","2017FA","CANC.3.983","9780500291887",1,28-OCT-24
"","9780500291887MAYA9TH 152022FA","RC","2022FA","CANC.SPO","9780500291887",1,28-OCT-24
"","9780679721819MAMA DAY882014FA","RQ","2014FA","CANC.21L.707","9780679721819",1,28-OCT-24
"","9780679722649MALTESE FALCON89","RQ","","21L.310","9780679722649",1,28-OCT-24
"","9780679732259AS I LAY DYING90","RQ","","21L.006","9780679732259",1,28-OCT-24
"","9780679732259AS I LAY DYING90","RQ","","21L.345","9780679732259",1,28-OCT-24
"","9780679744726FIRE NEXT TIME63","RQ","","21L.006","9780679744726",1,28-OCT-24
"","9780684824994MOVEABLE FEAST64","RQ","","CANC.HELLO","9780684824994",1,28-OCT-24
"","9780691128023MILITARY POWER04","RQ","","17.468","9780691128023",1,28-OCT-24
"","9780691145921ANIMAL SPIRITS09","RQ","","14.781","9780691145921",1,28-OCT-24
"","9780691145921ANIMAL SPIRITS09","RQ","","15.678","9780691145921",1,28-OCT-24
"","9780691145921ANIMAL SPIRITS09","RQ","","17.100","9780691145921",1,28-OCT-24
"","9780691227085OVERLOAD212024FA","RC","2024FA","CANC.EXECED","9780691227085",1,28-OCT-24
"","9780781787413PHARMCARDS4TH 10","CL","","CANC.BOUNCES","9780781787413",1,28-OCT-24
"","9780804169882PARADISE142021JA","RC","2021JA","CANC.SPO","9780804169882",1,28-OCT-24
"","9780804813792FIRES ON PLAIN57","RQ","","21G.065","9780804813792",1,28-OCT-24
"","9780822339205DOLLY MIXTURES07","RQ","","21A.411","9780822339205",1,28-OCT-24
"","9780822339205DOLLY MIXTURES07","RQ","","21A.419","9780822339205",1,28-OCT-24
"","9780822339205DOLLY MIXTURES07","RQ","","21H.380","9780822339205",1,28-OCT-24
"","9780822339205DOLLY MIXTURES07","RQ","","21H.980","9780822339205",1,28-OCT-24
"","9780824816513CHAOS+ALL THAT94","RQ","","21G.022","9780824816513",1,28-OCT-24
"","9780824816513CHAOS+ALL THAT94","RQ","","21L.048","9780824816513",1,28-OCT-24
"","9780824816513CHAOS+ALL THAT94","RQ","","WGS.141","9780824816513",1,28-OCT-24
"","9780871402103CANE2ND 112014FA","RQ","2014FA","CANC.21L.709","9780871402103",1,28-OCT-24
"","9780940322165LOLLY WILLOWES99","RQ","","21L.471","9780940322165",1,28-OCT-24
"","9780989910897ANALYTICS EDGE16","RQ","","EMBA.EMBA","9780989910897",1,28-OCT-24
"","9781400839803EBK FAULT LINES0","EO","","14.781","9781400839803",1,28-OCT-24
"","9781400839803EBK FAULT LINES0","EO","","15.678","9781400839803",1,28-OCT-24
"","9781400839803EBK FAULT LINES0","EO","","17.100","9781400839803",1,28-OCT-24
"","9781408106037TOP GIRLS(REV)08","RQ","","21L.486","9781408106037",1,28-OCT-24
"","9781420931273CHERRY ORCHARD08","RQ","","21L.021","9781420931273",1,28-OCT-24
"","9781429914536EBK LOWBOY2022SP","EO","2022SP","CANC.STORE","9781429914536",1,28-OCT-24
"","9781565841635PARADISE942017SP","RQ","2017SP","CANC.21L.007","9781565841635",1,28-OCT-24
"","9781565843431GOOD WAR842013FA","RQ","2013FA","CANC.CHANGE","9781565843431",1,28-OCT-24
"","9781573225311NATIVE SPEAKER95","RQ","","21L.003","9781573225311",1,28-OCT-24
"","9781594039058MOORE VS KRUGMAN","RQ","","CANC.TRADESPO","9781594039058",1,28-OCT-24
"","9781594632785GOOD LORD BIRD14","RQ","","21L.021","9781594632785",1,28-OCT-24
"","9781609949815HUMBLE INQUIRY13","RC","","15.321","9781609949815",1,28-OCT-24
"","8220019951274EBK BENITO CERENO","EO","","21L.000","8220019951274",1,28-OCT-24
"","8220019969286EBK INVESTMENTS10","EO","","15.415","8220019969286",1,28-OCT-24
"","8220019969286EBK INVESTMENTS10","EO","","EMBA.15.415","8220019969286",1,28-OCT-24
"","8220102744615EBK STYLE122021SP","EO","2021SP","CANC.SPO","8220102744615",1,28-OCT-24
"","8220103436977EBK OPTICS52022FA","EO","2022FA","CANC.VA","8220103436977",1,28-OCT-24
"","8220106638088EBK INVESTMENTS11","EO","","15.415","8220106638088",1,28-OCT-24
"","8220106638088EBK INVESTMENTS11","NL","","15.415","8220106638088",1,28-OCT-24
"","8220106740439EBK OPTICS52019SP","EO","2019SP","CANC.8.03","8220106740439",1,28-OCT-24
"","8220107591948EBK INVESTMENTS11","EO","","15.415","8220107591948",1,28-OCT-24
"","9780060850524BRAVE NEW WORLD46","RQ","","21L.451","9780060850524",1,28-OCT-24
"","9780077641986EBK INVESTMENTS10","EO","","15.415","9780077641986",1,28-OCT-24
"","9780077641986EBK INVESTMENTS10","EO","","EMBA.15.415","9780077641986",1,28-OCT-24
"","9780133979114EBK OPTICS52019SP","EO","2019SP","CANC.8.03","9780133979114",1,28-OCT-24
"","9780133979121EBK OPTICS52022FA","EO","2022FA","CANC.VA","9780133979121",1,28-OCT-24
"","9780134313856EBK STYLE122021SP","EO","2021SP","CANC.SPO","9780134313856",1,28-OCT-24
"","9780140455571STUNG WITH LOVE09","RQ","","21L.001","9780140455571",1,28-OCT-24
"","9780141441146JANE EYRE062016SP","RQ","2016SP","CANC.21L.003.2","9780141441146",1,28-OCT-24
"","9780143039174PETALS OF BLOOD02","RQ","","21L.435","9780143039174",1,28-OCT-24
"","9780143123705A YEAR UP132021SU","RC","2021SU","CANC.STORE","9780143123705",1,28-OCT-24
"","9780143123705A YEAR UP132023FA","RC","2023FA","CANC.EXECED","9780143123705",1,28-OCT-24
"","9780262025768CONTRACT THEORY05","RQ","","14.124","9780262025768",1,28-OCT-24
"","9780271028972RULING PASSIONS06","RC","","STS.425","9780271028972",1,28-OCT-24
"","9780307270443EBK A MERCY2012FA","EO","2012FA","21L.504","9780307270443",1,28-OCT-24
"","9780307270443EBK A MERCY2013FA","RQ","2013FA","CANC.CHANGE","9780307270443",1,28-OCT-24
"","9780345806567GIOVANNI'S ROOM13","RQ","","21L.435","9780345806567",1,28-OCT-24
"","9780446603782ADULTHOOD RITES88","RQ","","21L.504","9780446603782",1,28-OCT-24
"","9780446698207NO ASSHOLE RULE07","RQ","","15.700","9780446698207",1,28-OCT-24
"","9780486111582EBK DAISY MILLER0","EO","","21L.018","9780486111582",1,28-OCT-24
"","9780486111582EBK DAISY MILLER0","EO","","21L.021","9780486111582",1,28-OCT-24
"","9780486111582EBK DAISY MILLER0","EO","","21L.345","9780486111582",1,28-OCT-24
"","9780486113036EBK MACBETH2014FA","EO","2014FA","CANC.TEXTNET","9780486113036",1,28-OCT-24
"","9780486275598TREASURE ISLAND93","RQ","","21L.015","9780486275598",1,28-OCT-24
"","9780486284736PRIDE+PREJUDICE95","RQ","","21L.018","9780486284736",1,28-OCT-24
"","9780486284736PRIDE+PREJUDICE95","RQ","","21L.021","9780486284736",1,28-OCT-24
"","9780486424491JANE EYRE022015SP","RQ","2015SP","CANC.WRONG","9780486424491",1,28-OCT-24
"","9780486784755EBK FRANKENSTEIN0","EO","","15.268","9780486784755",1,28-OCT-24
"","9780486784755EBK FRANKENSTEIN0","EO","","21L.004","9780486784755",1,28-OCT-24
"","9780486784755EBK FRANKENSTEIN0","EO","","21L.345","9780486784755",1,28-OCT-24
"","9780486784755EBK FRANKENSTEIN0","NL","","15.268","9780486784755",1,28-OCT-24
"","9780486784755EBK FRANKENSTEIN0","NL","","21L.345","9780486784755",1,28-OCT-24
"","9780525509585SUM OF US212024FA","RC","2024FA","WGS.310","9780525509585",1,28-OCT-24
"","9780571288977EBK TRANSLATIONS0","EO","","21L.486","9780571288977",1,28-OCT-24
"","9780674284289ETHICAL PROJECT11","RQ","","11.S942","9780674284289",1,28-OCT-24
"","9780691043913ACCENTED CINEMA01","RQ","","CANC.SPO","9780691043913",1,28-OCT-24
"","9780691070186ENDLESS NOVELTY97","CL","","STS.026","9780691070186",1,28-OCT-24
"","9780691070186ENDLESS NOVELTY97","CL","","STS.425","9780691070186",1,28-OCT-24
"","9780735212176EXIT WEST172019FA","CL","2019FA","CANC.21L.355","9780735212176",1,28-OCT-24
"","9780735212206EXIT WEST182022SP","RC","2022SP","CANC.STORE","9780735212206",1,28-OCT-24
"","9780735212206EXIT WEST182024FA","RQ","2024FA","21L.020","9780735212206",1,28-OCT-24
"","9780735212206EXIT WEST182024FA","RQ","2024FA","WGS.145","9780735212206",1,28-OCT-24
"","9780743484954KING LEAR932015SP","RQ","2015SP","CANC.21L.009","9780743484954",1,28-OCT-24
"","9780756410780BOOK OF PHOENIX15","RQ","","21L.434","9780756410780",1,28-OCT-24
"","9780801476907JUST CITY102015FA","RQ","2015FA","CANC.SPO","9780801476907",1,28-OCT-24
"","9780802716743GHOSTS OF SPAIN07","RQ","","21G.740","9780802716743",1,28-OCT-24
"","9780802716743GHOSTS OF SPAIN07","RQ","","21L.640","9780802716743",1,28-OCT-24
"","9780812972979PETER PAN042016FA","CL","2016FA","CANC.WRONGTEXT","9780812972979",1,28-OCT-24
"","9780812993011CREATIVITY,INC.14","RQ","","15.716","9780812993011",1,28-OCT-24
"","9780812993011CREATIVITY,INC.14","RQ","","15.S53","9780812993011",1,28-OCT-24
"","9780812993011CREATIVITY,INC.14","RQ","","CANC.EMBA","9780812993011",1,28-OCT-24
"","9780812993011CREATIVITY,INC.14","RQ","","EMBA.15.716","9780812993011",1,28-OCT-24
"","9780824826536SIGNIFICANT OTHER","RQ","","CANC.SPECIALOR","9780824826536",1,28-OCT-24
"","9781250062345GODS OF OLYMPUS15","RQ","","21L.001","9781250062345",1,28-OCT-24
"","9781259357480EBK INVESTMENTS11","EO","","15.415","9781259357480",1,28-OCT-24
"","9781304327529EBK EVELINA2014FA","NL","2014FA","CANC.21L.707","9781304327529",1,28-OCT-24
"","9781316223833EBK READING OVID1","EO","","21L.613","9781316223833",1,28-OCT-24
"","9781316223833EBK READING OVID1","NL","","21L.613","9781316223833",1,28-OCT-24
"","9781400076215JAZZ(REV)042015SP","RQ","2015SP","CANC.ISSUEO","9781400076215",1,28-OCT-24
"","9781400076215JAZZ(REV)042021JA","RC","2021JA","CANC.SPO","9781400076215",1,28-OCT-24
"","9781416578796ANIMAL'S PEOPLE09","RQ","","21L.007","9781416578796",1,28-OCT-24
"","9781422134818INNOVATOR'S DNA11","RQ","","CANC.EXECED","9781422134818",1,28-OCT-24
"","9781422148068EBK X-TEAMS2022SP","EO","2022SP","CANC.EXEC","9781422148068",1,28-OCT-24
"","9781422148068EBK X-TEAMS2023FA","EO","2023FA","CANC.EXECED","9781422148068",1,28-OCT-24
"","9781423218593CHEMISTRY122021FA","RQ","2021FA","CANC.BAR","9781423218593",1,28-OCT-24
"","9781423218593CHEMISTRY122023FA","RC","2023FA","CANC.QUICKSTUD","9781423218593",1,28-OCT-24
"","9781423218593CHEMISTRY122023JA","RC","2023JA","CANC.BARCHARTS","9781423218593",1,28-OCT-24
"","9781423218593CHEMISTRY122023SP","RC","2023SP","CANC.BARCHART","9781423218593",1,28-OCT-24
"","9781423218593CHEMISTRY122023SU","RC","2023SU","CANC.CARRY","9781423218593",1,28-OCT-24
"","9781423218593CHEMISTRY122024FA","RC","2024FA","CANC.BARCHARTS","9781423218593",1,28-OCT-24
"","9781423218593CHEMISTRY122024SP","RC","2024SP","CANC.BARCHARTS","9781423218593",1,28-OCT-24
"","9781423218593CHEMISTRY122024SP","RQ","2024SP","CANC.CANC","9781423218593",1,28-OCT-24
"","9781423218593CHEMISTRY122024SU","RQ","2024SU","CANC.BARCHARTS","9781423218593",1,28-OCT-24
"","9781423218593CHEMISTRY122025FA","RC","2025FA","CANC.BARCHARTS","9781423218593",1,28-OCT-24
"","9781423233770EBK FINANCE2022SP","EO","2022SP","CANC.BAR","9781423233770",1,28-OCT-24
"","9781423233770EBK FINANCE2023FA","EO","2023FA","CANC.QUICKSTUD","9781423233770",1,28-OCT-24
"","9781423233770EBK FINANCE2023JA","EO","2023JA","CANC.BARCHARTS","9781423233770",1,28-OCT-24
"","9781423233770EBK FINANCE2023SP","EO","2023SP","CANC.BARCHART","9781423233770",1,28-OCT-24
"","9781423233770EBK FINANCE2023SU","EO","2023SU","CANC.CARRY","9781423233770",1,28-OCT-24
"","9781423233770EBK FINANCE2024FA","EO","2024FA","CANC.BARCHARTS","9781423233770",1,28-OCT-24
"","9781474273886EBK HAMLET12017FA","EO","2017FA","CANC.SUBSTITUT","9781474273886",1,28-OCT-24
"","9781496317001EBK NEUROSCIENCE4","EO","","4.606","9781496317001",1,28-OCT-24
"","9781501700293DICTATOR'S ARMY15","RQ","","17.584","9781501700293",1,28-OCT-24
"","9781538751480WILD SEED802024FA","RQ","2024FA","21L.032J","9781538751480",1,28-OCT-24
"","9781555973483EBK CITIZEN2021FA","EO","2021FA","21L.325","9781555973483",1,28-OCT-24
"","9781559364164HALLWAY TRILOGY13","RQ","","21M.715","9781559364164",1,28-OCT-24
"","9781572228269BIOLOGY 2042021FA","RQ","2021FA","CANC.BAR","9781572228269",1,28-OCT-24
"","9781572228269BIOLOGY 2042021JA","RC","2021JA","CANC.BAR","9781572228269",1,28-OCT-24
"","9781572228269BIOLOGY 2042021SP","RC","2021SP","CANC.BARCHARTS","9781572228269",1,28-OCT-24
"","9781572228269BIOLOGY 2042021SU","RC","2021SU","CANC.BAR","9781572228269",1,28-OCT-24
"","9781572228269BIOLOGY 2042022FA","RC","2022FA","CANC.BAR","9781572228269",1,28-OCT-24
"","9781572228269BIOLOGY 2042022SP","RC","2022SP","CANC.BAR","9781572228269",1,28-OCT-24
"","9781572228269BIOLOGY 2042023FA","RC","2023FA","CANC.QUICKSTUD","9781572228269",1,28-OCT-24
"","9781572228269BIOLOGY 2042023JA","RC","2023JA","CANC.BARCHARTS","9781572228269",1,28-OCT-24
"","9781572228269BIOLOGY 2042023SU","RC","2023SU","CANC.CARRY","9781572228269",1,28-OCT-24
"","9781572228269BIOLOGY 2042024FA","RC","2024FA","CANC.BARCHARTS","9781572228269",1,28-OCT-24
"","9781572228269BIOLOGY 2042024SP","RC","2024SP","CANC.BARCHARTS","9781572228269",1,28-OCT-24
"","9781572228269BIOLOGY 2042024SP","RQ","2024SP","CANC.CANC","9781572228269",1,28-OCT-24
"","9781572228269BIOLOGY 2042024SU","RQ","2024SU","CANC.BARCHARTS","9781572228269",1,28-OCT-24
"","9781572228269BIOLOGY 2042025FA","RC","2025FA","CANC.BARCHARTS","9781572228269",1,28-OCT-24
"","9781617751974GAMEWORLD142018FA","CL","2018FA","CANC.21L.015","9781617751974",1,28-OCT-24
"","9783655021705EBK MACBETH2014FA","EO","2014FA","CANC.CHANGE","9783655021705",1,28-OCT-24
"","8220100802416EBK ALGEBRA22023FA","EO","2023FA","CANC.CUST","8220100802416",1,28-OCT-24
"","9780060913076CRYING OF LOT 4966","RQ","","21L.017","9780060913076",1,28-OCT-24
"","9780060913076CRYING OF LOT 4966","RQ","","21L.703","9780060913076",1,28-OCT-24
"","9780061244186ODYSSEY OF HOMER67","RQ","","21L.001","9780061244186",1,28-OCT-24
"","9780063293137CONFLICT20232024FA","RC","2024FA","CANC.EVENTS","9780063293137",1,28-OCT-24
"","9780063293137CONFLICT20232024JA","RC","2024JA","CANC.EVENTS","9780063293137",1,28-OCT-24
"","9780071741415HIGH VELOCITY EDGE","CL","","CANC.SPO","9780071741415",1,28-OCT-24
"","9780133977226OPTICS5TH 172019SP","RC","2019SP","CANC.8.03","9780133977226",1,28-OCT-24
"","9780133977226OPTICS5TH 172022FA","RC","2022FA","CANC.VA","9780133977226",1,28-OCT-24
"","9780140390186LOOKING BACKWARD82","RQ","","21L.434","9780140390186",1,28-OCT-24
"","9780156711425PASSAGE TO INDIA24","RQ","","21L.485","9780156711425",1,28-OCT-24
"","9780195177565NAT TURNER032015SP","RQ","2015SP","CANC.WRONG","9780195177565",1,28-OCT-24
"","9780198280149ART+AGENCY982012FA","RQ","2012FA","CANC.CHANGE","9780198280149",1,28-OCT-24
"","9780199536108TITUS ANDRONICUS08","RQ","","21L.703","9780199536108",1,28-OCT-24
"","9780199536740ROXANA (9536740)96","RQ","","21L.003","9780199536740",1,28-OCT-24
"","9780226311470AESCHYLUS II3RD 13","RQ","","21L.001","9780226311470",1,28-OCT-24
"","9780226450636LORDS OF THE FLY94","RC","","CANC.FURTHERRE","9780226450636",1,28-OCT-24
"","9780231135115BOMB SCARE072016FA","CL","2016FA","CANC.WRONGTEXT","9780231135115",1,28-OCT-24
"","9780253200365GOLDEN ASS602013SP","RQ","2013SP","CANC.CHANGE","9780253200365",1,28-OCT-24
"","9780262018029MACHINE LEARNING12","RC","","1.074","9780262018029",1,28-OCT-24
"","9780262018067RECORDING GENDER12","RQ","","WGS.S10","9780262018067",1,28-OCT-24
"","9780307455925AMERICANAH132017FA","CL","2017FA","CANC.CHANGED","9780307455925",1,28-OCT-24
"","9780307455925AMERICANAH132019FA","CL","2019FA","CANC.21L.355","9780307455925",1,28-OCT-24
"","978030747660913 BANKERS112013FA","RQ","2013FA","CANC.BPWEB","9780307476609",1,28-OCT-24
"","978030747660913 BANKERS112025FA","RC","2025FA","CANC.CATCHALL","9780307476609",1,28-OCT-24
"","9780312426439ECHO MAKER062022SP","RC","2022SP","CANC.STORE","9780312426439",1,28-OCT-24
"","9780316533539KILL CHAIN202022SP","RC","2022SP","CANC.CUSTOMER","9780316533539",1,28-OCT-24
"","9780321998033EBK ALGEBRA22023FA","EO","2023FA","CANC.CUST","9780321998033",1,28-OCT-24
"","9780374530075BURIAL AT THEBES04","RQ","","15.268","9780374530075",1,28-OCT-24
"","9780374530075BURIAL AT THEBES04","RQ","","15.317","9780374530075",1,28-OCT-24
"","9780387952895RARE EARTH002014SP","RC","2014SP","CANC.12.443","9780387952895",1,28-OCT-24
"","9780393099362VIBRATIONS+WAVES71","RQ","","CANC.SPO","9780393099362",1,28-OCT-24
"","9780393321784MAKING OF A POEM00","RQ","","21L.004","9780393321784",1,28-OCT-24
"","9780393326475OUT OF GAS042013FA","RQ","2013FA","CANC.CHANGE","9780393326475",1,28-OCT-24
"","9780393974997WASTE LAND012015SP","RQ","2015SP","CANC.21L.002","9780393974997",1,28-OCT-24
"","9780471246572PUZZLES OF FINANCE","RQ","","CANC.INVENTORY","9780471246572",1,28-OCT-24
"","9780486110523EBK THE AWAKENING0","EO","","21L.003","9780486110523",1,28-OCT-24
"","9780486113241EBK PARADISE LOST0","EO","","21L.004","9780486113241",1,28-OCT-24
"","9780486113241EBK PARADISE LOST0","NL","","21L.004","9780486113241",1,28-OCT-24
"","9780486247793OZMA OF OZ852017SP","RQ","2017SP","CANC.21L.003","9780486247793",1,28-OCT-24
"","9780486415871CRIME+PUNISHMENT01","RQ","","21L.471","9780486415871",1,28-OCT-24
"","97804864472163 BY SHAKESPEARE06","RQ","","21L.018","9780486447216",1,28-OCT-24
"","9780520270831GOD'S LABORATORY12","RQ","","21A.319","9780520270831",1,28-OCT-24
"","9780520270831GOD'S LABORATORY12","RQ","","STS.330","9780520270831",1,28-OCT-24
"","9780547347004EBK FUN HOME2015SP","EO","2015SP","21L.000","9780547347004",1,28-OCT-24
"","9780547347004EBK FUN HOME2015SP","EO","2015SP","21W.041","9780547347004",1,28-OCT-24
"","9780547347004EBK FUN HOME2015SP","EO","2015SP","CANC.21L.000","9780547347004",1,28-OCT-24
"","9780553210415AENEID OF VIRGIL81","RQ","","21L.001","9780553210415",1,28-OCT-24
"","9780571225835RATTLE BAG822011FA","RQ","2011FA","CANC.WRONGBK","9780571225835",1,28-OCT-24
"","9780674576254MIND HAS NO SEX?89","RC","","WGS.S10","9780674576254",1,28-OCT-24
"","9780679732181ABSALOM,ABSALOM!86","RQ","","21L.435","9780679732181",1,28-OCT-24
"","9780691136684SHAPING STRATEGY08","RQ","","17.584","9780691136684",1,28-OCT-24
"","9780691200033EBK OVERLOAD2021SU","EO","2021SU","CANC.EXECED","9780691200033",1,28-OCT-24
"","9780691200033EBK OVERLOAD2022FA","NS","2022FA","CANC.SPO","9780691200033",1,28-OCT-24
"","9780743234917PERELANDRA032021JA","RC","2021JA","CANC.SPO","9780743234917",1,28-OCT-24
"","9780743234917PERELANDRA032024FA","RQ","2024FA","CANC.CARRY","9780743234917",1,28-OCT-24
"","9780765389312WASTE TIDE192020SP","RC","2020SP","21A.21A.312","9780765389312",1,28-OCT-24
"","9780801873300IDEAS INTO WORDS03","RQ","","21W.035","9780801873300",1,28-OCT-24
"","9780802130761HAPPY DAYS612016SP","RQ","2016SP","CANC.WRONGTEXT","9780802130761",1,28-OCT-24
"","9780809015481DARK CHILD542011FA","RQ","2011FA","CANC.MISSADOPT","9780809015481",1,28-OCT-24
"","9780872200944PROTAGORAS922017SU","RQ","2017SU","CANC.SPO","9780872200944",1,28-OCT-24
"","9781101143483EBK VILLETTE2014FA","EO","2014FA","CANC.21L.707","9781101143483",1,28-OCT-24
"","9781259277177INVESTMENTS11TH 18","RC","","15.415","9781259277177",1,28-OCT-24
"","9781401210984INCOGNEGRO092011FA","RQ","2011FA","CANC.PROFCHANGE","9781401210984",1,28-OCT-24
"","9781419715181GHETTO KLOWN1ST 15","RQ","","21L.021","9781419715181",1,28-OCT-24
"","9781423233039CALCULUS 2162021FA","RQ","2021FA","CANC.BAR","9781423233039",1,28-OCT-24
"","9781423233039CALCULUS 2162021JA","RC","2021JA","CANC.BAR","9781423233039",1,28-OCT-24
"","9781423233039CALCULUS 2162021SP","RC","2021SP","CANC.BARCHARTS","9781423233039",1,28-OCT-24
"","9781423233039CALCULUS 2162021SU","RC","2021SU","CANC.BAR","9781423233039",1,28-OCT-24
"","9781423233039CALCULUS 2162022FA","RC","2022FA","CANC.BAR","9781423233039",1,28-OCT-24
"","9781423233039CALCULUS 2162022SP","RC","2022SP","CANC.BAR","9781423233039",1,28-OCT-24
"","9781423233039CALCULUS 2162023FA","RC","2023FA","CANC.QUICKSTUD","9781423233039",1,28-OCT-24
"","9781423233039CALCULUS 2162023JA","RC","2023JA","CANC.BARCHARTS","9781423233039",1,28-OCT-24
"","9781423233039CALCULUS 2162023SP","RC","2023SP","CANC.BARCHART","9781423233039",1,28-OCT-24
"","9781423233039CALCULUS 2162023SU","RC","2023SU","CANC.CARRY","9781423233039",1,28-OCT-24
"","9781423233039CALCULUS 2162024FA","RC","2024FA","CANC.BARCHARTS","9781423233039",1,28-OCT-24
"","9781423233039CALCULUS 2162024SP","RC","2024SP","CANC.BARCHARTS","9781423233039",1,28-OCT-24
"","9781423233039CALCULUS 2162024SP","RQ","2024SP","CANC.CANC","9781423233039",1,28-OCT-24
"","9781423233039CALCULUS 2162024SU","RQ","2024SU","CANC.BARCHARTS","9781423233039",1,28-OCT-24
"","9781423233039CALCULUS 2162025FA","RC","2025FA","CANC.BARCHARTS","9781423233039",1,28-OCT-24
"","9781440621826EBK CEREMONY2012FA","EO","2012FA","21L.504","9781440621826",1,28-OCT-24
"","9781572227965CALCULUS 1022021FA","RQ","2021FA","CANC.BAR","9781572227965",1,28-OCT-24
"","9781572227965CALCULUS 1022021JA","RC","2021JA","CANC.BAR","9781572227965",1,28-OCT-24
"","9781572227965CALCULUS 1022021SP","RC","2021SP","CANC.BARCHARTS","9781572227965",1,28-OCT-24
"","9781572227965CALCULUS 1022021SU","RC","2021SU","CANC.BAR","9781572227965",1,28-OCT-24
"","9781572227965CALCULUS 1022022FA","RC","2022FA","CANC.BAR","9781572227965",1,28-OCT-24
"","9781572227965CALCULUS 1022022SP","RC","2022SP","CANC.BAR","9781572227965",1,28-OCT-24
"","9781572227965CALCULUS 1022023FA","RC","2023FA","CANC.QUICKSTUD","9781572227965",1,28-OCT-24
"","9781572227965CALCULUS 1022023JA","RC","2023JA","CANC.BARCHARTS","9781572227965",1,28-OCT-24
"","9781572227965CALCULUS 1022023SP","RC","2023SP","CANC.BARCHART","9781572227965",1,28-OCT-24
"","9781572227965CALCULUS 1022023SU","RC","2023SU","CANC.CARRY","9781572227965",1,28-OCT-24
"","9781572227965CALCULUS 1022024FA","RC","2024FA","CANC.BARCHARTS","9781572227965",1,28-OCT-24
"","9781572227965CALCULUS 1022024SP","RC","2024SP","CANC.BARCHARTS","9781572227965",1,28-OCT-24
"","9781572227965CALCULUS 1022024SP","RQ","2024SP","CANC.CANC","9781572227965",1,28-OCT-24
"","9781572227965CALCULUS 1022024SU","RQ","2024SU","CANC.BARCHARTS","9781572227965",1,28-OCT-24
"","9781572227965CALCULUS 1022025FA","RC","2025FA","CANC.BARCHARTS","9781572227965",1,28-OCT-24
"","9781572229440STATISTICS052021FA","RQ","2021FA","CANC.BAR","9781572229440",1,28-OCT-24
"","9781572229440STATISTICS052021JA","RC","2021JA","CANC.BAR","9781572229440",1,28-OCT-24
"","9781572229440STATISTICS052021SP","RC","2021SP","CANC.BARCHARTS","9781572229440",1,28-OCT-24
"","9781572229440STATISTICS052021SU","RC","2021SU","CANC.BAR","9781572229440",1,28-OCT-24
"","9781572229440STATISTICS052022FA","RC","2022FA","CANC.BAR","9781572229440",1,28-OCT-24
"","9781572229440STATISTICS052022SP","RC","2022SP","CANC.BAR","9781572229440",1,28-OCT-24
"","9781572229440STATISTICS052023FA","RC","2023FA","CANC.QUICKSTUD","9781572229440",1,28-OCT-24
"","9781572229440STATISTICS052023JA","RC","2023JA","CANC.BARCHARTS","9781572229440",1,28-OCT-24
"","9781572229440STATISTICS052023SP","RC","2023SP","CANC.BARCHART","9781572229440",1,28-OCT-24
"","9781572229440STATISTICS052023SU","RC","2023SU","CANC.CARRY","9781572229440",1,28-OCT-24
"","9781572229440STATISTICS052024FA","RC","2024FA","CANC.BARCHARTS","9781572229440",1,28-OCT-24
"","9781577668060SO LONG A LETTER12","RQ","","21G.022","9781577668060",1,28-OCT-24
"","9781577668060SO LONG A LETTER12","RQ","","21L.048","9781577668060",1,28-OCT-24
"","9781577668060SO LONG A LETTER12","RQ","","WGS.141","9781577668060",1,28-OCT-24
"","9781603844994EBK GORGIAS02016SU","EO","2016SU","HSSP.10525","9781603844994",1,28-OCT-24
"","9781603844994EBK GORGIAS02016SU","EO","2016SU","HSSP.10559","9781603844994",1,28-OCT-24
"","9781633690745STANDOUT 2.01ST 15","RQ","","CANC.EMBA","9781633690745",1,28-OCT-24
"","9781938026690EN PARLANT142015SP","RQ","2015SP","CANC.ISSUE","9781938026690",1,28-OCT-24
"","9781940858982DATA STORY192022SP","RC","2022SP","CANC.CUSTOMER","9781940858982",1,28-OCT-24
"","8220100254130EBK MICROECONOMICS2","EO","","FELLOWS.15.024","8220100254130",1,28-OCT-24
"","8220100492204EBK ANIMAL SPIRITS0","EO","","14.781","8220100492204",1,28-OCT-24
"","8220100492204EBK ANIMAL SPIRITS0","EO","","15.678","8220100492204",1,28-OCT-24
"","8220100492204EBK ANIMAL SPIRITS0","EO","","17.100","8220100492204",1,28-OCT-24
"","8220100791833EBK MICROECONOMICS8","EO","","FELLOWS.15.024","8220100791833",1,28-OCT-24
"","8220101444745EBK MICROECONOMICS1","EO","","14.01","8220101444745",1,28-OCT-24
"","8220102804784EBK MICROECONOMICS2","EO","","FELLOWS.15.024","8220102804784",1,28-OCT-24
"","8220103625500EBK MICROECONOMICS2","EO","","FELLOWS.15.024","8220103625500",1,28-OCT-24
"","8220103971850EBK MICROECONOMICS2","EO","","FELLOWS.15.024","8220103971850",1,28-OCT-24
"","8220103981033EBK MICROECONOMICS2","EO","","FELLOWS.15.024","8220103981033",1,28-OCT-24
"","9780061972638EBK CORALINE02018FA","EO","2018FA","CANC.21L.015","9780061972638",1,28-OCT-24
"","9780072311358BUSINESS DYNAMICS00","RQ","","EMBA.15.736","9780072311358",1,28-OCT-24
"","9780072389159BUSINESS DYNAMICS00","RQ","","15.736","9780072389159",1,28-OCT-24
"","9780072389159BUSINESS DYNAMICS00","RQ","","15.872","9780072389159",1,28-OCT-24
"","9780072389159BUSINESS DYNAMICS00","RQ","","15.8741","9780072389159",1,28-OCT-24
"","9780072389159BUSINESS DYNAMICS00","RQ","","CANC.TRADE","9780072389159",1,28-OCT-24
"","9780072389159BUSINESS DYNAMICS00","RQ","","EMBA.15.736","9780072389159",1,28-OCT-24
"","9780072389159BUSINESS DYNAMICS00","RQ","","CANC.TRADESPO","9780072389159",1,28-OCT-24
"","9780133231335WORLD HISTORY2019FA","RC","2019FA","CANC.SPO","9780133231335",1,28-OCT-24
"","9780133468427EBK MICROECONOMICS8","EO","","FELLOWS.15.024","9780133468427",1,28-OCT-24
"","9780139476242HEAT TRANSFER2ND 99","RQ","","CANC.SPO","9780139476242",1,28-OCT-24
"","9780140449150PRINCE(REV)992014SP","RQ","2014SP","CANC.WRONG","9780140449150",1,28-OCT-24
"","9780141188409SUNSET SONG082017SP","RQ","2017SP","CANC.21L.007","9780141188409",1,28-OCT-24
"","9780142437230DON QUIXOTE012015SP","RQ","2015SP","CANC.21L.002","9780142437230",1,28-OCT-24
"","9780156030472TO THE LIGHTHOUSE05","RQ","","21L.003","9780156030472",1,28-OCT-24
"","9780156030472TO THE LIGHTHOUSE05","RQ","","21L.487","9780156030472",1,28-OCT-24
"","9780156907392TO THE LIGHTHOUSE27","RQ","","21L.003","9780156907392",1,28-OCT-24
"","9780156907392TO THE LIGHTHOUSE27","RQ","","21L.485","9780156907392",1,28-OCT-24
"","9780199535873OTHELLO (9535876)06","RQ","","21L.009","9780199535873",1,28-OCT-24
"","9780312427481SAVAGE DETECTIVES07","RQ","","21L.003","9780312427481",1,28-OCT-24
"","9780316230841WE NEED NEW NAMES14","RQ","","21L.003","9780316230841",1,28-OCT-24
"","9780321507433ECOLOGY6TH 092014SU","RQ","2014SU","CANC.CHANGE","9780321507433",1,28-OCT-24
"","9780375726347HUMAN STAIN002012FA","RQ","2012FA","21L.504","9780375726347",1,28-OCT-24
"","9780375726347HUMAN STAIN002019FA","CL","2019FA","CANC.21L.355","9780375726347",1,28-OCT-24
"","9780393339727WHISTLING VIVALDI10","RC","","15.321","9780393339727",1,28-OCT-24
"","9780441569595NEUROMANCER842013SP","RQ","2013SP","CANC.WRONG","9780441569595",1,28-OCT-24
"","9780441569595NEUROMANCER842022SP","RC","2022SP","CANC.STORE","9780441569595",1,28-OCT-24
"","9780451529831RAGGED DICK062013SP","RQ","2013SP","CANC.WRONG","9780451529831",1,28-OCT-24
"","9780465005222ATOMS OF LANGUAGE01","RQ","","CANC.SPO","9780465005222",1,28-OCT-24
"","9780470174654FORM+FORCES102011FA","RQ","2011FA","CANC.MISSADOPT","9780470174654",1,28-OCT-24
"","9780486110202EBK A DOLL'S HOUSE0","EO","","21L.487","9780486110202",1,28-OCT-24
"","9780486114064EBK JANE EYRE2015SP","EO","2015SP","CANC.WRONG","9780486114064",1,28-OCT-24
"","9780486153582EBK SELECTED POEMS0","EO","","21L.325","9780486153582",1,28-OCT-24
"","9780486153803EBK IMAGIST POETRY0","EO","","21L.487","9780486153803",1,28-OCT-24
"","9780486277851O PIONEERS!932011FA","RQ","2011FA","CANC.PROFCHANGE","9780486277851",1,28-OCT-24
"","9780486426808MILL ON THE FLOSS03","RQ","","21L.707","9780486426808",1,28-OCT-24
"","9780525436140THERE THERE182022FA","RC","2022FA","CANC.BOOK","9780525436140",1,28-OCT-24
"","9780674817364SOLDIER+THE STATE57","RQ","","17.468","9780674817364",1,28-OCT-24
"","9780691173542POWER LINES142024FA","RC","2024FA","CANC.CARRY","9780691173542",1,28-OCT-24
"","9780735224889MIND+MATTER192024SP","RC","2024SP","CANC.MITREADS","9780735224889",1,28-OCT-24
"","9780738201535CLOCK SPEED982023FA","RC","2023FA","CANC.EXECED","9780738201535",1,28-OCT-24
"","9780738201535CLOCK SPEED982023JA","RC","2023JA","CANC.EXECED","9780738201535",1,28-OCT-24
"","9780738201535CLOCK SPEED982023SP","RC","2023SP","CANC.EXED","9780738201535",1,28-OCT-24
"","9780738201535CLOCK SPEED982023SU","RC","2023SU","CANC.EXEC_ED","9780738201535",1,28-OCT-24
"","9780738201535CLOCK SPEED982024FA","RC","2024FA","CANC.EXECED","9780738201535",1,28-OCT-24
"","9780738201535CLOCK SPEED982024JA","RC","2024JA","CANC.EXECED","9780738201535",1,28-OCT-24
"","9780738201535CLOCK SPEED982025FA","RC","2025FA","CANC.ALZAPIEDI","9780738201535",1,28-OCT-24
"","9780738201535CLOCK SPEED982025FA","RC","2025FA","CANC.CLOCKSPEE","9780738201535",1,28-OCT-24
"","9780738201535CLOCK SPEED982025FA","RC","2025FA","CANC.KRISTINESE","9780738201535",1,28-OCT-24
"","9780802144423WAITING FOR GODOT11","RQ","","21L.018","9780802144423",1,28-OCT-24
"","9780802144423WAITING FOR GODOT11","RQ","","21L.021","9780802144423",1,28-OCT-24
"","9780804762830ENTREPRENEUR1ST  11","RQ","","10.02","9780804762830",1,28-OCT-24
"","9780812932300LEADERSHIP MOMENT98","RC","","15.321","9780812932300",1,28-OCT-24
"","9780816669325YES,COMRADE932018SP","RQ","2018SP","21G.074","9780816669325",1,28-OCT-24
"","9780981943008HELLO, BOSTON2024FA","RQ","2024FA","CANC.CUST","9780981943008",1,28-OCT-24
"","9780981943008HELLO, BOSTON2025FA","RC","2025FA","CANC.SARAHGALI","9780981943008",1,28-OCT-24
"","9780982583883MATLAB R2013A2013SU","RQ","2013SU","CANC.SPO","9780982583883",1,28-OCT-24
"","9780982583883MATLAB R2013A2014JA","RQ","2014JA","QBW.QBW2014","9780982583883",1,28-OCT-24
"","9781107385801EBK MINERALS12016SP","EO","2016SP","12.108","9781107385801",1,28-OCT-24
"","9781118443613VENTURE DEALS2ND 13","RC","","2.916","9781118443613",1,28-OCT-24
"","9781118443613VENTURE DEALS2ND 13","RC","","10.407","9781118443613",1,28-OCT-24
"","9781119259756VENTURE DEALS3RD 16","RQ","","2.916","9781119259756",1,28-OCT-24
"","9781119259756VENTURE DEALS3RD 16","RQ","","10.407","9781119259756",1,28-OCT-24
"","9781285428284HORIZONS-TEXT6TH 15","RQ","","CANC.HELLO","9781285428284",1,28-OCT-24
"","9781328745613TO PIXAR AND BEYOND","RQ","","CANC.EMBA","9781328745613",1,28-OCT-24
"","9781400834723EBK ANIMAL SPIRITS0","EO","","14.781","9781400834723",1,28-OCT-24
"","9781400834723EBK ANIMAL SPIRITS0","EO","","15.678","9781400834723",1,28-OCT-24
"","9781400834723EBK ANIMAL SPIRITS0","EO","","17.100","9781400834723",1,28-OCT-24
"","9781400837823EBK MILITARY POWER0","EO","","17.468","9781400837823",1,28-OCT-24
"","9781408133477TEMPESTREV 112015SP","RQ","2015SP","CANC.21L.009","9781408133477",1,28-OCT-24
"","9781423202035EBK ANATOMY142024SP","EO","2024SP","CANC.BARCHARTS","9781423202035",1,28-OCT-24
"","9781423217381MATH REVIEW112021FA","RQ","2021FA","CANC.BAR","9781423217381",1,28-OCT-24
"","9781423217381MATH REVIEW112021JA","RC","2021JA","CANC.BAR","9781423217381",1,28-OCT-24
"","9781423217381MATH REVIEW112021SP","RC","2021SP","CANC.BARCHARTS","9781423217381",1,28-OCT-24
"","9781423217381MATH REVIEW112021SU","RC","2021SU","CANC.BAR","9781423217381",1,28-OCT-24
"","9781423217381MATH REVIEW112022FA","RC","2022FA","CANC.BAR","9781423217381",1,28-OCT-24
"","9781423218715MATH REVIEW122021SU","RC","2021SU","CANC.BAR","9781423218715",1,28-OCT-24
"","9781423218715MATH REVIEW122022FA","RC","2022FA","CANC.BAR","9781423218715",1,28-OCT-24
"","9781423218715MATH REVIEW122022SP","RC","2022SP","CANC.BAR","9781423218715",1,28-OCT-24
"","9781423218715MATH REVIEW122023FA","RC","2023FA","CANC.QUICKSTUD","9781423218715",1,28-OCT-24
"","9781423218715MATH REVIEW122023JA","RC","2023JA","CANC.BARCHARTS","9781423218715",1,28-OCT-24
"","9781423218715MATH REVIEW122023SP","RC","2023SP","CANC.BARCHART","9781423218715",1,28-OCT-24
"","9781423218715MATH REVIEW122023SU","RC","2023SU","CANC.CARRY","9781423218715",1,28-OCT-24
"","9781423218715MATH REVIEW122024FA","RC","2024FA","CANC.BARCHARTS","9781423218715",1,28-OCT-24
"","9781423218715MATH REVIEW122024SP","RC","2024SP","CANC.BARCHARTS","9781423218715",1,28-OCT-24
"","9781423218715MATH REVIEW122024SP","RQ","2024SP","CANC.CANC","9781423218715",1,28-OCT-24
"","9781423218715MATH REVIEW122024SU","RQ","2024SU","CANC.BARCHARTS","9781423218715",1,28-OCT-24
"","9781423218715MATH REVIEW122025FA","RC","2025FA","CANC.BARCHARTS","9781423218715",1,28-OCT-24
"","9781423233770EBK FINANCE162024SP","EO","2024SP","CANC.BARCHARTS","9781423233770",1,28-OCT-24
"","9781423233770EBK FINANCE162025FA","EO","2025FA","CANC.BARCHARTS","9781423233770",1,28-OCT-24
"","9781439100134FOOL'S GOLD092015FA","RQ","2015FA","CANC.WRONGMBS","9781439100134",1,28-OCT-24
"","9781463715311SECRET SHARERLATEST","RQ","","15.268","9781463715311",1,28-OCT-24
"","9781464149825EBK MICROECONOMICS1","EO","","14.01","9781464149825",1,28-OCT-24
"","9781472518385HAMLET(REV)162017FA","RQ","2017FA","CANC.SUBSTITUT","9781472518385",1,28-OCT-24
"","9781568583198PROMISED THE MOON04","RQ","","WGS.S10","9781568583198",1,28-OCT-24
"","9781572227262PRE-ALGEBRA022023FA","RC","2023FA","CANC.QUICKSTUD","9781572227262",1,28-OCT-24
"","9781572227262PRE-ALGEBRA022023JA","RC","2023JA","CANC.BARCHARTS","9781572227262",1,28-OCT-24
"","9781572227262PRE-ALGEBRA022023SP","RC","2023SP","CANC.BARCHART","9781572227262",1,28-OCT-24
"","9781572227262PRE-ALGEBRA022023SU","RC","2023SU","CANC.CARRY","9781572227262",1,28-OCT-24
"","9781572227262PRE-ALGEBRA022024FA","RC","2024FA","CANC.BARCHARTS","9781572227262",1,28-OCT-24
"","9781572227262PRE-ALGEBRA022024SP","RC","2024SP","CANC.BARCHARTS","9781572227262",1,28-OCT-24
"","9781572227262PRE-ALGEBRA022024SP","RQ","2024SP","CANC.CANC","9781572227262",1,28-OCT-24
"","9781572227262PRE-ALGEBRA022024SU","RQ","2024SU","CANC.BARCHARTS","9781572227262",1,28-OCT-24
"","9781572227262PRE-ALGEBRA022025FA","RC","2025FA","CANC.BARCHARTS","9781572227262",1,28-OCT-24
"","9781596436978SHADOW HERO142024FA","RQ","2024FA","21W.744","9781596436978",1,28-OCT-24
"","9781609949839EBK HUMBLE INQUIRY1","EO","","15.321","9781609949839",1,28-OCT-24
"","9781631494758WOMEN+POWER172022SP","RC","2022SP","CANC.CUSTOMER","9781631494758",1,28-OCT-24
"","9781770466029EBK SLEEPWALK2024FA","EO","2024FA","21W.744","9781770466029",1,28-OCT-24
"","9781904271338HAMLET(REV)062015SP","RQ","2015SP","CANC.21L.009","9781904271338",1,28-OCT-24
"","N/ACourse has no materials2011SP","NM","2011SP","1.971","N/A",1,28-OCT-24
"","N/ACourse has no materials2011SP","NM","2011SP","3.692","N/A",1,28-OCT-24
"","N/ACourse has no materials2011SP","NM","2011SP","4.625","N/A",1,28-OCT-24
"","N/ACourse has no materials2011SP","NM","2011SP","4.665","N/A",1,28-OCT-24
"","N/ACourse has no materials2011SP","NM","2011SP","6.079","N/A",1,28-OCT-24
"","N/ACourse has no materials2011SP","NM","2011SP","6.190","N/A",1,28-OCT-24
"","N/ACourse has no materials2011SP","NM","2011SP","6.882","N/A",1,28-OCT-24
"","N/ACourse has no materials2011SP","NM","2011SP","6.883","N/A",1,28-OCT-24
"","N/ACourse has no materials2011SP","NM","2011SP","6.884","N/A",1,28-OCT-24
"","N/ACourse has no materials2011SP","NM","2011SP","6.895","N/A",1,28-OCT-24
"","N/ACourse has no materials2011SP","NM","2011SP","6.898","N/A",1,28-OCT-24
"","N/ACourse has no materials2011SP","NM","2011SP","6.971","N/A",1,28-OCT-24
"","N/ACourse has no materials2011SP","NM","2011SP","6.974","N/A",1,28-OCT-24
"","N/ACourse has no materials2011SP","NM","2011SP","6.978","N/A",1,28-OCT-24
"","N/ACourse has no materials2011SP","NM","2011SP","7.421","N/A",1,28-OCT-24
"","N/ACourse has no materials2011SP","NM","2011SP","8.298","N/A",1,28-OCT-24
"","N/ACourse has no materials2011SP","NM","2011SP","9.911","N/A",1,28-OCT-24
"","N/ACourse has no materials2011SP","NM","2011SP","9.914","N/A",1,28-OCT-24
"","N/ACourse has no materials2011SP","NM","2011SP","11.944","N/A",1,28-OCT-24
"","N/ACourse has no materials2011SP","NM","2011SP","11.946","N/A",1,28-OCT-24
"","N/ACourse has no materials2011SP","NM","2011SP","11.948","N/A",1,28-OCT-24
"","N/ACourse has no materials2011SP","NM","2011SP","11.952","N/A",1,28-OCT-24
"","N/ACourse has no materials2011SP","NM","2011SP","11.955","N/A",1,28-OCT-24
"","N/ACourse has no materials2011SP","NM","2011SP","11.963","N/A",1,28-OCT-24
"","N/ACourse has no materials2011SP","NM","2011SP","11.964","N/A",1,28-OCT-24
"","N/ACourse has no materials2011SP","NM","2011SP","12.090","N/A",1,28-OCT-24
"","N/ACourse has no materials2011SP","NM","2011SP","12.571","N/A",1,28-OCT-24
"","N/ACourse has no materials2011SP","NM","2011SP","12.681","N/A",1,28-OCT-24
"","N/ACourse has no materials2011SP","NM","2011SP","12.708","N/A",1,28-OCT-24
"","N/ACourse has no materials2011SP","NM","2011SP","12.751","N/A",1,28-OCT-24
"","N/ACourse has no materials2011SP","NM","2011SP","12.752","N/A",1,28-OCT-24
"","N/ACourse has no materials2011SP","NM","2011SP","12.754","N/A",1,28-OCT-24
"","N/ACourse has no materials2011SP","NM","2011SP","14.195","N/A",1,28-OCT-24
"","N/ACourse has no materials2011SP","NM","2011SP","14.196","N/A",1,28-OCT-24
"","N/ACourse has no materials2011SP","NM","2011SP","15.099","N/A",1,28-OCT-24
"","N/ACourse has no materials2011SP","NM","2011SP","15.599","N/A",1,28-OCT-24
"","N/ACourse has no materials2011SP","NM","2011SP","15.676","N/A",1,28-OCT-24
"","N/ACourse has no materials2011SP","NM","2011SP","15.691","N/A",1,28-OCT-24
"","N/ACourse has no materials2011SP","NM","2011SP","15.953","N/A",1,28-OCT-24
"","N/ACourse has no materials2011SP","NM","2011SP","15.967","N/A",1,28-OCT-24
"","N/ACourse has no materials2011SP","NM","2011SP","15.972","N/A",1,28-OCT-24
"","N/ACourse has no materials2011SP","NM","2011SP","15.973","N/A",1,28-OCT-24
"","N/ACourse has no materials2011SP","NM","2011SP","15.975","N/A",1,28-OCT-24
"","N/ACourse has no materials2011SP","NM","2011SP","15.976","N/A",1,28-OCT-24
"","N/ACourse has no materials2011SP","NM","2011SP","16.981","N/A",1,28-OCT-24
"","N/ACourse has no materials2011SP","NM","2011SP","16.UR2","N/A",1,28-OCT-24
"","N/ACourse has no materials2011SP","NM","2011SP","17.902","N/A",1,28-OCT-24
"","N/ACourse has no materials2011SP","NM","2011SP","17.903","N/A",1,28-OCT-24
"","N/ACourse has no materials2011SP","NM","2011SP","17.905","N/A",1,28-OCT-24
"","N/ACourse has no materials2011SP","NM","2011SP","20.949","N/A",1,28-OCT-24
"","N/ACourse has no materials2011SP","NM","2011SP","7.URG2","N/A",1,28-OCT-24
"","N/ACourse has no materials2011SP","NM","2011SP","SP.316","N/A",1,28-OCT-24
"","N/ACourse has no materials2011SP","NM","2011SP","SP.4UR","N/A",1,28-OCT-24
"","N/ACourse has no materials2011SP","NM","2011SP","SP.712","N/A",1,28-OCT-24
"","N/ACourse has no materials2011SP","NM","2011SP","SP.713","N/A",1,28-OCT-24
"","N/ACourse has no materials2011SP","NM","2011SP","SP.718","N/A",1,28-OCT-24
"","N/ACourse has no materials2011SP","NM","2011SP","SP.719","N/A",1,28-OCT-24
"","N/ACourse has no materials2011SP","NM","2011SP","15.URG2","N/A",1,28-OCT-24
"","N/ACourse has no materials2011SP","NM","2011SP","15.URG3","N/A",1,28-OCT-24
"","N/ACourse has no materials2011SP","NM","2011SP","ESD.931","N/A",1,28-OCT-24
"","N/ACourse has no materials2011SP","NM","2011SP","ESD.940","N/A",1,28-OCT-24
"","N/ACourse has no materials2011SP","NM","2011SP","ESD.944","N/A",1,28-OCT-24
"","N/ACourse has no materials2011SP","NM","2011SP","ESD.945","N/A",1,28-OCT-24
"","N/ACourse has no materials2011SP","NM","2011SP","SP.4URG","N/A",1,28-OCT-24
"","N/ACourse has no materials2011SP","NM","2011SP","STS.URN","N/A",1,28-OCT-24
"","N/ACourse has no materials2012FA","NM","2012FA","2.141","N/A",1,28-OCT-24
"","N/ACourse has no materials2012FA","NM","2012FA","4.103","N/A",1,28-OCT-24
"","N/ACourse has no materials2012FA","NM","2012FA","4.299","N/A",1,28-OCT-24
"","N/ACourse has no materials2012FA","NM","2012FA","8.641","N/A",1,28-OCT-24
"","N/ACourse has no materials2012FA","NM","2012FA","8.712","N/A",1,28-OCT-24
"","N/ACourse has no materials2012FA","NM","2012FA","8.913","N/A",1,28-OCT-24
"","N/ACourse has no materials2012FA","NM","2012FA","9.450","N/A",1,28-OCT-24
"","N/ACourse has no materials2012FA","NM","2012FA","11.900","N/A",1,28-OCT-24
"","N/ACourse has no materials2012FA","NM","2012FA","11.THU","N/A",1,28-OCT-24
"","N/ACourse has no materials2012FA","NM","2012FA","15.838","N/A",1,28-OCT-24
"","N/ACourse has no materials2012FA","NM","2012FA","16.850","N/A",1,28-OCT-24
"","N/ACourse has no materials2012FA","NM","2012FA","21M.715","N/A",1,28-OCT-24
"","N/ACourse has no materials2012FA","NM","2012FA","21M.830","N/A",1,28-OCT-24
"","N/ACourse has no materials2012FA","NM","2012FA","21M.863","N/A",1,28-OCT-24
"","N/ACourse has no materials2012FA","NM","2012FA","ESD.261","N/A",1,28-OCT-24
"","N/ACourse has no materials2012SP","NM","2012SP","3.80","N/A",1,28-OCT-24
"","N/ACourse has no materials2012SP","NM","2012SP","7.43","N/A",1,28-OCT-24
"","N/ACourse has no materials2012SP","NM","2012SP","9.52","N/A",1,28-OCT-24
"","N/ACourse has no materials2012SP","NM","2012SP","9.71","N/A",1,28-OCT-24
"","N/ACourse has no materials2012SP","NM","2012SP","1.581","N/A",1,28-OCT-24
"","N/ACourse has no materials2012SP","NM","2012SP","2.060","N/A",1,28-OCT-24
"","N/ACourse has no materials2012SP","NM","2012SP","4.112","N/A",1,28-OCT-24
"","N/ACourse has no materials2012SP","NM","2012SP","4.504","N/A",1,28-OCT-24
"","N/ACourse has no materials2012SP","NM","2012SP","4.581","N/A",1,28-OCT-24
"","N/ACourse has no materials2012SP","NM","2012SP","7.341","N/A",1,28-OCT-24
"","N/ACourse has no materials2012SP","NM","2012SP","7.344","N/A",1,28-OCT-24
"","N/ACourse has no materials2012SP","NM","2012SP","7.414","N/A",1,28-OCT-24
"","N/ACourse has no materials2012SP","NM","2012SP","7.415","N/A",1,28-OCT-24
"","N/ACourse has no materials2012SP","NM","2012SP","7.416","N/A",1,28-OCT-24
"","N/ACourse has no materials2012SP","NM","2012SP","7.417","N/A",1,28-OCT-24
"","N/ACourse has no materials2012SP","NM","2012SP","7.418","N/A",1,28-OCT-24
"","N/ACourse has no materials2012SP","NM","2012SP","7.419","N/A",1,28-OCT-24
"","N/ACourse has no materials2012SP","NM","2012SP","7.421","N/A",1,28-OCT-24
"","N/ACourse has no materials2012SP","NM","2012SP","9.364","N/A",1,28-OCT-24
"","N/ACourse has no materials2012SP","NM","2012SP","11.944","N/A",1,28-OCT-24
"","N/ACourse has no materials2012SP","NM","2012SP","11.THT","N/A",1,28-OCT-24
"","N/ACourse has no materials2012SP","NM","2012SP","15.996","N/A",1,28-OCT-24
"","N/ACourse has no materials2012SP","NM","2012SP","16.S49","N/A",1,28-OCT-24
"","N/ACourse has no materials2012SP","NM","2012SP","20.220","N/A",1,28-OCT-24
"","N/ACourse has no materials2012SP","NM","2012SP","24.400","N/A",1,28-OCT-24
"","N/ACourse has no materials2012SP","NM","2012SP","21M.769","N/A",1,28-OCT-24
"","N/ACourse has no materials2013FA","NM","2013FA","9.65","N/A",1,28-OCT-24
"","N/ACourse has no materials2013FA","NM","2013FA","4.262","N/A",1,28-OCT-24
"","N/ACourse has no materials2013FA","NM","2013FA","1.S992","N/A",1,28-OCT-24
"","N/ACourse has no materials2013FA","NM","2013FA","10.A17","N/A",1,28-OCT-24
"","N/ACourse has no materials2013FA","NM","2013FA","11.527","N/A",1,28-OCT-24
"","N/ACourse has no materials2013FA","NM","2013FA","15.838","N/A",1,28-OCT-24
"","N/ACourse has no materials2013FA","NM","2013FA","17.A22","N/A",1,28-OCT-24
"","N/ACourse has no materials2013FA","NM","2013FA","24.S20","N/A",1,28-OCT-24
"","N/ACourse has no materials2013FA","NM","2013FA","ESD.10","N/A",1,28-OCT-24
"","N/ACourse has no materials2013FA","NM","2013FA","ESD.69","N/A",1,28-OCT-24
"","N/ACourse has no materials2013FA","NM","2013FA","11.S968","N/A",1,28-OCT-24
"","N/ACourse has no materials2013FA","NM","2013FA","12.A000","N/A",1,28-OCT-24
"","N/ACourse has no materials2013FA","NM","2013FA","21H.A11","N/A",1,28-OCT-24
"","N/ACourse has no materials2013FA","NM","2013FA","21H.A17","N/A",1,28-OCT-24
"","N/ACourse has no materials2013FA","NM","2013FA","21L.A25","N/A",1,28-OCT-24
"","N/ACourse has no materials2013FA","NM","2013FA","21M.586","N/A",1,28-OCT-24
"","N/ACourse has no materials2013FA","NM","2013FA","21M.820","N/A",1,28-OCT-24
"","N/ACourse has no materials2013FA","NM","2013FA","21M.A12","N/A",1,28-OCT-24
"","N/ACourse has no materials2013FA","NM","2013FA","ESD.865","N/A",1,28-OCT-24
"","N/ACourse has no materials2013FA","NM","2013FA","HST.200","N/A",1,28-OCT-24
"","N/ACourse has no materials2013FA","NM","2013FA","HST.201","N/A",1,28-OCT-24
"","N/ACourse has no materials2013FA","NM","2013FA","HST.790","N/A",1,28-OCT-24
"","N/ACourse has no materials2013FA","NM","2013FA","11.THG-CDD","N/A",1,28-OCT-24
"","N/ACourse has no materials2013FA","NM","2013FA","11.SPURS2012","N/A",1,28-OCT-24
"","N/ACourse has no materials2013FA","NM","2013FA","SPECIAL.SCALESCS","N/A",1,28-OCT-24
"","N/ACourse has no materials2013SP","NM","2013SP","14.08","N/A",1,28-OCT-24
"","N/ACourse has no materials2013SP","NM","2013SP","14.11","N/A",1,28-OCT-24
"","N/ACourse has no materials2013SP","NM","2013SP","4.182","N/A",1,28-OCT-24
"","N/ACourse has no materials2013SP","NM","2013SP","4.481","N/A",1,28-OCT-24
"","N/ACourse has no materials2013SP","NM","2013SP","4.THT","N/A",1,28-OCT-24
"","N/ACourse has no materials2013SP","NM","2013SP","7.410","N/A",1,28-OCT-24
"","N/ACourse has no materials2013SP","NM","2013SP","9.073","N/A",1,28-OCT-24
"","N/ACourse has no materials2013SP","NM","2013SP","1.S979","N/A",1,28-OCT-24
"","N/ACourse has no materials2013SP","NM","2013SP","11.THT","N/A",1,28-OCT-24
"","N/ACourse has no materials2013SP","NM","2013SP","12.222","N/A",1,28-OCT-24
"","N/ACourse has no materials2013SP","NM","2013SP","12.521","N/A",1,28-OCT-24
"","N/ACourse has no materials2013SP","NM","2013SP","12.712","N/A",1,28-OCT-24
"","N/ACourse has no materials2013SP","NM","2013SP","12.755","N/A",1,28-OCT-24
"","N/ACourse has no materials2013SP","NM","2013SP","17.953","N/A",1,28-OCT-24
"","N/ACourse has no materials2013SP","NM","2013SP","24.901","N/A",1,28-OCT-24
"","N/ACourse has no materials2013SP","NM","2013SP","24.931","N/A",1,28-OCT-24
"","N/ACourse has no materials2013SP","NM","2013SP","9.S913","N/A",1,28-OCT-24
"","N/ACourse has no materials2013SP","NM","2013SP","ESD.00","N/A",1,28-OCT-24
"","N/ACourse has no materials2013SP","NM","2013SP","21F.409","N/A",1,28-OCT-24
"","N/ACourse has no materials2013SP","NM","2013SP","21L.345","N/A",1,28-OCT-24
"","N/ACourse has no materials2013SP","NM","2013SP","HST.201","N/A",1,28-OCT-24
"","N/ACourse has no materials2013SP","NM","2013SP","HST.460","N/A",1,28-OCT-24
"","N/ACourse has no materials2013SP","NM","2013SP","HST.535","N/A",1,28-OCT-24
"","N/ACourse has no materials2013SP","NM","2013SP","HST.563","N/A",1,28-OCT-24
"","N/ACourse has no materials2013SU","NM","2013SU","10.807","N/A",1,28-OCT-24
"","N/ACourse has no materials2013SU","NM","2013SU","21.URG","N/A",1,28-OCT-24
"","N/ACourse has no materials2013SU","NM","2013SU","SPECIAL.GCLOG.2014","N/A",1,28-OCT-24
"","N/ACourse has no materials2014FA","NM","2014FA","7.340","N/A",1,28-OCT-24
"","N/ACourse has no materials2014FA","NM","2014FA","9.044","N/A",1,28-OCT-24
"","N/ACourse has no materials2014FA","NM","2014FA","10.972","N/A",1,28-OCT-24
"","N/ACourse has no materials2014FA","NM","2014FA","10.EPR","N/A",1,28-OCT-24
"","N/ACourse has no materials2014FA","NM","2014FA","12.447","N/A",1,28-OCT-24
"","N/ACourse has no materials2014FA","NM","2014FA","2.S996","N/A",1,28-OCT-24
"","N/ACourse has no materials2014FA","NM","2014FA","7.S931","N/A",1,28-OCT-24
"","N/ACourse has no materials2014FA","NM","2014FA","ESD.20","N/A",1,28-OCT-24
"","N/ACourse has no materials2014FA","NM","2014FA","16.S998","N/A",1,28-OCT-24
"","N/ACourse has no materials2014FA","NM","2014FA","HST.543","N/A",1,28-OCT-24
"","N/ACourse has no materials2014FA","NM","2014FA","CANC.7.347","N/A",1,28-OCT-24
"","N/ACourse has no materials2014FA","NM","2014FA","CANC.9.044","N/A",1,28-OCT-24
"","N/ACourse has no materials2014FA","NM","2014FA","CANC.7.S931","N/A",1,28-OCT-24
"","N/ACourse has no materials2014FA","NM","2014FA","EDX.16.101X","N/A",1,28-OCT-24
"","N/ACourse has no materials2014FA","NM","2014FA","EDX.16.110X","N/A",1,28-OCT-24
"","N/ACourse has no materials2014FA","NM","2014FA","CANC.CMS.363","N/A",1,28-OCT-24
"","N/ACourse has no materials2014FA","NM","2014FA","CANC.CMS.873","N/A",1,28-OCT-24
"","N/ACourse has no materials2014JA","NM","2014JA","1.095","N/A",1,28-OCT-24
"","N/ACourse has no materials2014SP","NM","2014SP","7.B3","N/A",1,28-OCT-24
"","N/ACourse has no materials2014SP","NM","2014SP","4.S22","N/A",1,28-OCT-24
"","N/ACourse has no materials2014SP","NM","2014SP","4.THT","N/A",1,28-OCT-24
"","N/ACourse has no materials2014SP","NM","2014SP","7.MSR","N/A",1,28-OCT-24
"","N/ACourse has no materials2014SP","NM","2014SP","7.RCG","N/A",1,28-OCT-24
"","N/ACourse has no materials2014SP","NM","2014SP","7.RCP","N/A",1,28-OCT-24
"","N/ACourse has no materials2014SP","NM","2014SP","12.214","N/A",1,28-OCT-24
"","N/ACourse has no materials2014SP","NM","2014SP","12.451","N/A",1,28-OCT-24
"","N/ACourse has no materials2014SP","NM","2014SP","12.507","N/A",1,28-OCT-24
"","N/ACourse has no materials2014SP","NM","2014SP","11.S495","N/A",1,28-OCT-24
"","N/ACourse has no materials2014SP","NM","2014SP","15.URG2","N/A",1,28-OCT-24
"","N/ACourse has no materials2014SP","NM","2014SP","21M.769","N/A",1,28-OCT-24
"","N/ACourse has no materials2014SP","NM","2014SP","ESD.264","N/A",1,28-OCT-24
"","N/ACourse has no materials2014SP","NM","2014SP","ESD.269","N/A",1,28-OCT-24
"","N/ACourse has no materials2014SP","NM","2014SP","HST.790","N/A",1,28-OCT-24
"","N/ACourse has no materials2014SP","NM","2014SP","HST.791","N/A",1,28-OCT-24
"","N/ACourse has no materials2014SP","NM","2014SP","HST.921","N/A",1,28-OCT-24
"","N/ACourse has no materials2014SP","NM","2014SP","HST.922","N/A",1,28-OCT-24
"","N/ACourse has no materials2014SP","NM","2014SP","HST.923","N/A",1,28-OCT-24
"","N/ACourse has no materials2014SP","NM","2014SP","HST.924","N/A",1,28-OCT-24
"","N/ACourse has no materials2014SP","NM","2014SP","HST.939","N/A",1,28-OCT-24
"","N/ACourse has no materials2014SP","NM","2014SP","EDX.14.73X","N/A",1,28-OCT-24
"","N/ACourse has no materials2014SP","NM","2014SP","EDX.15.071","N/A",1,28-OCT-24
"","N/ACourse has no materials2014SP","NM","2014SP","EDX.12.340X","N/A",1,28-OCT-24
"","N/ACourse has no materials2014SP","NM","2014SP","EDX.16.110X","N/A",1,28-OCT-24
"","N/ACourse has no materials2014SU","NM","2014SU","1.482","N/A",1,28-OCT-24
"","N/ACourse has no materials2014SU","NM","2014SU","15.A18","N/A",1,28-OCT-24
"","N/ACourse has no materials2014SU","NM","2014SU","21.URG","N/A",1,28-OCT-24
"","N/ACourse has no materials2015FA","NM","2015FA","1.061","N/A",1,28-OCT-24
"","N/ACourse has no materials2015FA","NM","2015FA","9.600","N/A",1,28-OCT-24
"","N/ACourse has no materials2015FA","NM","2015FA","10.082","N/A",1,28-OCT-24
"","N/ACourse has no materials2015FA","NM","2015FA","10.607","N/A",1,28-OCT-24
"","N/ACourse has no materials2015FA","NM","2015FA","10.961","N/A",1,28-OCT-24
"","N/ACourse has no materials2015FA","NM","2015FA","10.996","N/A",1,28-OCT-24
"","N/ACourse has no materials2015FA","NM","2015FA","12.710","N/A",1,28-OCT-24
"","N/ACourse has no materials2015FA","NM","2015FA","ESD.70","N/A",1,28-OCT-24
"","N/ACourse has no materials2015FA","NM","2015FA","21H.160","N/A",1,28-OCT-24
"","N/ACourse has no materials2015FA","NM","2015FA","21L.301","N/A",1,28-OCT-24
"","N/ACourse has no materials2015SP","NM","2015SP","2.107","N/A",1,28-OCT-24
"","N/ACourse has no materials2015SP","NM","2015SP","6.161","N/A",1,28-OCT-24
"","N/ACourse has no materials2015SP","NM","2015SP","7.345","N/A",1,28-OCT-24
"","N/ACourse has no materials2015SP","NM","2015SP","15.S54","N/A",1,28-OCT-24
"","N/ACourse has no materials2015SP","NM","2015SP","15.URG3","N/A",1,28-OCT-24
"","N/ACourse has no materials2015SP","NM","2015SP","16.S686","N/A",1,28-OCT-24
"","N/ACourse has no materials2015SP","NM","2015SP","21W.S60","N/A",1,28-OCT-24
"","N/ACourse has no materials2015SP","NM","2015SP","ESD.262","N/A",1,28-OCT-24
"","N/ACourse has no materials2015SP","NM","2015SP","STS.302","N/A",1,28-OCT-24
"","N/ACourse has no materials2015SP","NM","2015SP","STS.905","N/A",1,28-OCT-24
