"ZIP_CODE","ZIP_TYPE","CITY_NAME","CITY_TYPE","COUNTY_NAME","STATE_ABBR","STATE_NAME","WAREHOUSE_LOAD_DATE"
"00623","S","Est De Miramar","N","Cabo Rojo","PR","Puerto Rico",25-MAY-23
"00623","S","Est Reales","N","Cabo Rojo","PR","Puerto Rico",25-MAY-23
"00623","S","Ext Elizabeth","N","Cabo Rojo","PR","Puerto Rico",25-MAY-23
"00623","S","Ext La Concepcion","N","Cabo Rojo","PR","Puerto Rico",25-MAY-23
"00623","S","Ext Parc Elizabeth","N","Cabo Rojo","PR","Puerto Rico",25-MAY-23
"00623","S","Ext Sierra Linda","N","Cabo Rojo","PR","Puerto Rico",25-MAY-23
"00623","S","Finquita Betances","N","Cabo Rojo","PR","Puerto Rico",25-MAY-23
"00623","S","Haciendas De Belvedere","N","Cabo Rojo","PR","Puerto Rico",25-MAY-23
"00623","S","Haciendas de Cabo Rojo","N","Cabo Rojo","PR","Puerto Rico",25-MAY-23
"00623","S","Haciendas De Miramar","N","Cabo Rojo","PR","Puerto Rico",25-MAY-23
"00623","S","Jard del Puerto","N","Cabo Rojo","PR","Puerto Rico",25-MAY-23
"00623","S","Mans De Cabo Rojo","N","Cabo Rojo","PR","Puerto Rico",25-MAY-23
"00623","S","Mansiones","N","Cabo Rojo","PR","Puerto Rico",25-MAY-23
"00623","S","Parc Betances","N","Cabo Rojo","PR","Puerto Rico",25-MAY-23
"00623","S","Parc Elizabeth","N","Cabo Rojo","PR","Puerto Rico",25-MAY-23
"00623","S","Parc Las 35","N","Cabo Rojo","PR","Puerto Rico",25-MAY-23
"00623","S","Parc Las Margaritas","N","Cabo Rojo","PR","Puerto Rico",25-MAY-23
"00623","S","Parc Puerto Real","N","Cabo Rojo","PR","Puerto Rico",25-MAY-23
"00623","S","Paseos De Plan Bonito","N","Cabo Rojo","PR","Puerto Rico",25-MAY-23
"00623","S","Qtas de Cabo Rojo","N","Cabo Rojo","PR","Puerto Rico",25-MAY-23
"00623","S","Qtas De Miradero","N","Cabo Rojo","PR","Puerto Rico",25-MAY-23
"00623","S","Qtas Del Deportivo","N","Cabo Rojo","PR","Puerto Rico",25-MAY-23
"00623","S","Repto Miradero","N","Cabo Rojo","PR","Puerto Rico",25-MAY-23
"00623","S","Repto Oliveras","N","Cabo Rojo","PR","Puerto Rico",25-MAY-23
"00623","S","Urb Alta Vista","N","Cabo Rojo","PR","Puerto Rico",25-MAY-23
"00623","S","Urb Ana Maria","N","Cabo Rojo","PR","Puerto Rico",25-MAY-23
"00623","S","Urb Borinquen","N","Cabo Rojo","PR","Puerto Rico",25-MAY-23
"00623","S","Urb El Retiro","N","Cabo Rojo","PR","Puerto Rico",25-MAY-23
"00623","S","Urb Elizabeth","N","Cabo Rojo","PR","Puerto Rico",25-MAY-23
"00623","S","Urb Joyuda Coast","N","Cabo Rojo","PR","Puerto Rico",25-MAY-23
"00623","S","Urb Kofresi","N","Cabo Rojo","PR","Puerto Rico",25-MAY-23
"00623","S","Urb La Concepcion","N","Cabo Rojo","PR","Puerto Rico",25-MAY-23
"00623","S","Urb Las Vistas","N","Cabo Rojo","PR","Puerto Rico",25-MAY-23
"00623","S","Urb Monte Grande","N","Cabo Rojo","PR","Puerto Rico",25-MAY-23
"00623","S","Urb Monte Rio","N","Cabo Rojo","PR","Puerto Rico",25-MAY-23
"00623","S","Urb Montesol","N","Cabo Rojo","PR","Puerto Rico",25-MAY-23
"00623","S","Urb Ramirez","N","Cabo Rojo","PR","Puerto Rico",25-MAY-23
"00623","S","Urb Remanso De Cabo Rojo","N","Cabo Rojo","PR","Puerto Rico",25-MAY-23
"00623","S","Urb San Miguel","N","Cabo Rojo","PR","Puerto Rico",25-MAY-23
"00623","S","Urb Sierra Linda","N","Cabo Rojo","PR","Puerto Rico",25-MAY-23
"00623","S","Villa Aida","N","Cabo Rojo","PR","Puerto Rico",25-MAY-23
"00623","S","Villa del Carmen","N","Cabo Rojo","PR","Puerto Rico",25-MAY-23
"00623","S","Villa Luisa","N","Cabo Rojo","PR","Puerto Rico",25-MAY-23
"00623","S","Villas De Plan Bonito","N","Cabo Rojo","PR","Puerto Rico",25-MAY-23
"00624","S","Alt de Penuelas II","N","Penuelas","PR","Puerto Rico",25-MAY-23
"00624","S","Alts de Penuelas","N","Penuelas","PR","Puerto Rico",25-MAY-23
"00624","S","Brisas de Guayanes","N","Penuelas","PR","Puerto Rico",25-MAY-23
"00624","S","Colinas de Penuelas","N","Penuelas","PR","Puerto Rico",25-MAY-23
"00624","S","Ext Alts de Penuelas II","N","Penuelas","PR","Puerto Rico",25-MAY-23
"00624","S","Jard de Penuelas","N","Penuelas","PR","Puerto Rico",25-MAY-23
"00624","S","Mans De Puerto Galexda","N","Penuelas","PR","Puerto Rico",25-MAY-23
"00624","S","Penuelas","D","Penuelas","PR","Puerto Rico",25-MAY-23
"00624","S","Portales De Vista Bahia","N","Penuelas","PR","Puerto Rico",25-MAY-23
"00624","S","Repto Kennedy","N","Penuelas","PR","Puerto Rico",25-MAY-23
"00624","S","Sect Mal Paso","N","Penuelas","PR","Puerto Rico",25-MAY-23
"00624","S","Urb El Madrigal","N","Penuelas","PR","Puerto Rico",25-MAY-23
"00624","S","Urb El Penon","N","Penuelas","PR","Puerto Rico",25-MAY-23
"00624","S","Urb Guayanes","N","Penuelas","PR","Puerto Rico",25-MAY-23
"00624","S","Urb Llanos De Sabana Palma","N","Penuelas","PR","Puerto Rico",25-MAY-23
"00624","S","Urb Monte Verde","N","Penuelas","PR","Puerto Rico",25-MAY-23
"00624","S","Urb Penuelas Valley","N","Penuelas","PR","Puerto Rico",25-MAY-23
"00624","S","Urb Rio Sol","N","Penuelas","PR","Puerto Rico",25-MAY-23
"00624","S","Urb Riverside","N","Penuelas","PR","Puerto Rico",25-MAY-23
"00624","S","Urb Sagrado Corazon","N","Penuelas","PR","Puerto Rico",25-MAY-23
"00624","S","Valle Alto","N","Penuelas","PR","Puerto Rico",25-MAY-23
"00624","S","Villa Esmeralda","N","Penuelas","PR","Puerto Rico",25-MAY-23
"00624","S","Vista Bahia","N","Penuelas","PR","Puerto Rico",25-MAY-23
"00627","S","Alts el Maestro","N","Camuy","PR","Puerto Rico",25-MAY-23
"00627","S","Camuy","D","Camuy","PR","Puerto Rico",25-MAY-23
"00627","S","Sect Pena","N","Camuy","PR","Puerto Rico",25-MAY-23
"00627","S","Urb del Carmen","N","Camuy","PR","Puerto Rico",25-MAY-23
"00627","S","Urb Las Veredas","N","Camuy","PR","Puerto Rico",25-MAY-23
"00627","S","Urb Linda Vista","N","Camuy","PR","Puerto Rico",25-MAY-23
"00627","S","VISTAS de Camuy","N","Camuy","PR","Puerto Rico",25-MAY-23
"00631","P","Adjuntas","A","Lares","PR","Puerto Rico",25-MAY-23
"00631","P","Castaner","D","Lares","PR","Puerto Rico",25-MAY-23
"00636","P","Rosario","D","San German","PR","Puerto Rico",25-MAY-23
"00637","S","Alts de San Jose","N","Sabana Grande","PR","Puerto Rico",25-MAY-23
"00637","S","Bda San Isidro","N","Sabana Grande","PR","Puerto Rico",25-MAY-23
"00637","S","Est del Rio","N","Sabana Grande","PR","Puerto Rico",25-MAY-23
"00637","S","Ext San Jose 2","N","Sabana Grande","PR","Puerto Rico",25-MAY-23
"00637","S","Parc Maginas","N","Sabana Grande","PR","Puerto Rico",25-MAY-23
"00637","S","Parc Susua","N","Sabana Grande","PR","Puerto Rico",25-MAY-23
"00637","S","RES SABANA","N","Sabana Grande","PR","Puerto Rico",25-MAY-23
"00637","S","Sabana Grande","D","Sabana Grande","PR","Puerto Rico",25-MAY-23
"00637","S","Urb El Arrendado","N","Sabana Grande","PR","Puerto Rico",25-MAY-23
"00637","S","Urb La Milagrosa","N","Sabana Grande","PR","Puerto Rico",25-MAY-23
"00637","S","Urb Sagrado Corazon","N","Sabana Grande","PR","Puerto Rico",25-MAY-23
"00637","S","Urb San Miguel","N","Sabana Grande","PR","Puerto Rico",25-MAY-23
"00637","S","Urb Santa Ana","N","Sabana Grande","PR","Puerto Rico",25-MAY-23
"00637","S","Urb Santa Elena","N","Sabana Grande","PR","Puerto Rico",25-MAY-23
"00637","S","Urb Santa Maria","N","Sabana Grande","PR","Puerto Rico",25-MAY-23
"00637","S","Vistas De Sabana Grande","N","Sabana Grande","PR","Puerto Rico",25-MAY-23
"00638","S","Ciales","D","Ciales","PR","Puerto Rico",25-MAY-23
"00638","S","Qtas De Ciales","N","Ciales","PR","Puerto Rico",25-MAY-23
"00638","S","Urb Dos Rios","N","Ciales","PR","Puerto Rico",25-MAY-23
"00638","S","Urb Los Llanos","N","Ciales","PR","Puerto Rico",25-MAY-23
"00638","S","Urb Monte Rey","N","Ciales","PR","Puerto Rico",25-MAY-23
"00638","S","Urb Verde Real","N","Ciales","PR","Puerto Rico",25-MAY-23
"00641","S","Alts de Utuado","N","Utuado","PR","Puerto Rico",25-MAY-23
"00641","S","Bda Nueva","N","Utuado","PR","Puerto Rico",25-MAY-23
"00641","S","Ext San Martin","N","Utuado","PR","Puerto Rico",25-MAY-23
"00641","S","Jard de Bubao","N","Utuado","PR","Puerto Rico",25-MAY-23
"00641","S","Sect Bella Vista","N","Utuado","PR","Puerto Rico",25-MAY-23
"00641","S","Sect Cercadillo","N","Utuado","PR","Puerto Rico",25-MAY-23
"00641","S","Sect Vendrell","N","Utuado","PR","Puerto Rico",25-MAY-23
"00641","S","Urb Cabrera","N","Utuado","PR","Puerto Rico",25-MAY-23
"00641","S","Urb Estancias Del Vivi","N","Utuado","PR","Puerto Rico",25-MAY-23
"00641","S","Urb Jesus M Lago","N","Utuado","PR","Puerto Rico",25-MAY-23
"00641","S","Urb Perez Matos","N","Utuado","PR","Puerto Rico",25-MAY-23
"00641","S","Urb San Martin","N","Utuado","PR","Puerto Rico",25-MAY-23
"00641","S","Utuado","D","Utuado","PR","Puerto Rico",25-MAY-23
"00646","S","Bo Arenal","N","Dorado","PR","Puerto Rico",25-MAY-23
"00646","S","Bo Higuillar","N","Dorado","PR","Puerto Rico",25-MAY-23
"00646","S","Bo Saldinera","N","Dorado","PR","Puerto Rico",25-MAY-23
"00646","S","Bosque Dorado","N","Dorado","PR","Puerto Rico",25-MAY-23
"00646","S","Brighton Country Club","N","Dorado","PR","Puerto Rico",25-MAY-23
"00646","S","Chalets de Dorado","N","Dorado","PR","Puerto Rico",25-MAY-23
"00646","S","Comunidad Arenales","N","Dorado","PR","Puerto Rico",25-MAY-23
"00646","S","Comunidad Arenales II","N","Dorado","PR","Puerto Rico",25-MAY-23
"00646","S","Dorado","D","Dorado","PR","Puerto Rico",25-MAY-23
"00646","S","Hacienda Mi Querido Viejo","N","Dorado","PR","Puerto Rico",25-MAY-23
"00646","S","Jard de Dorado","N","Dorado","PR","Puerto Rico",25-MAY-23
"00646","S","Jard Dorado","N","Dorado","PR","Puerto Rico",25-MAY-23
"00646","S","Parc El Cotto","N","Dorado","PR","Puerto Rico",25-MAY-23
"00646","S","Parc Mameyal","N","Dorado","PR","Puerto Rico",25-MAY-23
"00501","U","Holtsville","D","Suffolk","NY","New York",25-MAY-23
"00501","U","Internal Revenue Service","N","Suffolk","NY","New York",25-MAY-23
"00544","U","Holtsville","D","Suffolk","NY","New York",25-MAY-23
"00544","U","Internal Revenue Service","N","Suffolk","NY","New York",25-MAY-23
"00601","S","Adjuntas","D","Adjuntas","PR","Puerto Rico",25-MAY-23
"00601","S","Colinas Del Gigante","N","Adjuntas","PR","Puerto Rico",25-MAY-23
"00601","S","Jard de Adjuntas","N","Adjuntas","PR","Puerto Rico",25-MAY-23
"00601","S","Urb San Joaquin","N","Adjuntas","PR","Puerto Rico",25-MAY-23
"00602","S","Aguada","D","Aguada","PR","Puerto Rico",25-MAY-23
"00602","S","Alts de Aguada","N","Aguada","PR","Puerto Rico",25-MAY-23
"00602","S","Bo Guaniquilla","N","Aguada","PR","Puerto Rico",25-MAY-23
"00602","S","Comunidad Las Flores","N","Aguada","PR","Puerto Rico",25-MAY-23
"00602","S","Ext Los Robles","N","Aguada","PR","Puerto Rico",25-MAY-23
"00602","S","Sect Juan Ramirez","N","Aguada","PR","Puerto Rico",25-MAY-23
"00602","S","Sect La Ceiba","N","Aguada","PR","Puerto Rico",25-MAY-23
"00602","S","Sect Mariano Concepcion","N","Aguada","PR","Puerto Rico",25-MAY-23
"00602","S","Urb Isabel la Catolica","N","Aguada","PR","Puerto Rico",25-MAY-23
"00603","S","Aguadilla","D","Aguadilla","PR","Puerto Rico",25-MAY-23
"00603","S","Bda Caban","N","Aguadilla","PR","Puerto Rico",25-MAY-23
"00603","S","Bda Esteves","N","Aguadilla","PR","Puerto Rico",25-MAY-23
"00603","S","Bo Borinquen","N","Aguadilla","PR","Puerto Rico",25-MAY-23
"00603","S","Bo Ceiba Baja","N","Aguadilla","PR","Puerto Rico",25-MAY-23
"00603","S","Brisas Del Paraiso","N","Aguadilla","PR","Puerto Rico",25-MAY-23
"00603","S","Comunidad Mar Azul","N","Aguadilla","PR","Puerto Rico",25-MAY-23
"00603","S","Ext El Prado","N","Aguadilla","PR","Puerto Rico",25-MAY-23
"00603","S","Ext Marbella","N","Aguadilla","PR","Puerto Rico",25-MAY-23
"00603","S","Jard de Borinquen","N","Aguadilla","PR","Puerto Rico",25-MAY-23
"00603","S","Las Brisas","N","Aguadilla","PR","Puerto Rico",25-MAY-23
"00603","S","Ramey","A","Aguadilla","PR","Puerto Rico",25-MAY-23
"00603","S","Repto Jimenez","N","Aguadilla","PR","Puerto Rico",25-MAY-23
"00603","S","Repto Juan Aguiar","N","Aguadilla","PR","Puerto Rico",25-MAY-23
"00603","S","Repto Lopez","N","Aguadilla","PR","Puerto Rico",25-MAY-23
"00603","S","Repto Tres Palmas","N","Aguadilla","PR","Puerto Rico",25-MAY-23
"00603","S","Sect Las Villas","N","Aguadilla","PR","Puerto Rico",25-MAY-23
"00603","S","Urb Borinquen","N","Aguadilla","PR","Puerto Rico",25-MAY-23
"00603","S","Urb Cristal","N","Aguadilla","PR","Puerto Rico",25-MAY-23
"00603","S","Urb El Prado","N","Aguadilla","PR","Puerto Rico",25-MAY-23
"00603","S","Urb Esteves","N","Aguadilla","PR","Puerto Rico",25-MAY-23
"00603","S","Urb Garcia","N","Aguadilla","PR","Puerto Rico",25-MAY-23
"00603","S","Urb Las Americas","N","Aguadilla","PR","Puerto Rico",25-MAY-23
"00603","S","Urb Las Casitas Country Club","N","Aguadilla","PR","Puerto Rico",25-MAY-23
"00603","S","Urb Maleza Gdns","N","Aguadilla","PR","Puerto Rico",25-MAY-23
"00603","S","Urb Marbella","N","Aguadilla","PR","Puerto Rico",25-MAY-23
"00603","S","Urb Ramey","N","Aguadilla","PR","Puerto Rico",25-MAY-23
"00603","S","Urb Rubianes","N","Aguadilla","PR","Puerto Rico",25-MAY-23
"00603","S","Urb San Carlos","N","Aguadilla","PR","Puerto Rico",25-MAY-23
"00603","S","Urb Santa Marta","N","Aguadilla","PR","Puerto Rico",25-MAY-23
"00603","S","Urb Victoria","N","Aguadilla","PR","Puerto Rico",25-MAY-23
"00603","S","Villa Alegria","N","Aguadilla","PR","Puerto Rico",25-MAY-23
"00603","S","Villa Linda","N","Aguadilla","PR","Puerto Rico",25-MAY-23
"00603","S","Villa Lydia","N","Aguadilla","PR","Puerto Rico",25-MAY-23
"00603","S","Villa Universitaria","N","Aguadilla","PR","Puerto Rico",25-MAY-23
"00603","S","Villas de Almeria","N","Aguadilla","PR","Puerto Rico",25-MAY-23
"00603","S","Vista Alegre","N","Aguadilla","PR","Puerto Rico",25-MAY-23
"00603","S","Vista Verde","N","Aguadilla","PR","Puerto Rico",25-MAY-23
"00604","P","Aguadilla","D","Aguadilla","PR","Puerto Rico",25-MAY-23
"00604","P","Ramey","A","Aguadilla","PR","Puerto Rico",25-MAY-23
"00605","P","Aguadilla","D","Aguadilla","PR","Puerto Rico",25-MAY-23
"00606","S","Maricao","D","Maricao","PR","Puerto Rico",25-MAY-23
"00606","S","Urb San Juan Bautista","N","Maricao","PR","Puerto Rico",25-MAY-23
"00610","S","Anasco","D","Anasco","PR","Puerto Rico",25-MAY-23
"00610","S","Brisas de Anasco","N","Anasco","PR","Puerto Rico",25-MAY-23
"00610","S","Est de Valle Verde","N","Anasco","PR","Puerto Rico",25-MAY-23
"00610","S","Jard de Anasco","N","Anasco","PR","Puerto Rico",25-MAY-23
"00610","S","Paseo Del Valle","N","Anasco","PR","Puerto Rico",25-MAY-23
"00610","S","Repto Daguey","N","Anasco","PR","Puerto Rico",25-MAY-23
"00610","S","Sect Sanchez","N","Anasco","PR","Puerto Rico",25-MAY-23
"00610","S","Urb Los Arboles","N","Anasco","PR","Puerto Rico",25-MAY-23
"00610","S","Urb San Antonio","N","Anasco","PR","Puerto Rico",25-MAY-23
"00610","S","Urb Valle Real","N","Anasco","PR","Puerto Rico",25-MAY-23
"00611","P","Angeles","D","Utuado","PR","Puerto Rico",25-MAY-23
"00612","S","Alt de Juncos","N","Arecibo","PR","Puerto Rico",25-MAY-23
"00612","S","Alt de San Felipe","N","Arecibo","PR","Puerto Rico",25-MAY-23
"00612","S","Arecibo","D","Arecibo","PR","Puerto Rico",25-MAY-23
"00612","S","Bda Duhamel","N","Arecibo","PR","Puerto Rico",25-MAY-23
"00612","S","Bo El Pasaje","N","Arecibo","PR","Puerto Rico",25-MAY-23
"00612","S","Bo Islote","N","Arecibo","PR","Puerto Rico",25-MAY-23
"00612","S","Bo Islote Ii","N","Arecibo","PR","Puerto Rico",25-MAY-23
"00612","S","Bo Jarealitos","N","Arecibo","PR","Puerto Rico",25-MAY-23
"00612","S","Bo Obrero","N","Arecibo","PR","Puerto Rico",25-MAY-23
"00612","S","Bo Santana","N","Arecibo","PR","Puerto Rico",25-MAY-23
"00612","S","CIUDAD ATLANTIS","N","Arecibo","PR","Puerto Rico",25-MAY-23
"00612","S","Comunidad Buenos Aires","N","Arecibo","PR","Puerto Rico",25-MAY-23
"00612","S","Est de Arecibo","N","Arecibo","PR","Puerto Rico",25-MAY-23
"00612","S","Est de Balseiro","N","Arecibo","PR","Puerto Rico",25-MAY-23
"00612","S","Ext Marisol","N","Arecibo","PR","Puerto Rico",25-MAY-23
"00612","S","Ext Tanama","N","Arecibo","PR","Puerto Rico",25-MAY-23
"00612","S","Ext Villa los Santos I","N","Arecibo","PR","Puerto Rico",25-MAY-23
"00612","S","Ext Villa los Santos Ii","N","Arecibo","PR","Puerto Rico",25-MAY-23
"00612","S","Hacienda Toledo","N","Arecibo","PR","Puerto Rico",25-MAY-23
"00612","S","Jard de Arecibo","N","Arecibo","PR","Puerto Rico",25-MAY-23
"00612","S","Jard de San Rafael","N","Arecibo","PR","Puerto Rico",25-MAY-23
"00612","S","Parc Mattey","N","Arecibo","PR","Puerto Rico",25-MAY-23
"00612","S","Parc Navas","N","Arecibo","PR","Puerto Rico",25-MAY-23
"00612","S","Parc Perez","N","Arecibo","PR","Puerto Rico",25-MAY-23
"00612","S","Parc Rodriguez Olmo","N","Arecibo","PR","Puerto Rico",25-MAY-23
"00612","S","Parq de Jardines","N","Arecibo","PR","Puerto Rico",25-MAY-23
"00612","S","Paseo De La Reina","N","Arecibo","PR","Puerto Rico",25-MAY-23
"00612","S","Paseo del Prado","N","Arecibo","PR","Puerto Rico",25-MAY-23
"00612","S","Paseos Reales","N","Arecibo","PR","Puerto Rico",25-MAY-23
"00612","S","Repto Diosesano","N","Arecibo","PR","Puerto Rico",25-MAY-23
"00612","S","Repto Marquez","N","Arecibo","PR","Puerto Rico",25-MAY-23
"00612","S","Repto San Jose","N","Arecibo","PR","Puerto Rico",25-MAY-23
"00612","S","Repto San Juan","N","Arecibo","PR","Puerto Rico",25-MAY-23
"00612","S","Rpto Capitolio","N","Arecibo","PR","Puerto Rico",25-MAY-23
"00612","S","Sect Abra","N","Arecibo","PR","Puerto Rico",25-MAY-23
"00612","S","Sect El Cano","N","Arecibo","PR","Puerto Rico",25-MAY-23
"00612","S","Sect Las Animas","N","Arecibo","PR","Puerto Rico",25-MAY-23
"00612","S","Sect Muelle","N","Arecibo","PR","Puerto Rico",25-MAY-23
"00612","S","Urb Arecibo Gdns","N","Arecibo","PR","Puerto Rico",25-MAY-23
"00612","S","Urb Brisas Del Mar Ii","N","Arecibo","PR","Puerto Rico",25-MAY-23
"00612","S","Urb College Park","N","Arecibo","PR","Puerto Rico",25-MAY-23
"00612","S","Urb Costas del Atlantico","N","Arecibo","PR","Puerto Rico",25-MAY-23
"00612","S","Urb El Paraiso","N","Arecibo","PR","Puerto Rico",25-MAY-23
"00612","S","Urb Factor","N","Arecibo","PR","Puerto Rico",25-MAY-23
"00612","S","Urb Garcia","N","Arecibo","PR","Puerto Rico",25-MAY-23
"00612","S","Urb Garden View","N","Arecibo","PR","Puerto Rico",25-MAY-23
"00612","S","Urb La Mucura","N","Arecibo","PR","Puerto Rico",25-MAY-23
"00612","S","Urb Las Brisas","N","Arecibo","PR","Puerto Rico",25-MAY-23
"00612","S","Urb Los Aires","N","Arecibo","PR","Puerto Rico",25-MAY-23
"00612","S","Urb Los Corales","N","Arecibo","PR","Puerto Rico",25-MAY-23
"00612","S","Urb Los Llanos","N","Arecibo","PR","Puerto Rico",25-MAY-23
"00612","S","Urb Los Pinos","N","Arecibo","PR","Puerto Rico",25-MAY-23
"00612","S","Urb Los Pinos II","N","Arecibo","PR","Puerto Rico",25-MAY-23
"00612","S","Urb Marisol","N","Arecibo","PR","Puerto Rico",25-MAY-23
"00612","S","Urb Martell","N","Arecibo","PR","Puerto Rico",25-MAY-23
"00612","S","Urb Ocean Vw","N","Arecibo","PR","Puerto Rico",25-MAY-23
"00612","S","Urb Paseos Del Prado","N","Arecibo","PR","Puerto Rico",25-MAY-23
"00612","S","Urb Radioville","N","Arecibo","PR","Puerto Rico",25-MAY-23
"00612","S","Urb Regional","N","Arecibo","PR","Puerto Rico",25-MAY-23
"00612","S","Urb San Daniel","N","Arecibo","PR","Puerto Rico",25-MAY-23
"00612","S","Urb San Felipe","N","Arecibo","PR","Puerto Rico",25-MAY-23
"00612","S","Urb San Lorenzo","N","Arecibo","PR","Puerto Rico",25-MAY-23
"00612","S","Urb Tanama","N","Arecibo","PR","Puerto Rico",25-MAY-23
"00612","S","Urb University Gdns","N","Arecibo","PR","Puerto Rico",25-MAY-23
"00612","S","Urb Victor Rojas 1","N","Arecibo","PR","Puerto Rico",25-MAY-23
"00612","S","Urb Victor Rojas 2","N","Arecibo","PR","Puerto Rico",25-MAY-23
"00612","S","Urb Villamar","N","Arecibo","PR","Puerto Rico",25-MAY-23
"00612","S","Urb Zeno Gandia","N","Arecibo","PR","Puerto Rico",25-MAY-23
"00612","S","Valle Escondido","N","Arecibo","PR","Puerto Rico",25-MAY-23
"00612","S","Villa Los Santos","N","Arecibo","PR","Puerto Rico",25-MAY-23
"00612","S","Villa Lucia","N","Arecibo","PR","Puerto Rico",25-MAY-23
"00612","S","Villa Serena","N","Arecibo","PR","Puerto Rico",25-MAY-23
"00612","S","Villa Toledo","N","Arecibo","PR","Puerto Rico",25-MAY-23
"00612","S","Villas del Capitan","N","Arecibo","PR","Puerto Rico",25-MAY-23
"00612","S","Villas del Sol","N","Arecibo","PR","Puerto Rico",25-MAY-23
"00612","S","VISTA Azul","N","Arecibo","PR","Puerto Rico",25-MAY-23
"00612","S","Vista del Atlantico","N","Arecibo","PR","Puerto Rico",25-MAY-23
"00613","P","Arecibo","D","Arecibo","PR","Puerto Rico",25-MAY-23
"00614","P","Arecibo","D","Arecibo","PR","Puerto Rico",25-MAY-23
"00616","S","Bajadero","D","Arecibo","PR","Puerto Rico",25-MAY-23
"00616","S","Brisas Del Valle","N","Arecibo","PR","Puerto Rico",25-MAY-23
"00617","S","Atlantic View Village","N","Barceloneta","PR","Puerto Rico",25-MAY-23
"00617","S","Barceloneta","D","Barceloneta","PR","Puerto Rico",25-MAY-23
"00617","S","Bda Catalana","N","Barceloneta","PR","Puerto Rico",25-MAY-23
"00617","S","Brisas de Llanadas","N","Barceloneta","PR","Puerto Rico",25-MAY-23
"00617","S","Brisas del Monte","N","Barceloneta","PR","Puerto Rico",25-MAY-23
"00617","S","Est de Barceloneta","N","Barceloneta","PR","Puerto Rico",25-MAY-23
"00617","S","Est de Florida","N","Barceloneta","PR","Puerto Rico",25-MAY-23
"00617","S","Ext Est De Imbery","N","Barceloneta","PR","Puerto Rico",25-MAY-23
"00617","S","Ext Parc Punta Palmas","N","Barceloneta","PR","Puerto Rico",25-MAY-23
"00617","S","Isla De Roque Estates","N","Barceloneta","PR","Puerto Rico",25-MAY-23
"00617","S","Parc Garrochales","N","Barceloneta","PR","Puerto Rico",25-MAY-23
"00617","S","Parc Imbery","N","Barceloneta","PR","Puerto Rico",25-MAY-23
"00617","S","Parc Magueyes","N","Barceloneta","PR","Puerto Rico",25-MAY-23
"00617","S","Parc Palenque","N","Barceloneta","PR","Puerto Rico",25-MAY-23
"00617","S","Parc Punta Palmas","N","Barceloneta","PR","Puerto Rico",25-MAY-23
"00617","S","Parc Tiburon","N","Barceloneta","PR","Puerto Rico",25-MAY-23
"00617","S","Repto Las Llanadas","N","Barceloneta","PR","Puerto Rico",25-MAY-23
"00617","S","Urb Cataluna","N","Barceloneta","PR","Puerto Rico",25-MAY-23
"00617","S","Urb Cimarrona Ct","N","Barceloneta","PR","Puerto Rico",25-MAY-23
"00617","S","Urb City Paradise","N","Barceloneta","PR","Puerto Rico",25-MAY-23
"00617","S","Urb Est De Imbery","N","Barceloneta","PR","Puerto Rico",25-MAY-23
"00617","S","Urb Las Delicias","N","Barceloneta","PR","Puerto Rico",25-MAY-23
"00617","S","Urb las Praderas","N","Barceloneta","PR","Puerto Rico",25-MAY-23
"00617","S","Urb Las Praderas Ii","N","Barceloneta","PR","Puerto Rico",25-MAY-23
"00617","S","Urb Ortega","N","Barceloneta","PR","Puerto Rico",25-MAY-23
"00617","S","Urb Palmeras","N","Barceloneta","PR","Puerto Rico",25-MAY-23
"00617","S","Urb Plazuela Estates","N","Barceloneta","PR","Puerto Rico",25-MAY-23
"00617","S","Urb Sol Naciente","N","Barceloneta","PR","Puerto Rico",25-MAY-23
"00617","S","Villa Barcelona","N","Barceloneta","PR","Puerto Rico",25-MAY-23
"00617","S","Villa Central","N","Barceloneta","PR","Puerto Rico",25-MAY-23
"00617","S","Villa Georgetti","N","Barceloneta","PR","Puerto Rico",25-MAY-23
"00617","S","Villas de la Sabana","N","Barceloneta","PR","Puerto Rico",25-MAY-23
"00622","S","Boqueron","D","Cabo Rojo","PR","Puerto Rico",25-MAY-23
"00622","S","Villa Taina","N","Cabo Rojo","PR","Puerto Rico",25-MAY-23
"00623","S","Alts De Joyuda","N","Cabo Rojo","PR","Puerto Rico",25-MAY-23
"00623","S","Alts del Mar","N","Cabo Rojo","PR","Puerto Rico",25-MAY-23
"00623","S","Bo Ballaja","N","Cabo Rojo","PR","Puerto Rico",25-MAY-23
"00623","S","Bo Monte Grande","N","Cabo Rojo","PR","Puerto Rico",25-MAY-23
"00623","S","Cabo Rojo","D","Cabo Rojo","PR","Puerto Rico",25-MAY-23
"00680","S","Bo Barcelona","N","Mayaguez","PR","Puerto Rico",25-MAY-23
"00680","S","Bo Broadway","N","Mayaguez","PR","Puerto Rico",25-MAY-23
"00680","S","Bo Buena Vista","N","Mayaguez","PR","Puerto Rico",25-MAY-23
"00680","S","Bo Cantera","N","Mayaguez","PR","Puerto Rico",25-MAY-23
"00680","S","Bo Carcel","N","Mayaguez","PR","Puerto Rico",25-MAY-23
"00680","S","Bo Colombia","N","Mayaguez","PR","Puerto Rico",25-MAY-23
"00680","S","Bo La Quinta","N","Mayaguez","PR","Puerto Rico",25-MAY-23
"00680","S","Bo Liceo","N","Mayaguez","PR","Puerto Rico",25-MAY-23
"00680","S","Bo Mineral","N","Mayaguez","PR","Puerto Rico",25-MAY-23
"00680","S","Bo Paris","N","Mayaguez","PR","Puerto Rico",25-MAY-23
"00680","S","Bo Rio Hondo","N","Mayaguez","PR","Puerto Rico",25-MAY-23
"00680","S","Bo Sabalos","N","Mayaguez","PR","Puerto Rico",25-MAY-23
"00680","S","Bo Salud","N","Mayaguez","PR","Puerto Rico",25-MAY-23
"00680","S","Bo Santurce","N","Mayaguez","PR","Puerto Rico",25-MAY-23
"00680","S","Est del Rio","N","Mayaguez","PR","Puerto Rico",25-MAY-23
"00680","S","Ext Belmonte","N","Mayaguez","PR","Puerto Rico",25-MAY-23
"00680","S","Lomas Verdes","N","Mayaguez","PR","Puerto Rico",25-MAY-23
"00680","S","Mayaguez","D","Mayaguez","PR","Puerto Rico",25-MAY-23
"00680","S","Repto Antillano","N","Mayaguez","PR","Puerto Rico",25-MAY-23
"00680","S","Repto Brisas De Rio Hondo","N","Mayaguez","PR","Puerto Rico",25-MAY-23
"00680","S","Repto Flamboyan","N","Mayaguez","PR","Puerto Rico",25-MAY-23
"00680","S","Repto Macias","N","Mayaguez","PR","Puerto Rico",25-MAY-23
"00680","S","Repto San Miguel","N","Mayaguez","PR","Puerto Rico",25-MAY-23
"00680","S","Urb Alemany","N","Mayaguez","PR","Puerto Rico",25-MAY-23
"00680","S","Urb Belmonte","N","Mayaguez","PR","Puerto Rico",25-MAY-23
"00680","S","Urb Ensanche Ramirez","N","Mayaguez","PR","Puerto Rico",25-MAY-23
"00680","S","Urb Ensanche Vivaldi","N","Mayaguez","PR","Puerto Rico",25-MAY-23
"00680","S","Urb Flor del Valle","N","Mayaguez","PR","Puerto Rico",25-MAY-23
"00680","S","Urb La Estancia","N","Mayaguez","PR","Puerto Rico",25-MAY-23
"00680","S","Urb Monterey","N","Mayaguez","PR","Puerto Rico",25-MAY-23
"00680","S","Urb Paraiso De Mayaguez","N","Mayaguez","PR","Puerto Rico",25-MAY-23
"00680","S","Urb Ponce de Leon","N","Mayaguez","PR","Puerto Rico",25-MAY-23
"00680","S","Urb Pura Brisa","N","Mayaguez","PR","Puerto Rico",25-MAY-23
"00680","S","Urb Rio Cristal","N","Mayaguez","PR","Puerto Rico",25-MAY-23
"00680","S","Urb Santa Maria","N","Mayaguez","PR","Puerto Rico",25-MAY-23
"00680","S","Urb Sultana","N","Mayaguez","PR","Puerto Rico",25-MAY-23
"00680","S","Villa Angelica","N","Mayaguez","PR","Puerto Rico",25-MAY-23
"00680","S","Villa Gerena","N","Mayaguez","PR","Puerto Rico",25-MAY-23
"00680","S","Villa India","N","Mayaguez","PR","Puerto Rico",25-MAY-23
"00680","S","Villa Sultanita","N","Mayaguez","PR","Puerto Rico",25-MAY-23
"00680","S","Villas de Felisa","N","Mayaguez","PR","Puerto Rico",25-MAY-23
"00680","S","Villas del Rio","N","Mayaguez","PR","Puerto Rico",25-MAY-23
"00680","S","Villas del Sol","N","Mayaguez","PR","Puerto Rico",25-MAY-23
"00681","P","Mayaguez","D","Mayaguez","PR","Puerto Rico",25-MAY-23
"00682","S","Alt de Algarrobo","N","Mayaguez","PR","Puerto Rico",25-MAY-23
"00682","S","Alt de Mayaguez","N","Mayaguez","PR","Puerto Rico",25-MAY-23
"00682","S","Bo Dulces Labios","N","Mayaguez","PR","Puerto Rico",25-MAY-23
"00682","S","Bo El Seco","N","Mayaguez","PR","Puerto Rico",25-MAY-23
"00682","S","Bo Mani","N","Mayaguez","PR","Puerto Rico",25-MAY-23
"00682","S","Bo Tras Talleres","N","Mayaguez","PR","Puerto Rico",25-MAY-23
"00682","S","Jard de Guanajibo","N","Mayaguez","PR","Puerto Rico",25-MAY-23
"00682","S","Jard del Caribe","N","Mayaguez","PR","Puerto Rico",25-MAY-23
"00682","S","Mans de Espana","N","Mayaguez","PR","Puerto Rico",25-MAY-23
"00682","S","Mayaguez","D","Mayaguez","PR","Puerto Rico",25-MAY-23
"00682","S","Parc Castillo","N","Mayaguez","PR","Puerto Rico",25-MAY-23
"00682","S","Parc Mani","N","Mayaguez","PR","Puerto Rico",25-MAY-23
"00682","S","Parc Soledad","N","Mayaguez","PR","Puerto Rico",25-MAY-23
"00682","S","Parq De La Ceiba","N","Mayaguez","PR","Puerto Rico",25-MAY-23
"00682","S","Repto Los Chevres","N","Mayaguez","PR","Puerto Rico",25-MAY-23
"00682","S","Repto San Francisco","N","Mayaguez","PR","Puerto Rico",25-MAY-23
"00682","S","Urb Bella Lomas","N","Mayaguez","PR","Puerto Rico",25-MAY-23
"00682","S","Urb Buenaventura","N","Mayaguez","PR","Puerto Rico",25-MAY-23
"00682","S","Urb Ensanche Ramirez","N","Mayaguez","PR","Puerto Rico",25-MAY-23
"00682","S","Urb Fraternidad","N","Mayaguez","PR","Puerto Rico",25-MAY-23
"00682","S","Urb Guanajibo Gdns","N","Mayaguez","PR","Puerto Rico",25-MAY-23
"00682","S","Urb Guanajibo Homes","N","Mayaguez","PR","Puerto Rico",25-MAY-23
"00682","S","Urb Hostos","N","Mayaguez","PR","Puerto Rico",25-MAY-23
"00682","S","Urb La Riviera","N","Mayaguez","PR","Puerto Rico",25-MAY-23
"00682","S","Urb Llavat","N","Mayaguez","PR","Puerto Rico",25-MAY-23
"00682","S","Urb Los Versalles","N","Mayaguez","PR","Puerto Rico",25-MAY-23
"00682","S","Urb Mayaguez Terrace","N","Mayaguez","PR","Puerto Rico",25-MAY-23
"00682","S","Urb Mendoza","N","Mayaguez","PR","Puerto Rico",25-MAY-23
"00682","S","Urb Miradero Gdns","N","Mayaguez","PR","Puerto Rico",25-MAY-23
"00682","S","Urb Miradero Hls","N","Mayaguez","PR","Puerto Rico",25-MAY-23
"00682","S","Urb Petiteville","N","Mayaguez","PR","Puerto Rico",25-MAY-23
"00682","S","Urb Quinto Centenario","N","Mayaguez","PR","Puerto Rico",25-MAY-23
"00682","S","Urb Ramirez de Arellano","N","Mayaguez","PR","Puerto Rico",25-MAY-23
"00682","S","Urb San Jose","N","Mayaguez","PR","Puerto Rico",25-MAY-23
"00682","S","Urb Santa Rosa De Lima","N","Mayaguez","PR","Puerto Rico",25-MAY-23
"00682","S","Urb Westernlake Vlg","N","Mayaguez","PR","Puerto Rico",25-MAY-23
"00682","S","Villas del Oeste","N","Mayaguez","PR","Puerto Rico",25-MAY-23
"00682","S","Vista Verde","N","Mayaguez","PR","Puerto Rico",25-MAY-23
"00683","S","Bo Duey Alto","N","San German","PR","Puerto Rico",25-MAY-23
"00683","S","Bo Rosario Alto","N","San German","PR","Puerto Rico",25-MAY-23
"00683","S","Ext Mans San German","N","San German","PR","Puerto Rico",25-MAY-23
"00683","S","Ext Parc Sabana Eneas","N","San German","PR","Puerto Rico",25-MAY-23
"00683","S","Ext Santa Maria","N","San German","PR","Puerto Rico",25-MAY-23
"00683","S","Ext Villa Interamericana","N","San German","PR","Puerto Rico",25-MAY-23
"00683","S","Hacienda La Monserrate","N","San German","PR","Puerto Rico",25-MAY-23
"00683","S","Haciendas De San German","N","San German","PR","Puerto Rico",25-MAY-23
"00683","S","Mans de San German","N","San German","PR","Puerto Rico",25-MAY-23
"00683","S","Mans Reales","N","San German","PR","Puerto Rico",25-MAY-23
"00683","S","Parc Sabana Eneas","N","San German","PR","Puerto Rico",25-MAY-23
"00683","S","Paseos Del Valle","N","San German","PR","Puerto Rico",25-MAY-23
"00683","S","Qtas De La Ceiba","N","San German","PR","Puerto Rico",25-MAY-23
"00683","S","Repto Suris","N","San German","PR","Puerto Rico",25-MAY-23
"00683","S","Repto Universidad","N","San German","PR","Puerto Rico",25-MAY-23
"00683","S","San German","D","San German","PR","Puerto Rico",25-MAY-23
"00683","S","Sect La Calabaza","N","San German","PR","Puerto Rico",25-MAY-23
"00683","S","Sect La Sierra","N","San German","PR","Puerto Rico",25-MAY-23
"00683","S","Sect Pin Quinonez","N","San German","PR","Puerto Rico",25-MAY-23
"00683","S","Sect Rafuche","N","San German","PR","Puerto Rico",25-MAY-23
"00683","S","Tropical Gdns","N","San German","PR","Puerto Rico",25-MAY-23
"00683","S","Urb Borinquen","N","San German","PR","Puerto Rico",25-MAY-23
"00683","S","Urb El Convento","N","San German","PR","Puerto Rico",25-MAY-23
"00683","S","Urb El Pedregal","N","San German","PR","Puerto Rico",25-MAY-23
"00683","S","Urb El Real","N","San German","PR","Puerto Rico",25-MAY-23
"00683","S","Urb La Nueva Salamanca","N","San German","PR","Puerto Rico",25-MAY-23
"00683","S","Urb La Quinta Dr Velez","N","San German","PR","Puerto Rico",25-MAY-23
"00683","S","Urb Las Quintas","N","San German","PR","Puerto Rico",25-MAY-23
"00683","S","Urb Los Sauces","N","San German","PR","Puerto Rico",25-MAY-23
"00683","S","Urb Montebello","N","San German","PR","Puerto Rico",25-MAY-23
"00683","S","Urb Porta Coeli","N","San German","PR","Puerto Rico",25-MAY-23
"00683","S","Urb Retiro","N","San German","PR","Puerto Rico",25-MAY-23
"00683","S","Urb Riverside","N","San German","PR","Puerto Rico",25-MAY-23
"00683","S","Urb Santa Maria","N","San German","PR","Puerto Rico",25-MAY-23
"00683","S","Valle Verde","N","San German","PR","Puerto Rico",25-MAY-23
"00683","S","Villa Auxerre","N","San German","PR","Puerto Rico",25-MAY-23
"00683","S","Villa Interamericana","N","San German","PR","Puerto Rico",25-MAY-23
"00683","S","Villas De Charied","N","San German","PR","Puerto Rico",25-MAY-23
"00685","S","Bda Chinto Rodon","N","San Sebastian","PR","Puerto Rico",25-MAY-23
"00685","S","Bda Estalingrado","N","San Sebastian","PR","Puerto Rico",25-MAY-23
"00685","S","Bda Paralelo 38","N","San Sebastian","PR","Puerto Rico",25-MAY-23
"00685","S","Bda Pueblo Nuevo","N","San Sebastian","PR","Puerto Rico",25-MAY-23
"00685","S","Bda Tablastilla","N","San Sebastian","PR","Puerto Rico",25-MAY-23
"00685","S","Colinas Verdes","N","San Sebastian","PR","Puerto Rico",25-MAY-23
"00685","S","Comunidad Gonzalez","N","San Sebastian","PR","Puerto Rico",25-MAY-23
"00685","S","Ext Villa Rita","N","San Sebastian","PR","Puerto Rico",25-MAY-23
"00685","S","Jard Guatemala","N","San Sebastian","PR","Puerto Rico",25-MAY-23
"00685","S","Repto Pin Mendez","N","San Sebastian","PR","Puerto Rico",25-MAY-23
"00685","S","San Sebastian","D","San Sebastian","PR","Puerto Rico",25-MAY-23
"00685","S","Urb Chinto Rodon","N","San Sebastian","PR","Puerto Rico",25-MAY-23
"00685","S","Urb El Culebrina","N","San Sebastian","PR","Puerto Rico",25-MAY-23
"00685","S","Urb El Guayabal","N","San Sebastian","PR","Puerto Rico",25-MAY-23
"00685","S","Urb La Estancia","N","San Sebastian","PR","Puerto Rico",25-MAY-23
"00685","S","Urb Los Alamos","N","San Sebastian","PR","Puerto Rico",25-MAY-23
"00685","S","Urb Olivencia","N","San Sebastian","PR","Puerto Rico",25-MAY-23
"00685","S","Urb Pedro T Labayen","N","San Sebastian","PR","Puerto Rico",25-MAY-23
"00685","S","Urb Pepino","N","San Sebastian","PR","Puerto Rico",25-MAY-23
"00685","S","Urb Venturini","N","San Sebastian","PR","Puerto Rico",25-MAY-23
"00685","S","Valle Verde","N","San Sebastian","PR","Puerto Rico",25-MAY-23
"00685","S","Villa Rita","N","San Sebastian","PR","Puerto Rico",25-MAY-23
"00685","S","Villas de Piedra Blanca","N","San Sebastian","PR","Puerto Rico",25-MAY-23
"00687","S","Brisas del Norte","N","Morovis","PR","Puerto Rico",25-MAY-23
"00687","S","Brisas del Rio","N","Morovis","PR","Puerto Rico",25-MAY-23
"00687","S","Comunidad Juan Otero","N","Morovis","PR","Puerto Rico",25-MAY-23
"00687","S","Est Los Turpiales","N","Morovis","PR","Puerto Rico",25-MAY-23
"00687","S","Ext Torrecillas","N","Morovis","PR","Puerto Rico",25-MAY-23
"00687","S","Jard de Montellano","N","Morovis","PR","Puerto Rico",25-MAY-23
"00687","S","Jard De Romany","N","Morovis","PR","Puerto Rico",25-MAY-23
"00687","S","Jard de Russe","N","Morovis","PR","Puerto Rico",25-MAY-23
"00687","S","Morovis","D","Morovis","PR","Puerto Rico",25-MAY-23
"00687","S","Palmas Del Sur","N","Morovis","PR","Puerto Rico",25-MAY-23
"00687","S","Parc Barahona","N","Morovis","PR","Puerto Rico",25-MAY-23
"00687","S","Parc Torrecillas","N","Morovis","PR","Puerto Rico",25-MAY-23
"00687","S","Praderas De Morovis Sur","N","Morovis","PR","Puerto Rico",25-MAY-23
"00687","S","Qtas de Morovis","N","Morovis","PR","Puerto Rico",25-MAY-23
"00687","S","Repto Los Torres","N","Morovis","PR","Puerto Rico",25-MAY-23
"00687","S","Sect Berio","N","Morovis","PR","Puerto Rico",25-MAY-23
"00687","S","Sect La Alianza","N","Morovis","PR","Puerto Rico",25-MAY-23
"00687","S","Sect Marrero","N","Morovis","PR","Puerto Rico",25-MAY-23
"00687","S","Sect Pabon","N","Morovis","PR","Puerto Rico",25-MAY-23
"00687","S","Urb Cruz Rosario","N","Morovis","PR","Puerto Rico",25-MAY-23
"00687","S","Urb Las Cumbres","N","Morovis","PR","Puerto Rico",25-MAY-23
"00687","S","Urb Riveras De Unibon","N","Morovis","PR","Puerto Rico",25-MAY-23
"00687","S","Urb Rose Valley","N","Morovis","PR","Puerto Rico",25-MAY-23
"00687","S","Urb Russe","N","Morovis","PR","Puerto Rico",25-MAY-23
"00687","S","Urb Tajaomar","N","Morovis","PR","Puerto Rico",25-MAY-23
"00687","S","Valle Barahona","N","Morovis","PR","Puerto Rico",25-MAY-23
"00687","S","Valles de San Luis","N","Morovis","PR","Puerto Rico",25-MAY-23
"00687","S","Villa Roca","N","Morovis","PR","Puerto Rico",25-MAY-23
"00687","S","Villas del Norte","N","Morovis","PR","Puerto Rico",25-MAY-23
"00687","S","Vista Verde","N","Morovis","PR","Puerto Rico",25-MAY-23
"00688","S","Est de Sabana","N","Arecibo","PR","Puerto Rico",25-MAY-23
"00688","S","Mans De Manantiales","N","Arecibo","PR","Puerto Rico",25-MAY-23
"00688","S","Sabana Hoyos","D","Arecibo","PR","Puerto Rico",25-MAY-23
"00690","S","Brisas De Campo Alegre","N","Aguadilla","PR","Puerto Rico",25-MAY-23
"00690","S","Hacienda Asturias","N","Aguadilla","PR","Puerto Rico",25-MAY-23
"00690","S","Parq Ind San Antonio","N","Aguadilla","PR","Puerto Rico",25-MAY-23
"00690","S","Paseos Reales","N","Aguadilla","PR","Puerto Rico",25-MAY-23
"00690","S","San Antonio","D","Aguadilla","PR","Puerto Rico",25-MAY-23
"00690","S","Sect Campo Alegre","N","Aguadilla","PR","Puerto Rico",25-MAY-23
"00690","S","Urb Nuevo San Antonio","N","Aguadilla","PR","Puerto Rico",25-MAY-23
"00690","S","Urb San Antonio","N","Aguadilla","PR","Puerto Rico",25-MAY-23
"00692","S","Alts de Cerro Gordo 1&2","N","Vega Alta","PR","Puerto Rico",25-MAY-23
"00692","S","Alts De Cerro Gordo 3&4","N","Vega Alta","PR","Puerto Rico",25-MAY-23
"00692","S","Bda Corea","N","Vega Alta","PR","Puerto Rico",25-MAY-23
"00692","S","Bo Brenas","N","Vega Alta","PR","Puerto Rico",25-MAY-23
"00692","S","Comunidad Manantial","N","Vega Alta","PR","Puerto Rico",25-MAY-23
"00646","S","Parc San Antonio","N","Dorado","PR","Puerto Rico",25-MAY-23
"00646","S","Paseo del Mar","N","Dorado","PR","Puerto Rico",25-MAY-23
"00646","S","Paseo del Sol","N","Dorado","PR","Puerto Rico",25-MAY-23
"00646","S","Paseo Las Olas","N","Dorado","PR","Puerto Rico",25-MAY-23
"00646","S","Paseo Las Palmas","N","Dorado","PR","Puerto Rico",25-MAY-23
"00646","S","Paseo Los Corales","N","Dorado","PR","Puerto Rico",25-MAY-23
"00646","S","Paseo Los Corales II","N","Dorado","PR","Puerto Rico",25-MAY-23
"00646","S","Paseo Real","N","Dorado","PR","Puerto Rico",25-MAY-23
"00646","S","Qtas de Dorado","N","Dorado","PR","Puerto Rico",25-MAY-23
"00646","S","Ritz Carlton Reserve","N","Dorado","PR","Puerto Rico",25-MAY-23
"00646","S","Sect La Aldea","N","Dorado","PR","Puerto Rico",25-MAY-23
"00646","S","Urb Costa de Oro","N","Dorado","PR","Puerto Rico",25-MAY-23
"00646","S","Urb Dorado Country Ests","N","Dorado","PR","Puerto Rico",25-MAY-23
"00646","S","Urb Dorado del Mar","N","Dorado","PR","Puerto Rico",25-MAY-23
"00646","S","Urb Dorado Reef","N","Dorado","PR","Puerto Rico",25-MAY-23
"00646","S","Urb Doraville","N","Dorado","PR","Puerto Rico",25-MAY-23
"00646","S","Urb Gables Breeze","N","Dorado","PR","Puerto Rico",25-MAY-23
"00646","S","Urb Golden Hls","N","Dorado","PR","Puerto Rico",25-MAY-23
"00646","S","Urb Isla De Las Flores","N","Dorado","PR","Puerto Rico",25-MAY-23
"00646","S","Urb Laguna 1","N","Dorado","PR","Puerto Rico",25-MAY-23
"00646","S","Urb Laguna 2","N","Dorado","PR","Puerto Rico",25-MAY-23
"00646","S","Urb Los Montes","N","Dorado","PR","Puerto Rico",25-MAY-23
"00646","S","Urb Los Prados Norte","N","Dorado","PR","Puerto Rico",25-MAY-23
"00646","S","Urb Los Prados Sur","N","Dorado","PR","Puerto Rico",25-MAY-23
"00646","S","Urb Martorell","N","Dorado","PR","Puerto Rico",25-MAY-23
"00646","S","Urb Miraflores","N","Dorado","PR","Puerto Rico",25-MAY-23
"00646","S","Urb Molinos Del Rio","N","Dorado","PR","Puerto Rico",25-MAY-23
"00646","S","Urb Monte Bello","N","Dorado","PR","Puerto Rico",25-MAY-23
"00646","S","Urb Monte Elena","N","Dorado","PR","Puerto Rico",25-MAY-23
"00646","S","Urb Monte Mayor","N","Dorado","PR","Puerto Rico",25-MAY-23
"00646","S","Urb Monte Verde","N","Dorado","PR","Puerto Rico",25-MAY-23
"00646","S","Urb Montelindo","N","Dorado","PR","Puerto Rico",25-MAY-23
"00646","S","Urb Montereal","N","Dorado","PR","Puerto Rico",25-MAY-23
"00646","S","Urb Paisajes De Dorado","N","Dorado","PR","Puerto Rico",25-MAY-23
"00646","S","Urb Palmar Dorado Norte","N","Dorado","PR","Puerto Rico",25-MAY-23
"00646","S","Urb Palmar Dorado Sur","N","Dorado","PR","Puerto Rico",25-MAY-23
"00646","S","Urb Sabanera Dorado","N","Dorado","PR","Puerto Rico",25-MAY-23
"00646","S","Urb Santa Barbara","N","Dorado","PR","Puerto Rico",25-MAY-23
"00646","S","Urb the Clusters","N","Dorado","PR","Puerto Rico",25-MAY-23
"00646","S","Urb the Estates","N","Dorado","PR","Puerto Rico",25-MAY-23
"00646","S","Urb The Isles","N","Dorado","PR","Puerto Rico",25-MAY-23
"00646","S","Valle Dorado","N","Dorado","PR","Puerto Rico",25-MAY-23
"00646","S","Villa 2000","N","Dorado","PR","Puerto Rico",25-MAY-23
"00646","S","Villa Plata","N","Dorado","PR","Puerto Rico",25-MAY-23
"00646","S","Villa Santa","N","Dorado","PR","Puerto Rico",25-MAY-23
"00646","S","Villa Santa II","N","Dorado","PR","Puerto Rico",25-MAY-23
"00647","S","Ensenada","D","Guanica","PR","Puerto Rico",25-MAY-23
"00647","S","Urb Baco","N","Guanica","PR","Puerto Rico",25-MAY-23
"00650","S","Alt de Florida","N","Florida","PR","Puerto Rico",25-MAY-23
"00650","S","Est de Arroyo","N","Florida","PR","Puerto Rico",25-MAY-23
"00650","S","Florida","D","Florida","PR","Puerto Rico",25-MAY-23
"00650","S","Repto Diana","N","Florida","PR","Puerto Rico",25-MAY-23
"00650","S","Repto Seoane","N","Florida","PR","Puerto Rico",25-MAY-23
"00650","S","Urb Altos De Florida","N","Florida","PR","Puerto Rico",25-MAY-23
"00650","S","Urb Las Flores","N","Florida","PR","Puerto Rico",25-MAY-23
"00650","S","Urb Vegas de Florida","N","Florida","PR","Puerto Rico",25-MAY-23
"00652","S","Garrochales","D","Arecibo","PR","Puerto Rico",25-MAY-23
"00652","S","Hacienda De Garrochales","N","Arecibo","PR","Puerto Rico",25-MAY-23
"00652","S","Urb los Jardines","N","Arecibo","PR","Puerto Rico",25-MAY-23
"00653","S","Bda Esperanza","N","Guanica","PR","Puerto Rico",25-MAY-23
"00653","S","Bo La Luna","N","Guanica","PR","Puerto Rico",25-MAY-23
"00653","S","Guanica","D","Guanica","PR","Puerto Rico",25-MAY-23
"00653","S","Urb Bahia","N","Guanica","PR","Puerto Rico",25-MAY-23
"00653","S","Urb Sagrado Corazon","N","Guanica","PR","Puerto Rico",25-MAY-23
"00653","S","Urb Santa Clara","N","Guanica","PR","Puerto Rico",25-MAY-23
"00653","S","VISTA Mar","N","Guanica","PR","Puerto Rico",25-MAY-23
"00656","S","Bda Guaydia","N","Guayanilla","PR","Puerto Rico",25-MAY-23
"00656","S","Bo Los Sitios","N","Guayanilla","PR","Puerto Rico",25-MAY-23
"00656","S","Ext Santa Elena 2","N","Guayanilla","PR","Puerto Rico",25-MAY-23
"00656","S","Ext Santa Elena 3","N","Guayanilla","PR","Puerto Rico",25-MAY-23
"00656","S","Guayanilla","D","Guayanilla","PR","Puerto Rico",25-MAY-23
"00656","S","Urb Bahia Ii","N","Guayanilla","PR","Puerto Rico",25-MAY-23
"00656","S","Urb La Concepcion","N","Guayanilla","PR","Puerto Rico",25-MAY-23
"00656","S","Urb Monte Claro","N","Guayanilla","PR","Puerto Rico",25-MAY-23
"00656","S","Urb San Augusto","N","Guayanilla","PR","Puerto Rico",25-MAY-23
"00656","S","Urb Santa Elena","N","Guayanilla","PR","Puerto Rico",25-MAY-23
"00656","S","Urb Santa Elena 2","N","Guayanilla","PR","Puerto Rico",25-MAY-23
"00656","S","Urb Santa Maria","N","Guayanilla","PR","Puerto Rico",25-MAY-23
"00656","S","Urb Stella","N","Guayanilla","PR","Puerto Rico",25-MAY-23
"00656","S","Villa del Rio","N","Guayanilla","PR","Puerto Rico",25-MAY-23
"00659","S","Alt de Hatillo","N","Hatillo","PR","Puerto Rico",25-MAY-23
"00659","S","Bda Clan","N","Hatillo","PR","Puerto Rico",25-MAY-23
"00659","S","Brisas de Hatillo","N","Hatillo","PR","Puerto Rico",25-MAY-23
"00659","S","Colinas de Hatillo","N","Hatillo","PR","Puerto Rico",25-MAY-23
"00659","S","Colinas De Hatillo Ii","N","Hatillo","PR","Puerto Rico",25-MAY-23
"00659","S","Est De Carrizales","N","Hatillo","PR","Puerto Rico",25-MAY-23
"00659","S","Est De La Ceiba","N","Hatillo","PR","Puerto Rico",25-MAY-23
"00659","S","Ext San Ramon","N","Hatillo","PR","Puerto Rico",25-MAY-23
"00659","S","Ext Villa del Carmen","N","Hatillo","PR","Puerto Rico",25-MAY-23
"00659","S","Hatillo","D","Hatillo","PR","Puerto Rico",25-MAY-23
"00659","S","Parc Santa Rosa","N","Hatillo","PR","Puerto Rico",25-MAY-23
"00659","S","Sect Aviles","N","Hatillo","PR","Puerto Rico",25-MAY-23
"00659","S","Urb Corales de Hatillo","N","Hatillo","PR","Puerto Rico",25-MAY-23
"00659","S","Urb Costa Norte","N","Hatillo","PR","Puerto Rico",25-MAY-23
"00659","S","Urb Hatillo del Mar","N","Hatillo","PR","Puerto Rico",25-MAY-23
"00659","S","Urb Las Palmas","N","Hatillo","PR","Puerto Rico",25-MAY-23
"00659","S","Urb Mar Azul","N","Hatillo","PR","Puerto Rico",25-MAY-23
"00659","S","Valle Verde","N","Hatillo","PR","Puerto Rico",25-MAY-23
"00659","S","Villa del Carmen","N","Hatillo","PR","Puerto Rico",25-MAY-23
"00660","S","Bo Lavadero","N","Hormigueros","PR","Puerto Rico",25-MAY-23
"00660","S","Colinas del Oeste","N","Hormigueros","PR","Puerto Rico",25-MAY-23
"00660","S","Est del Rio","N","Hormigueros","PR","Puerto Rico",25-MAY-23
"00660","S","Hacienda La Monserrate","N","Hormigueros","PR","Puerto Rico",25-MAY-23
"00660","S","Haciendas Constancia","N","Hormigueros","PR","Puerto Rico",25-MAY-23
"00660","S","Hormigueros","D","Hormigueros","PR","Puerto Rico",25-MAY-23
"00660","S","Mans La Monserrate","N","Hormigueros","PR","Puerto Rico",25-MAY-23
"00660","S","Parc San Romualdo","N","Hormigueros","PR","Puerto Rico",25-MAY-23
"00660","S","Paseo Los Peregrinos","N","Hormigueros","PR","Puerto Rico",25-MAY-23
"00660","S","Urb Montebello","N","Hormigueros","PR","Puerto Rico",25-MAY-23
"00660","S","Urb Paseo La Ceiba","N","Hormigueros","PR","Puerto Rico",25-MAY-23
"00660","S","Urb Verdun","N","Hormigueros","PR","Puerto Rico",25-MAY-23
"00660","S","Urb Verdun Ii","N","Hormigueros","PR","Puerto Rico",25-MAY-23
"00660","S","Valle Hermoso","N","Hormigueros","PR","Puerto Rico",25-MAY-23
"00660","S","Villa Zoraida","N","Hormigueros","PR","Puerto Rico",25-MAY-23
"00662","S","Alt del Mar","N","Isabela","PR","Puerto Rico",25-MAY-23
"00662","S","Bda La Mayor","N","Isabela","PR","Puerto Rico",25-MAY-23
"00662","S","Brisas del Canal","N","Isabela","PR","Puerto Rico",25-MAY-23
"00662","S","Comunidad Capiro","N","Isabela","PR","Puerto Rico",25-MAY-23
"00662","S","Comunidad El Canon","N","Isabela","PR","Puerto Rico",25-MAY-23
"00662","S","Comunidad El Ramal","N","Isabela","PR","Puerto Rico",25-MAY-23
"00662","S","Comunidad Guanabano","N","Isabela","PR","Puerto Rico",25-MAY-23
"00662","S","Comunidad Los Pinos","N","Isabela","PR","Puerto Rico",25-MAY-23
"00662","S","Comunidad Los Ponce","N","Isabela","PR","Puerto Rico",25-MAY-23
"00662","S","Comunidad Mantilla","N","Isabela","PR","Puerto Rico",25-MAY-23
"00662","S","Comunidad Ramal","N","Isabela","PR","Puerto Rico",25-MAY-23
"00662","S","Comunidad Sonuco","N","Isabela","PR","Puerto Rico",25-MAY-23
"00662","S","Est De Isabela","N","Isabela","PR","Puerto Rico",25-MAY-23
"00662","S","Est Del Javillo","N","Isabela","PR","Puerto Rico",25-MAY-23
"00662","S","Est del Paraiso","N","Isabela","PR","Puerto Rico",25-MAY-23
"00662","S","Est Talavera I","N","Isabela","PR","Puerto Rico",25-MAY-23
"00662","S","Est Velazquez","N","Isabela","PR","Puerto Rico",25-MAY-23
"00662","S","Ext Villa Espana","N","Isabela","PR","Puerto Rico",25-MAY-23
"00662","S","Haciendas de Isabela","N","Isabela","PR","Puerto Rico",25-MAY-23
"00662","S","Haciendas El Portal","N","Isabela","PR","Puerto Rico",25-MAY-23
"00662","S","Isabela","D","Isabela","PR","Puerto Rico",25-MAY-23
"00662","S","Jard Miramar","N","Isabela","PR","Puerto Rico",25-MAY-23
"00662","S","Mans del Atlantico","N","Isabela","PR","Puerto Rico",25-MAY-23
"00662","S","Mirador Del Cielo","N","Isabela","PR","Puerto Rico",25-MAY-23
"00662","S","Paisajes Del Jardin","N","Isabela","PR","Puerto Rico",25-MAY-23
"00662","S","Parc Cotto","N","Isabela","PR","Puerto Rico",25-MAY-23
"00662","S","Parc Mora Guerrero","N","Isabela","PR","Puerto Rico",25-MAY-23
"00662","S","Pradera Real","N","Isabela","PR","Puerto Rico",25-MAY-23
"00662","S","Qtas Del Atlantico","N","Isabela","PR","Puerto Rico",25-MAY-23
"00662","S","Repto Apolonio Velez Ramos","N","Isabela","PR","Puerto Rico",25-MAY-23
"00662","S","Repto Capella","N","Isabela","PR","Puerto Rico",25-MAY-23
"00662","S","Repto Duran","N","Isabela","PR","Puerto Rico",25-MAY-23
"00662","S","Repto Jerusalen","N","Isabela","PR","Puerto Rico",25-MAY-23
"00662","S","Repto Las Brisas","N","Isabela","PR","Puerto Rico",25-MAY-23
"00662","S","Repto Miraflores","N","Isabela","PR","Puerto Rico",25-MAY-23
"00662","S","Repto Monte Claro","N","Isabela","PR","Puerto Rico",25-MAY-23
"00662","S","Repto San Antonio","N","Isabela","PR","Puerto Rico",25-MAY-23
"00662","S","Repto Santa Maria","N","Isabela","PR","Puerto Rico",25-MAY-23
"00662","S","Repto Vega Badillo","N","Isabela","PR","Puerto Rico",25-MAY-23
"00662","S","Repto Villa Y Mar","N","Isabela","PR","Puerto Rico",25-MAY-23
"00662","S","Repto Yomaira","N","Isabela","PR","Puerto Rico",25-MAY-23
"00662","S","Res Lomas del Sol","N","Isabela","PR","Puerto Rico",25-MAY-23
"00662","S","Sect Cachichuelas","N","Isabela","PR","Puerto Rico",25-MAY-23
"00662","S","Sect California","N","Isabela","PR","Puerto Rico",25-MAY-23
"00662","S","Sect Casimiro Perez","N","Isabela","PR","Puerto Rico",25-MAY-23
"00662","S","Sect La Media Cuerda","N","Isabela","PR","Puerto Rico",25-MAY-23
"00662","S","Sect La Pra","N","Isabela","PR","Puerto Rico",25-MAY-23
"00662","S","Sect La Sierra","N","Isabela","PR","Puerto Rico",25-MAY-23
"00662","S","Sect Las Colinas","N","Isabela","PR","Puerto Rico",25-MAY-23
"00662","S","Sect Las Marias","N","Isabela","PR","Puerto Rico",25-MAY-23
"00662","S","Sect Las Uvas","N","Isabela","PR","Puerto Rico",25-MAY-23
"00662","S","Sect Los Toledo","N","Isabela","PR","Puerto Rico",25-MAY-23
"00662","S","Sect Pozo Dulce","N","Isabela","PR","Puerto Rico",25-MAY-23
"00662","S","Sect Pueblo Nuevo","N","Isabela","PR","Puerto Rico",25-MAY-23
"00662","S","Sect Rincon","N","Isabela","PR","Puerto Rico",25-MAY-23
"00662","S","Sect Rotarios","N","Isabela","PR","Puerto Rico",25-MAY-23
"00662","S","Sect San Antonio De La Tuna","N","Isabela","PR","Puerto Rico",25-MAY-23
"00662","S","Sect Tocones","N","Isabela","PR","Puerto Rico",25-MAY-23
"00662","S","Sect Verdum","N","Isabela","PR","Puerto Rico",25-MAY-23
"00662","S","Sect Villa Luna","N","Isabela","PR","Puerto Rico",25-MAY-23
"00662","S","Urb Brisas Del Mar","N","Isabela","PR","Puerto Rico",25-MAY-23
"00662","S","Urb Casandra","N","Isabela","PR","Puerto Rico",25-MAY-23
"00662","S","Urb Costa Brava","N","Isabela","PR","Puerto Rico",25-MAY-23
"00662","S","Urb Domenech","N","Isabela","PR","Puerto Rico",25-MAY-23
"00662","S","Urb Figueroa","N","Isabela","PR","Puerto Rico",25-MAY-23
"00662","S","Urb Hau","N","Isabela","PR","Puerto Rico",25-MAY-23
"00662","S","Urb Islazul","N","Isabela","PR","Puerto Rico",25-MAY-23
"00662","S","Urb Lamela","N","Isabela","PR","Puerto Rico",25-MAY-23
"00662","S","Urb Las 3t","N","Isabela","PR","Puerto Rico",25-MAY-23
"00662","S","Urb Las Ceibas","N","Isabela","PR","Puerto Rico",25-MAY-23
"00662","S","Urb Las Flores","N","Isabela","PR","Puerto Rico",25-MAY-23
"00662","S","Urb Llanos De Isabela","N","Isabela","PR","Puerto Rico",25-MAY-23
"00662","S","Urb Manuel Corchado","N","Isabela","PR","Puerto Rico",25-MAY-23
"00662","S","Urb Medina","N","Isabela","PR","Puerto Rico",25-MAY-23
"00662","S","Urb Praderas De Isabela","N","Isabela","PR","Puerto Rico",25-MAY-23
"00662","S","Urb Salvador Rios","N","Isabela","PR","Puerto Rico",25-MAY-23
"00662","S","Urb Santa Rosa","N","Isabela","PR","Puerto Rico",25-MAY-23
"00662","S","Urb Santa Teresita","N","Isabela","PR","Puerto Rico",25-MAY-23
"00662","S","Urb Sol y Mar","N","Isabela","PR","Puerto Rico",25-MAY-23
"00662","S","Urb Vistas De Isabela","N","Isabela","PR","Puerto Rico",25-MAY-23
"00662","S","Villa Acevedo","N","Isabela","PR","Puerto Rico",25-MAY-23
"00662","S","Villa Gamal","N","Isabela","PR","Puerto Rico",25-MAY-23
"00662","S","Villa Karen","N","Isabela","PR","Puerto Rico",25-MAY-23
"00662","S","Villa Lydia","N","Isabela","PR","Puerto Rico",25-MAY-23
"00662","S","Villa Mizei","N","Isabela","PR","Puerto Rico",25-MAY-23
"00662","S","Villa Pesquera","N","Isabela","PR","Puerto Rico",25-MAY-23
"00662","S","Vista Verde","N","Isabela","PR","Puerto Rico",25-MAY-23
"00662","S","VISTAS del Atlantico","N","Isabela","PR","Puerto Rico",25-MAY-23
"00664","S","Alts De Borinquen","N","Jayuya","PR","Puerto Rico",25-MAY-23
"00664","S","Alts de Jayuya","N","Jayuya","PR","Puerto Rico",25-MAY-23
"00664","S","Jard de Jayuya","N","Jayuya","PR","Puerto Rico",25-MAY-23
"00664","S","Jayuya","D","Jayuya","PR","Puerto Rico",25-MAY-23
"00664","S","Urb Hayuya","N","Jayuya","PR","Puerto Rico",25-MAY-23
"00664","S","Urb La Colina","N","Jayuya","PR","Puerto Rico",25-MAY-23
"00664","S","Urb La Monserrate","N","Jayuya","PR","Puerto Rico",25-MAY-23
"00664","S","Urb Santa Clara","N","Jayuya","PR","Puerto Rico",25-MAY-23
"00664","S","Urb Vega Linda","N","Jayuya","PR","Puerto Rico",25-MAY-23
"00664","S","Valle Verde","N","Jayuya","PR","Puerto Rico",25-MAY-23
"00667","S","Alts De San Blas","N","Lajas","PR","Puerto Rico",25-MAY-23
"00667","S","Bda Nicolin Perez","N","Lajas","PR","Puerto Rico",25-MAY-23
"00667","S","Bda Tomei","N","Lajas","PR","Puerto Rico",25-MAY-23
"00667","S","Est De Lajas","N","Lajas","PR","Puerto Rico",25-MAY-23
"00667","S","Est Del Parra","N","Lajas","PR","Puerto Rico",25-MAY-23
"00667","S","Ext El Valle 2","N","Lajas","PR","Puerto Rico",25-MAY-23
"00667","S","Jard de Lajas","N","Lajas","PR","Puerto Rico",25-MAY-23
"00667","S","Lajas","D","Lajas","PR","Puerto Rico",25-MAY-23
"00667","S","Parq Real","N","Lajas","PR","Puerto Rico",25-MAY-23
"00667","S","Urb El Valle","N","Lajas","PR","Puerto Rico",25-MAY-23
"00667","S","Urb Linda Vista","N","Lajas","PR","Puerto Rico",25-MAY-23
"00669","S","Haciendas de Borinquen II","N","Lares","PR","Puerto Rico",25-MAY-23
"00669","S","Lares","D","Lares","PR","Puerto Rico",25-MAY-23
"00669","S","Urb Buena Vista","N","Lares","PR","Puerto Rico",25-MAY-23
"00670","S","Jard de las Marias","N","Las Marias","PR","Puerto Rico",25-MAY-23
"00670","S","Las Marias","D","Las Marias","PR","Puerto Rico",25-MAY-23
"00670","S","Urb El Bosque","N","Las Marias","PR","Puerto Rico",25-MAY-23
"00670","S","Urb El Coqui","N","Las Marias","PR","Puerto Rico",25-MAY-23
"00670","S","Urb Lavergne","N","Las Marias","PR","Puerto Rico",25-MAY-23
"00674","S","Alts de Manati","N","Manati","PR","Puerto Rico",25-MAY-23
"00674","S","Bda San Jose","N","Manati","PR","Puerto Rico",25-MAY-23
"00674","S","Bo Cantera","N","Manati","PR","Puerto Rico",25-MAY-23
"00674","S","Brisas De Mar Chiquita","N","Manati","PR","Puerto Rico",25-MAY-23
"00674","S","Colina del Mar","N","Manati","PR","Puerto Rico",25-MAY-23
"00674","S","Est de Manati","N","Manati","PR","Puerto Rico",25-MAY-23
"00674","S","Est de Valle Verde","N","Manati","PR","Puerto Rico",25-MAY-23
"00674","S","Est Marylin","N","Manati","PR","Puerto Rico",25-MAY-23
"00674","S","Ext Oneill","N","Manati","PR","Puerto Rico",25-MAY-23
"00674","S","Ext San Salvador","N","Manati","PR","Puerto Rico",25-MAY-23
"00674","S","Hacienda Hermanas Mena","N","Manati","PR","Puerto Rico",25-MAY-23
"00674","S","Hacienda La Milagrosa","N","Manati","PR","Puerto Rico",25-MAY-23
"00674","S","Hacienda La Monserrate","N","Manati","PR","Puerto Rico",25-MAY-23
"00674","S","Jard de Monaco 1","N","Manati","PR","Puerto Rico",25-MAY-23
"00674","S","Jard de Monaco 2","N","Manati","PR","Puerto Rico",25-MAY-23
"00674","S","Jard de Monaco 3","N","Manati","PR","Puerto Rico",25-MAY-23
"00674","S","Lomas del Manatuabon","N","Manati","PR","Puerto Rico",25-MAY-23
"00674","S","Manati","D","Manati","PR","Puerto Rico",25-MAY-23
"00674","S","Parc La Luisa","N","Manati","PR","Puerto Rico",25-MAY-23
"00674","S","Parc Marquez","N","Manati","PR","Puerto Rico",25-MAY-23
"00674","S","Repto Garcia","N","Manati","PR","Puerto Rico",25-MAY-23
"00674","S","Repto Geovani","N","Manati","PR","Puerto Rico",25-MAY-23
"00674","S","Repto Marista","N","Manati","PR","Puerto Rico",25-MAY-23
"00674","S","Repto Rosello","N","Manati","PR","Puerto Rico",25-MAY-23
"00674","S","Sect Cantito","N","Manati","PR","Puerto Rico",25-MAY-23
"00674","S","Urb Atenas","N","Manati","PR","Puerto Rico",25-MAY-23
"00674","S","Urb Camino del Sol Ii","N","Manati","PR","Puerto Rico",25-MAY-23
"00674","S","Urb Flamboyan","N","Manati","PR","Puerto Rico",25-MAY-23
"00674","S","Urb Las Gardenias","N","Manati","PR","Puerto Rico",25-MAY-23
"00674","S","Urb Linda Mar","N","Manati","PR","Puerto Rico",25-MAY-23
"00674","S","Urb Los Rosales","N","Manati","PR","Puerto Rico",25-MAY-23
"00674","S","Urb Luchetti","N","Manati","PR","Puerto Rico",25-MAY-23
"00674","S","Urb Manati Chalets","N","Manati","PR","Puerto Rico",25-MAY-23
"00674","S","Urb Monte Verde","N","Manati","PR","Puerto Rico",25-MAY-23
"00674","S","Urb Oneill","N","Manati","PR","Puerto Rico",25-MAY-23
"00674","S","Urb Portofino","N","Manati","PR","Puerto Rico",25-MAY-23
"00674","S","Urb San Salvador","N","Manati","PR","Puerto Rico",25-MAY-23
"00674","S","Urb Santa Teresa","N","Manati","PR","Puerto Rico",25-MAY-23
"00674","S","Valle de Tierras Nuevas","N","Manati","PR","Puerto Rico",25-MAY-23
"00674","S","Valle Encantado","N","Manati","PR","Puerto Rico",25-MAY-23
"00674","S","Valles De Manati","N","Manati","PR","Puerto Rico",25-MAY-23
"00674","S","Villa Beatriz","N","Manati","PR","Puerto Rico",25-MAY-23
"00674","S","Villa Evangelina","N","Manati","PR","Puerto Rico",25-MAY-23
"00674","S","Villa Forestal","N","Manati","PR","Puerto Rico",25-MAY-23
"00674","S","Villa Maria","N","Manati","PR","Puerto Rico",25-MAY-23
"00674","S","Villa Nitza","N","Manati","PR","Puerto Rico",25-MAY-23
"00674","S","Villas del Manati","N","Manati","PR","Puerto Rico",25-MAY-23
"00674","S","Villas Tesoro","N","Manati","PR","Puerto Rico",25-MAY-23
"00676","S","Hacienda La Monserrate","N","Moca","PR","Puerto Rico",25-MAY-23
"00676","S","Moca","D","Moca","PR","Puerto Rico",25-MAY-23
"00676","S","Parc Lomas Verdes","N","Moca","PR","Puerto Rico",25-MAY-23
"00676","S","Parc Sabana","N","Moca","PR","Puerto Rico",25-MAY-23
"00676","S","Res Edad Dorada","N","Moca","PR","Puerto Rico",25-MAY-23
"00676","S","Urb Las Palmas","N","Moca","PR","Puerto Rico",25-MAY-23
"00676","S","Urb Los Robles","N","Moca","PR","Puerto Rico",25-MAY-23
"00676","S","Urb Moca Gdns","N","Moca","PR","Puerto Rico",25-MAY-23
"00676","S","Urb Monte Verde Hills","N","Moca","PR","Puerto Rico",25-MAY-23
"00676","S","Villa Deloamit","N","Moca","PR","Puerto Rico",25-MAY-23
"00676","S","Villa Mercedes","N","Moca","PR","Puerto Rico",25-MAY-23
"00676","S","Villa Soto","N","Moca","PR","Puerto Rico",25-MAY-23
"00677","S","Comunidad Estella","N","Rincon","PR","Puerto Rico",25-MAY-23
"00677","S","Comunidad Stella","N","Rincon","PR","Puerto Rico",25-MAY-23
"00677","S","Ext Jard de Rincon","N","Rincon","PR","Puerto Rico",25-MAY-23
"00677","S","Jard de Rincon","N","Rincon","PR","Puerto Rico",25-MAY-23
"00677","S","Punta Del Mar Beach Vlg","N","Rincon","PR","Puerto Rico",25-MAY-23
"00677","S","Rincon","D","Rincon","PR","Puerto Rico",25-MAY-23
"00677","S","Urb Cerro Los Pobres","N","Rincon","PR","Puerto Rico",25-MAY-23
"00677","S","Urb Las Lomas","N","Rincon","PR","Puerto Rico",25-MAY-23
"00677","S","Urb Palma Real","N","Rincon","PR","Puerto Rico",25-MAY-23
"00677","S","Urb Sea Beach Colony","N","Rincon","PR","Puerto Rico",25-MAY-23
"00677","S","Villas de la Pradera","N","Rincon","PR","Puerto Rico",25-MAY-23
"00677","S","VISTA Azul","N","Rincon","PR","Puerto Rico",25-MAY-23
"00678","S","Bo Cacao","N","Quebradillas","PR","Puerto Rico",25-MAY-23
"00678","S","Brisas Tropical","N","Quebradillas","PR","Puerto Rico",25-MAY-23
"00678","S","Camino Los Paganes","N","Quebradillas","PR","Puerto Rico",25-MAY-23
"00678","S","Hacienda La Sabana","N","Quebradillas","PR","Puerto Rico",25-MAY-23
"00678","S","Parc Chivas","N","Quebradillas","PR","Puerto Rico",25-MAY-23
"00678","S","Parc Terranova","N","Quebradillas","PR","Puerto Rico",25-MAY-23
"00678","S","Parq del Retiro","N","Quebradillas","PR","Puerto Rico",25-MAY-23
"00678","S","Quebradillas","D","Quebradillas","PR","Puerto Rico",25-MAY-23
"00678","S","Repto Kennedy","N","Quebradillas","PR","Puerto Rico",25-MAY-23
"00678","S","Urb Avila","N","Quebradillas","PR","Puerto Rico",25-MAY-23
"00678","S","Urb Dos Ceibas","N","Quebradillas","PR","Puerto Rico",25-MAY-23
"00678","S","Urb El Retiro","N","Quebradillas","PR","Puerto Rico",25-MAY-23
"00678","S","Urb La Romana","N","Quebradillas","PR","Puerto Rico",25-MAY-23
"00678","S","Urb Santa Marina","N","Quebradillas","PR","Puerto Rico",25-MAY-23
"00678","S","Urb Sombras De La Ceiba","N","Quebradillas","PR","Puerto Rico",25-MAY-23
"00678","S","Villa Norma","N","Quebradillas","PR","Puerto Rico",25-MAY-23
"00680","S","Bo Balboa","N","Mayaguez","PR","Puerto Rico",25-MAY-23
"00714","S","Qtas de Guasima","N","Arroyo","PR","Puerto Rico",25-MAY-23
"00714","S","Repto Bello Mar","N","Arroyo","PR","Puerto Rico",25-MAY-23
"00714","S","Urb Arroyo del Mar","N","Arroyo","PR","Puerto Rico",25-MAY-23
"00714","S","Urb Belinda","N","Arroyo","PR","Puerto Rico",25-MAY-23
"00714","S","Urb Las 500","N","Arroyo","PR","Puerto Rico",25-MAY-23
"00714","S","Urb Miramar 1","N","Arroyo","PR","Puerto Rico",25-MAY-23
"00714","S","Urb Palmar 2","N","Arroyo","PR","Puerto Rico",25-MAY-23
"00714","S","Urb San Antonio","N","Arroyo","PR","Puerto Rico",25-MAY-23
"00714","S","Villas De Arroyo","N","Arroyo","PR","Puerto Rico",25-MAY-23
"00714","S","Villas de Lafayette","N","Arroyo","PR","Puerto Rico",25-MAY-23
"00715","S","Bo Calzada","N","Ponce","PR","Puerto Rico",25-MAY-23
"00715","S","Bo La Cuarta","N","Ponce","PR","Puerto Rico",25-MAY-23
"00715","S","Brisas de Maravilla","N","Ponce","PR","Puerto Rico",25-MAY-23
"00715","S","Central Mercedita","N","Ponce","PR","Puerto Rico",25-MAY-23
"00715","S","Mercedita","D","Ponce","PR","Puerto Rico",25-MAY-23
"00715","S","Ponce","A","Ponce","PR","Puerto Rico",25-MAY-23
"00716","S","Bo Bucana","N","Ponce","PR","Puerto Rico",25-MAY-23
"00716","S","BO Campo Alegre","N","Ponce","PR","Puerto Rico",25-MAY-23
"00716","S","Bo Sabanetas","N","Ponce","PR","Puerto Rico",25-MAY-23
"00716","S","Bo Tenerias","N","Ponce","PR","Puerto Rico",25-MAY-23
"00716","S","Comunidad Tabaiba","N","Ponce","PR","Puerto Rico",25-MAY-23
"00716","S","Est del Carmen","N","Ponce","PR","Puerto Rico",25-MAY-23
"00716","S","Ext Alhambra","N","Ponce","PR","Puerto Rico",25-MAY-23
"00716","S","Ext Alta Vista","N","Ponce","PR","Puerto Rico",25-MAY-23
"00716","S","Ext Villa del Carmen","N","Ponce","PR","Puerto Rico",25-MAY-23
"00716","S","Hillcrest Village","N","Ponce","PR","Puerto Rico",25-MAY-23
"00716","S","Jard Alhambra","N","Ponce","PR","Puerto Rico",25-MAY-23
"00716","S","Jard Fagot","N","Ponce","PR","Puerto Rico",25-MAY-23
"00716","S","Mercedita","A","Ponce","PR","Puerto Rico",25-MAY-23
"00716","S","Parc Amalia Marin","N","Ponce","PR","Puerto Rico",25-MAY-23
"00716","S","Parc Sabanetas","N","Ponce","PR","Puerto Rico",25-MAY-23
"00716","S","Parq del Rio","N","Ponce","PR","Puerto Rico",25-MAY-23
"00716","S","Ponce","D","Ponce","PR","Puerto Rico",25-MAY-23
"00716","S","Repto Anaida","N","Ponce","PR","Puerto Rico",25-MAY-23
"00716","S","Repto Sabanetas","N","Ponce","PR","Puerto Rico",25-MAY-23
"00716","S","Sect los Potes","N","Ponce","PR","Puerto Rico",25-MAY-23
"00716","S","Sect Playita","N","Ponce","PR","Puerto Rico",25-MAY-23
"00716","S","Sect Salistral","N","Ponce","PR","Puerto Rico",25-MAY-23
"00716","S","Urb Alhambra","N","Ponce","PR","Puerto Rico",25-MAY-23
"00716","S","Urb Alhambra CT","N","Ponce","PR","Puerto Rico",25-MAY-23
"00716","S","Urb Alta Vista","N","Ponce","PR","Puerto Rico",25-MAY-23
"00716","S","Urb Anaida","N","Ponce","PR","Puerto Rico",25-MAY-23
"00716","S","Urb Bella Vista","N","Ponce","PR","Puerto Rico",25-MAY-23
"00716","S","Urb Camino del Sur","N","Ponce","PR","Puerto Rico",25-MAY-23
"00716","S","Urb Costa Caribe","N","Ponce","PR","Puerto Rico",25-MAY-23
"00716","S","Urb Costa Sabana","N","Ponce","PR","Puerto Rico",25-MAY-23
"00716","S","Urb El Monte","N","Ponce","PR","Puerto Rico",25-MAY-23
"00716","S","Urb Flamboyanes","N","Ponce","PR","Puerto Rico",25-MAY-23
"00716","S","Urb Las Monjitas","N","Ponce","PR","Puerto Rico",25-MAY-23
"00716","S","Urb Los Almendros","N","Ponce","PR","Puerto Rico",25-MAY-23
"00716","S","Urb Los Caobos","N","Ponce","PR","Puerto Rico",25-MAY-23
"00716","S","Urb Sagrado Corazon","N","Ponce","PR","Puerto Rico",25-MAY-23
"00716","S","Urb San Tomas","N","Ponce","PR","Puerto Rico",25-MAY-23
"00716","S","Urb Santa Clara","N","Ponce","PR","Puerto Rico",25-MAY-23
"00716","S","Valle Real","N","Ponce","PR","Puerto Rico",25-MAY-23
"00716","S","Valle Verde","N","Ponce","PR","Puerto Rico",25-MAY-23
"00716","S","Villa de Juan","N","Ponce","PR","Puerto Rico",25-MAY-23
"00716","S","Villa del Carmen","N","Ponce","PR","Puerto Rico",25-MAY-23
"00716","S","Villa del Sagrado Corazon","N","Ponce","PR","Puerto Rico",25-MAY-23
"00716","S","Villa Esperanza","N","Ponce","PR","Puerto Rico",25-MAY-23
"00716","S","Villa Flores","N","Ponce","PR","Puerto Rico",25-MAY-23
"00716","S","Villa Pampanos","N","Ponce","PR","Puerto Rico",25-MAY-23
"00716","S","Villa Tabaiba","N","Ponce","PR","Puerto Rico",25-MAY-23
"00716","S","VISTA Point","N","Ponce","PR","Puerto Rico",25-MAY-23
"00716","S","Vistas del Mar","N","Ponce","PR","Puerto Rico",25-MAY-23
"00717","S","Bda Belgica","N","Ponce","PR","Puerto Rico",25-MAY-23
"00717","S","Bda Mariani","N","Ponce","PR","Puerto Rico",25-MAY-23
"00717","S","Bda Salazar","N","Ponce","PR","Puerto Rico",25-MAY-23
"00717","S","Bda Santa Rosa","N","Ponce","PR","Puerto Rico",25-MAY-23
"00717","S","Bo Caracoles","N","Ponce","PR","Puerto Rico",25-MAY-23
"00717","S","Bo Cuatro Calles","N","Ponce","PR","Puerto Rico",25-MAY-23
"00717","S","Bo San Anton","N","Ponce","PR","Puerto Rico",25-MAY-23
"00717","S","Ext Salazar","N","Ponce","PR","Puerto Rico",25-MAY-23
"00717","S","Ponce","D","Ponce","PR","Puerto Rico",25-MAY-23
"00717","S","Repto Universitario","N","Ponce","PR","Puerto Rico",25-MAY-23
"00717","S","Urb Buena Vista","N","Ponce","PR","Puerto Rico",25-MAY-23
"00717","S","Urb Constancia","N","Ponce","PR","Puerto Rico",25-MAY-23
"00717","S","Urb Constancia Gdns","N","Ponce","PR","Puerto Rico",25-MAY-23
"00717","S","Urb El Bosque","N","Ponce","PR","Puerto Rico",25-MAY-23
"00717","S","Urb Los Maestros","N","Ponce","PR","Puerto Rico",25-MAY-23
"00717","S","Urb Mariani","N","Ponce","PR","Puerto Rico",25-MAY-23
"00717","S","Urb Mercedita","N","Ponce","PR","Puerto Rico",25-MAY-23
"00717","S","Urb Patio Laboy","N","Ponce","PR","Puerto Rico",25-MAY-23
"00717","S","Urb Perla del Sur","N","Ponce","PR","Puerto Rico",25-MAY-23
"00717","S","Urb San Antonio","N","Ponce","PR","Puerto Rico",25-MAY-23
"00717","S","Urb San Jorge","N","Ponce","PR","Puerto Rico",25-MAY-23
"00717","S","Urb Santa Maria","N","Ponce","PR","Puerto Rico",25-MAY-23
"00717","S","Urb Starlight","N","Ponce","PR","Puerto Rico",25-MAY-23
"00717","S","Villa Grillasca","N","Ponce","PR","Puerto Rico",25-MAY-23
"00717","S","Vista Alegre","N","Ponce","PR","Puerto Rico",25-MAY-23
"00718","S","Bo Mariana","N","Naguabo","PR","Puerto Rico",25-MAY-23
"00718","S","Brisas de Naguabo","N","Naguabo","PR","Puerto Rico",25-MAY-23
"00718","S","Hacienda Grande","N","Naguabo","PR","Puerto Rico",25-MAY-23
"00718","S","Jard de Esperanza","N","Naguabo","PR","Puerto Rico",25-MAY-23
"00718","S","Jard De La Via","N","Naguabo","PR","Puerto Rico",25-MAY-23
"00718","S","Jard del Este","N","Naguabo","PR","Puerto Rico",25-MAY-23
"00718","S","Mans Playa Hucares","N","Naguabo","PR","Puerto Rico",25-MAY-23
"00718","S","Naguabo","D","Naguabo","PR","Puerto Rico",25-MAY-23
"00718","S","Repto Santiago","N","Naguabo","PR","Puerto Rico",25-MAY-23
"00718","S","Urb Casabella","N","Naguabo","PR","Puerto Rico",25-MAY-23
"00718","S","Urb City Palace","N","Naguabo","PR","Puerto Rico",25-MAY-23
"00718","S","Urb Diplo","N","Naguabo","PR","Puerto Rico",25-MAY-23
"00718","S","Urb Juan Mendoza","N","Naguabo","PR","Puerto Rico",25-MAY-23
"00718","S","Urb Mar Caribe","N","Naguabo","PR","Puerto Rico",25-MAY-23
"00718","S","Urb Promised Land","N","Naguabo","PR","Puerto Rico",25-MAY-23
"00718","S","Urb Ramon Rivero","N","Naguabo","PR","Puerto Rico",25-MAY-23
"00718","S","Urb Santo Tomas","N","Naguabo","PR","Puerto Rico",25-MAY-23
"00718","S","Villa del Rosario","N","Naguabo","PR","Puerto Rico",25-MAY-23
"00719","S","Jard de Naranjito","N","Naranjito","PR","Puerto Rico",25-MAY-23
"00719","S","Naranjito","D","Naranjito","PR","Puerto Rico",25-MAY-23
"00719","S","Sect Chevres","N","Naranjito","PR","Puerto Rico",25-MAY-23
"00720","S","Alt de Orocovis","N","Orocovis","PR","Puerto Rico",25-MAY-23
"00720","S","Orocovis","D","Orocovis","PR","Puerto Rico",25-MAY-23
"00720","S","Urb Santa Teresita","N","Orocovis","PR","Puerto Rico",25-MAY-23
"00720","S","Villas De Orocovix I","N","Orocovis","PR","Puerto Rico",25-MAY-23
"00720","S","Villas De Orocovix II","N","Orocovis","PR","Puerto Rico",25-MAY-23
"00721","P","Palmer","D","Rio Grande","PR","Puerto Rico",25-MAY-23
"00721","P","Rio Grande","A","Rio Grande","PR","Puerto Rico",25-MAY-23
"00723","S","Jard de Mamey","N","Patillas","PR","Puerto Rico",25-MAY-23
"00723","S","Jard de Patillas","N","Patillas","PR","Puerto Rico",25-MAY-23
"00723","S","Parq del Sol","N","Patillas","PR","Puerto Rico",25-MAY-23
"00723","S","Patillas","D","Patillas","PR","Puerto Rico",25-MAY-23
"00723","S","Portales de Jacaboa","N","Patillas","PR","Puerto Rico",25-MAY-23
"00723","S","Urb El Paraiso","N","Patillas","PR","Puerto Rico",25-MAY-23
"00723","S","Urb Mariani","N","Patillas","PR","Puerto Rico",25-MAY-23
"00723","S","Urb San Benito","N","Patillas","PR","Puerto Rico",25-MAY-23
"00723","S","Urb San Jose","N","Patillas","PR","Puerto Rico",25-MAY-23
"00723","S","Urb San Martin","N","Patillas","PR","Puerto Rico",25-MAY-23
"00723","S","Urb Solimar","N","Patillas","PR","Puerto Rico",25-MAY-23
"00723","S","Valle Alto","N","Patillas","PR","Puerto Rico",25-MAY-23
"00723","S","Valle De La Providencia","N","Patillas","PR","Puerto Rico",25-MAY-23
"00723","S","Villas de Patillas","N","Patillas","PR","Puerto Rico",25-MAY-23
"00725","S","Alt De Caguas","N","Caguas","PR","Puerto Rico",25-MAY-23
"00725","S","Alt del Turabo","N","Caguas","PR","Puerto Rico",25-MAY-23
"00725","S","Bda Morales","N","Caguas","PR","Puerto Rico",25-MAY-23
"00725","S","Bosques De La Sierra","N","Caguas","PR","Puerto Rico",25-MAY-23
"00725","S","Brisas Del Parque I","N","Caguas","PR","Puerto Rico",25-MAY-23
"00725","S","Brisas del Parque II","N","Caguas","PR","Puerto Rico",25-MAY-23
"00725","S","Caguas","D","Caguas","PR","Puerto Rico",25-MAY-23
"00725","S","Est El Verde","N","Caguas","PR","Puerto Rico",25-MAY-23
"00725","S","Ext Caguax","N","Caguas","PR","Puerto Rico",25-MAY-23
"00725","S","Ext El Verde","N","Caguas","PR","Puerto Rico",25-MAY-23
"00725","S","Ext La Granja","N","Caguas","PR","Puerto Rico",25-MAY-23
"00725","S","Ext Villa Blanca","N","Caguas","PR","Puerto Rico",25-MAY-23
"00725","S","Hacienda Borinquen","N","Caguas","PR","Puerto Rico",25-MAY-23
"00725","S","Jard Pla","N","Caguas","PR","Puerto Rico",25-MAY-23
"00725","S","Lomas De La Serrania","N","Caguas","PR","Puerto Rico",25-MAY-23
"00725","S","Parq Las Mercedes","N","Caguas","PR","Puerto Rico",25-MAY-23
"00725","S","Paseo Del Rio","N","Caguas","PR","Puerto Rico",25-MAY-23
"00725","S","Qtas de San Luis 1","N","Caguas","PR","Puerto Rico",25-MAY-23
"00725","S","Qtas de San Luis 2","N","Caguas","PR","Puerto Rico",25-MAY-23
"00725","S","Qtas de Villa Blanca","N","Caguas","PR","Puerto Rico",25-MAY-23
"00725","S","Repto Caguax","N","Caguas","PR","Puerto Rico",25-MAY-23
"00725","S","Repto Solano","N","Caguas","PR","Puerto Rico",25-MAY-23
"00725","S","Res Bairoa","N","Caguas","PR","Puerto Rico",25-MAY-23
"00725","S","Terr De Borinquen","N","Caguas","PR","Puerto Rico",25-MAY-23
"00725","S","Urb Balcones Las Catalinas","N","Caguas","PR","Puerto Rico",25-MAY-23
"00725","S","Urb Batista","N","Caguas","PR","Puerto Rico",25-MAY-23
"00725","S","Urb Billy Suarez","N","Caguas","PR","Puerto Rico",25-MAY-23
"00725","S","Urb Bonneville Gardens","N","Caguas","PR","Puerto Rico",25-MAY-23
"00725","S","Urb Bonneville Gdns","N","Caguas","PR","Puerto Rico",25-MAY-23
"00725","S","Urb Bonneville Terr","N","Caguas","PR","Puerto Rico",25-MAY-23
"00725","S","Urb Borinquen Valley","N","Caguas","PR","Puerto Rico",25-MAY-23
"00725","S","Urb Borinquen Valley 2","N","Caguas","PR","Puerto Rico",25-MAY-23
"00725","S","Urb Brooklyn","N","Caguas","PR","Puerto Rico",25-MAY-23
"00725","S","Urb Bunker","N","Caguas","PR","Puerto Rico",25-MAY-23
"00725","S","Urb Caguas Milenio","N","Caguas","PR","Puerto Rico",25-MAY-23
"00725","S","Urb Caguas Milenio Ii","N","Caguas","PR","Puerto Rico",25-MAY-23
"00725","S","Urb Caguas Norte","N","Caguas","PR","Puerto Rico",25-MAY-23
"00725","S","Urb Caribe Gardens","N","Caguas","PR","Puerto Rico",25-MAY-23
"00725","S","Urb Caribe Gdns","N","Caguas","PR","Puerto Rico",25-MAY-23
"00725","S","Urb Condado Moderno","N","Caguas","PR","Puerto Rico",25-MAY-23
"00725","S","Urb Condado Viejo","N","Caguas","PR","Puerto Rico",25-MAY-23
"00725","S","Urb El Retiro","N","Caguas","PR","Puerto Rico",25-MAY-23
